NIK,NIK_valid,biometric_flag,age,gender,provider_id,diagnosis_code,procedure_code,num_diagnoses,num_procedures,length_of_stay,total_claim_amount,service_date,claim_date,verification_method,tarif_standar_diagnosis,diagnosis_cost_ratio
0285322132812752,1,1,27,F,RS005,J45.9,93.96,3,3,0,2006842,2024-01-13,2024-01-17,manual,2300000,0.87254
7251822732631399,1,0,3,M,RS006,H25.9,13.1,1,2,0,8562782,2024-01-11,2024-01-20,auto,7500000,1.1417042666666666
7541578413730750,0,1,70,F,RS005,R50.9,99.19,1,2,0,9024008,2024-01-10,2024-01-22,auto,1000000,9.024008
2693409025539426,1,1,44,F,RS004,R50.9,99.19,1,3,0,1874756,2024-01-23,2024-01-26,manual,1000000,1.874756
7233946956374854,1,1,50,F,RS009,I25.1,99.24,1,1,3,9918327,2024-01-15,2024-01-27,manual,5000000,1.9836654
9188980948286496,0,1,17,F,RS002,I25.1,36.15,1,4,4,2230173,2024-01-12,2024-01-30,auto,5000000,0.4460346
1948015858157296,1,1,60,M,RS006,Z00.0,93.99,3,2,0,2280621,2024-01-05,2024-01-31,auto,700000,3.25803
7196613456778908,1,1,18,F,RS003,Z03.8,93.91,3,3,0,6951180,2024-01-30,2024-02-05,manual,1200000,5.79265
5098979179636566,0,1,12,M,RS002,N39.0,57.94,2,4,0,8984575,2024-01-24,2024-02-12,auto,2200000,4.083897727272728
2288138832112223,1,0,72,M,RS010,K29.7,45.16,1,2,2,8484967,2024-01-09,2024-02-12,manual,1700000,4.9911570588235294
4412476244484100,1,1,4,F,RS006,N39.0,57.98,1,3,0,4579316,2024-01-11,2024-02-17,manual,2200000,2.0815072727272725
7052530558642372,1,0,9,F,RS005,Z34.0,73.0,1,3,2,6661461,2024-02-01,2024-02-19,manual,800000,8.32682625
2549436835722058,1,1,28,F,RS003,N39.0,57.94,1,3,0,3167687,2024-02-14,2024-02-19,manual,2200000,1.4398577272727273
4207896064408625,1,1,20,M,RS005,R50.9,99.19,2,2,2,4479099,2024-01-05,2024-02-19,auto,1000000,4.479099
9310857938702230,1,1,60,M,RS001,A09,45.23,1,4,4,7323632,2024-02-05,2024-02-19,auto,1300000,5.633563076923077
6462214513185217,1,1,14,M,RS002,H25.9,13.1,1,2,0,9622080,2024-02-17,2024-02-22,manual,7500000,1.282944
8154295045098397,1,1,34,F,RS007,Z34.0,73.0,1,1,2,7451896,2024-01-13,2024-02-22,manual,800000,9.31487
2291642173917775,0,1,75,F,RS002,I25.1,36.15,1,1,3,9884585,2024-01-31,2024-02-23,manual,5000000,1.976917
3385727074198254,1,1,13,M,RS005,E11,99.10,2,3,1,9411113,2024-02-19,2024-02-24,auto,2500000,3.7644452
6799403522212861,1,1,70,M,RS001,O80,72.0,1,3,4,7704773,2024-01-06,2024-02-26,manual,3500000,2.2013637142857143
6783988416654665,1,1,73,M,RS009,H25.9,13.4,3,2,0,3258710,2024-01-20,2024-02-27,auto,7500000,0.43449466666666664
6875639298000694,1,0,1,M,RS001,R50.9,99.19,2,3,2,995028,2024-01-18,2024-02-28,manual,1000000,0.995028
6525350322602392,1,1,28,M,RS007,R50.9,99.19,3,3,0,7552345,2024-01-23,2024-02-28,manual,1000000,7.552345
1505840257036345,1,1,34,F,RS002,K21.0,45.16,3,2,0,4653180,2024-01-01,2024-02-29,auto,1400000,3.3237
2131451356655480,1,1,60,M,RS004,O80,72.0,1,1,2,5664741,2024-02-23,2024-02-29,manual,3500000,1.6184974285714286
3705483788553762,1,1,8,F,RS007,R50.9,99.19,3,1,1,3924764,2024-02-13,2024-03-04,auto,1000000,3.924764
4773352549521454,0,1,52,M,RS009,Z34.0,73.0,1,1,2,9375441,2024-01-27,2024-03-04,auto,800000,11.71930125
0448266963509804,0,1,52,F,RS005,H25.9,13.4,2,1,0,9165067,2024-01-08,2024-03-04,auto,7500000,1.2220089333333333
1932837844152572,1,1,80,M,RS001,A09,45.23,2,1,0,6761354,2024-02-14,2024-03-05,auto,1300000,5.2010415384615385
2849295304957500,1,1,47,F,RS008,I25.1,36.15,1,1,3,2629871,2024-01-11,2024-03-05,auto,5000000,0.5259742
0853312808902937,1,0,21,F,RS005,E66.9,99.28,2,3,2,4953744,2024-02-26,2024-03-05,auto,1000000,4.953744
0858583419393429,1,0,31,M,RS006,A09,45.23,3,4,2,4991945,2024-02-21,2024-03-07,manual,1300000,3.839957692307692
9389866854122713,1,1,55,M,RS007,Z03.8,93.91,2,3,0,5661077,2024-02-29,2024-03-11,auto,1200000,4.717564166666667
0696230795231362,1,1,62,M,RS003,E11,99.10,2,2,2,7789495,2024-01-12,2024-03-14,manual,2500000,3.115798
2225364991885311,1,1,48,M,RS001,I25.1,36.15,2,4,3,3894175,2024-01-04,2024-03-14,manual,5000000,0.778835
5379318419097792,1,0,12,F,RS002,Z34.0,73.0,2,4,3,2863222,2024-02-09,2024-03-14,manual,800000,3.5790275
6958115592991254,1,0,44,F,RS007,A09,45.23,3,3,1,6662498,2024-02-10,2024-03-15,manual,1300000,5.124998461538461
2744218297522063,1,1,27,F,RS003,I25.1,36.15,1,4,1,1118283,2024-01-10,2024-03-18,auto,5000000,0.2236566
8088580042537141,1,1,14,M,RS009,E11,99.10,3,1,1,4792350,2024-01-09,2024-03-19,auto,2500000,1.91694
0955641672780563,1,1,44,F,RS001,I10,99.04,3,4,3,532654,2024-01-01,2024-03-19,auto,2000000,0.266327
7052530558642372,1,0,9,F,RS005,Z34.0,73.0,2,1,2,9485769,2024-01-23,2024-03-19,manual,800000,11.85721125
3729451114764061,1,0,12,F,RS001,H25.9,13.5,2,2,0,9951337,2024-01-03,2024-03-19,manual,7500000,1.3268449333333334
6431099747463069,1,1,21,M,RS004,I25.1,36.15,3,2,0,4421646,2024-02-01,2024-03-20,manual,5000000,0.8843292
2320546260898625,1,1,65,M,RS001,R10.4,87.09,3,4,0,3802829,2024-03-09,2024-03-21,manual,1200000,3.1690241666666665
8219600145167686,1,1,28,M,RS009,I10,99.04,1,3,2,4874128,2024-03-16,2024-03-22,auto,2000000,2.437064
5242892784396581,1,0,79,F,RS002,M54.5,93.39,2,2,0,2341081,2024-03-13,2024-03-22,manual,1800000,1.3006005555555555
1316035841729272,1,1,22,M,RS003,J18.9,96.04,1,4,1,779670,2024-01-30,2024-03-22,auto,4200000,0.1856357142857143
5841584031436177,0,1,62,M,RS002,I25.1,36.15,3,1,6,6135092,2024-01-09,2024-03-23,manual,5000000,1.2270184
0326719475238460,1,1,60,M,RS010,J18.9,93.94,2,4,0,2138161,2024-02-26,2024-03-23,manual,4200000,0.5090859523809523
7166026159058753,1,1,6,M,RS001,M54.5,93.39,1,1,0,3922076,2024-03-07,2024-03-23,auto,1800000,2.178931111111111
3311804666529293,1,0,41,F,RS010,Z34.0,73.0,3,3,3,469467,2024-01-01,2024-03-23,manual,800000,0.58683375
8603255609643840,1,1,14,M,RS002,K21.0,45.16,3,4,1,4686285,2024-02-24,2024-03-25,manual,1400000,3.3473464285714285
3677987654139401,1,1,89,F,RS009,O80,72.0,2,2,2,5634794,2024-03-16,2024-03-25,manual,3500000,1.6099411428571428
7210520182685066,1,1,73,M,RS009,K29.7,45.16,1,4,1,8210538,2024-01-22,2024-03-26,manual,1700000,4.829728235294118
0564307949727894,0,0,41,F,RS006,E66.9,99.28,1,3,3,6387123,2024-02-17,2024-03-26,manual,1000000,6.387123
6088403484245749,0,0,25,F,RS006,E66.9,99.28,2,4,1,2222551,2024-03-13,2024-03-26,manual,1000000,2.222551
6710404581844859,1,0,22,M,RS005,J45.9,93.96,3,2,3,2058057,2024-01-04,2024-03-26,auto,2300000,0.8948073913043478
5922076436130139,1,1,75,F,RS009,K29.7,45.16,3,2,1,9411292,2024-01-26,2024-03-27,auto,1700000,5.536054117647059
5578394002578195,1,1,86,F,RS008,A09,45.23,3,3,2,7672703,2024-02-26,2024-03-27,auto,1300000,5.902079230769231
8675668065807341,0,1,25,M,RS008,J00,93.9,3,1,1,5513246,2024-02-01,2024-03-29,auto,500000,11.026492
2827645188709924,1,1,11,F,RS008,J18.9,93.94,3,4,1,4372801,2024-02-19,2024-03-30,auto,4200000,1.0411430952380953
2469424367291430,1,1,66,M,RS005,Z34.0,73.0,1,2,2,9364664,2024-03-09,2024-04-01,auto,800000,11.70583
3671485102522417,1,1,76,F,RS008,R50.9,99.19,2,4,0,6295705,2024-02-14,2024-04-03,auto,1000000,6.295705
6534406524227827,0,1,20,M,RS006,Z34.0,73.0,1,3,4,9413347,2024-01-24,2024-04-04,auto,800000,11.76668375
2625317558403859,1,1,24,F,RS010,A09,45.23,2,2,1,6522707,2024-01-11,2024-04-05,auto,1300000,5.017466923076923
6848019516988740,0,1,1,M,RS008,O80,72.0,1,1,2,8870307,2024-01-05,2024-04-05,auto,3500000,2.5343734285714286
1393356349247128,1,1,66,F,RS005,M54.5,93.39,2,2,0,8522963,2024-03-11,2024-04-05,auto,1800000,4.734979444444445
6350804304016749,0,1,30,M,RS009,Z00.0,93.99,3,3,0,9264567,2024-02-01,2024-04-06,manual,700000,13.235095714285714
4657436164816575,1,1,82,M,RS010,R10.4,87.09,3,1,0,3882527,2024-02-28,2024-04-06,manual,1200000,3.2354391666666666
0759329526027876,1,1,47,F,RS001,Z34.0,73.0,1,3,3,6134496,2024-01-27,2024-04-08,auto,800000,7.66812
1756839619701697,1,1,33,F,RS005,I25.1,36.15,3,2,2,1931952,2024-02-28,2024-04-08,auto,5000000,0.3863904
1997123657850108,0,1,46,M,RS001,N39.0,57.94,1,3,0,874496,2024-01-13,2024-04-08,auto,2200000,0.3974981818181818
1768728326038367,1,1,20,F,RS010,E66.9,99.28,1,2,1,6774796,2024-02-09,2024-04-09,manual,1000000,6.774796
8078806926248836,1,1,78,F,RS006,E11,99.10,2,2,1,6284883,2024-02-19,2024-04-09,auto,2500000,2.5139532
7744547414875528,1,1,15,M,RS006,Z34.0,73.0,1,4,1,6016300,2024-03-22,2024-04-09,manual,800000,7.520375
9070692749547225,1,1,11,F,RS006,Z03.8,93.91,1,4,0,7430572,2024-01-01,2024-04-10,manual,1200000,6.192143333333333
8765410831707621,1,1,14,M,RS005,Z34.0,73.0,3,2,1,1234745,2024-01-03,2024-04-10,auto,800000,1.54343125
5798574019483136,0,1,72,M,RS008,E11,99.10,2,4,2,7472275,2024-01-25,2024-04-10,auto,2500000,2.98891
8420621456486243,1,1,43,M,RS009,J00,93.9,2,3,1,4661452,2024-04-02,2024-04-12,manual,500000,9.322904
4307467540743433,0,0,31,M,RS002,J45.9,93.96,1,4,1,3530591,2024-04-01,2024-04-12,auto,2300000,1.5350395652173914
3956183799163794,1,1,54,M,RS008,J00,93.9,3,3,1,1526447,2024-02-17,2024-04-13,manual,500000,3.052894
1505327285243202,0,0,15,F,RS004,I10,99.04,1,3,3,8955367,2024-03-25,2024-04-15,manual,2000000,4.4776835
9357517341908657,1,0,46,M,RS004,K21.0,45.16,1,4,0,2179675,2024-02-29,2024-04-15,auto,1400000,1.5569107142857144
1319383808572015,1,1,74,F,RS009,M54.5,93.39,2,4,0,8177658,2024-01-16,2024-04-16,auto,1800000,4.543143333333333
8283463129859529,1,1,48,M,RS003,K21.0,45.16,3,1,1,3575974,2024-03-11,2024-04-16,auto,1400000,2.554267142857143
3042648763683951,1,1,86,M,RS005,J00,93.9,3,2,1,9640487,2024-04-19,2024-04-21,auto,500000,19.280974
0453869805889248,1,1,35,F,RS008,K29.7,45.16,3,3,3,446796,2024-03-09,2024-04-17,auto,1700000,0.2628211764705882
5130185890995689,1,1,56,F,RS002,Z03.8,93.91,2,4,0,4410189,2024-04-03,2024-04-17,manual,1200000,3.6751575
1456379441744140,0,1,43,F,RS010,Z03.8,93.91,3,4,0,555440,2024-01-04,2024-04-18,auto,1200000,0.46286666666666665
3960286269178819,1,1,76,M,RS004,Z03.8,93.91,2,1,0,1599250,2024-03-28,2024-04-18,auto,1200000,1.3327083333333334
2913539596413669,1,0,61,M,RS002,I10,99.04,2,2,3,3157941,2024-01-13,2024-04-19,manual,2000000,1.5789705
3374573990747047,1,0,67,F,RS006,H25.9,13.4,2,2,0,892647,2024-02-01,2024-04-19,manual,7500000,0.1190196
5451421936532868,1,1,86,M,RS008,Z00.0,93.99,2,4,1,6988802,2024-01-29,2024-04-19,manual,700000,9.984002857142857
5519825488340102,1,1,46,F,RS007,E11,99.10,2,3,2,8315626,2024-02-06,2024-04-20,auto,2500000,3.3262504
2471692572190061,1,1,29,F,RS007,H25.9,13.4,2,2,0,3351418,2024-04-15,2024-04-22,manual,7500000,0.44685573333333334
0565829225677991,1,0,88,M,RS004,M54.5,93.39,3,3,2,499124,2024-03-25,2024-04-22,manual,1800000,0.2772911111111111
8706521065904296,1,1,57,M,RS008,M54.5,93.39,2,4,1,7855966,2024-03-11,2024-04-23,manual,1800000,4.364425555555555
0171165777125727,1,1,11,F,RS003,Z03.8,93.91,1,3,0,9722448,2024-01-16,2024-04-23,auto,1200000,8.10204
0174780121696796,1,0,30,F,RS005,Z03.8,93.91,2,3,1,1122879,2024-02-17,2024-04-23,auto,1200000,0.9357325
1053801873199946,1,1,35,F,RS001,Z34.0,73.0,2,1,2,5088638,2024-01-31,2024-04-23,auto,800000,6.3607975
5961489387224392,1,0,20,M,RS007,Z00.0,93.99,2,2,1,3571670,2024-01-26,2024-04-24,auto,700000,5.102385714285714
4864587582161966,1,1,62,F,RS006,E11,99.10,1,3,1,7904070,2024-03-21,2024-04-24,manual,2500000,3.161628
9571041144585043,1,0,83,M,RS001,A09,45.23,1,4,0,7916250,2024-02-17,2024-04-25,auto,1300000,6.089423076923077
6862512011531669,0,1,66,M,RS008,Z00.0,93.99,1,1,0,4306462,2024-04-18,2024-04-25,manual,700000,6.152088571428571
5488594253824256,0,1,64,F,RS006,O80,72.0,3,3,2,7160637,2024-02-14,2024-04-25,manual,3500000,2.0458962857142855
8831120919280719,0,1,72,F,RS004,R50.9,99.19,1,3,1,6791738,2024-02-06,2024-04-29,auto,1000000,6.791738
5704342100938651,1,0,69,F,RS001,R10.4,87.09,1,1,1,842240,2024-04-02,2024-04-30,auto,1200000,0.7018666666666666
4403011660353733,1,1,63,F,RS006,J18.9,96.04,2,3,1,4497222,2024-04-01,2024-04-30,auto,4200000,1.0707671428571428
1284714726951048,1,1,22,M,RS002,A09,45.23,2,3,0,9562036,2024-01-29,2024-04-30,auto,1300000,7.3554123076923075
8092679456933417,1,1,57,M,RS004,K21.0,45.16,5,1,0,8830657,2024-01-09,2024-05-01,manual,1400000,6.307612142857143
1804694688765683,1,1,48,M,RS005,Z00.0,93.99,2,3,0,6545315,2024-01-19,2024-05-01,manual,700000,9.35045
6823981214154266,1,0,41,M,RS008,M54.5,93.39,2,3,1,4454216,2024-03-20,2024-05-01,manual,1800000,2.4745644444444443
5621396989972660,0,1,90,F,RS005,J00,93.9,3,4,1,8493125,2024-01-23,2024-05-02,manual,500000,16.98625
9240270630048667,1,0,39,M,RS001,Z00.0,93.99,2,4,0,2212157,2024-02-16,2024-05-02,auto,700000,3.160224285714286
3861297914008947,0,1,76,F,RS004,J18.9,96.04,1,1,0,5411110,2024-02-07,2024-05-03,auto,4200000,1.2883595238095238
9879803914199190,1,1,54,M,RS007,Z34.0,73.0,1,3,2,3498180,2024-03-13,2024-05-03,manual,800000,4.372725
0830934471641562,1,1,70,F,RS003,O80,72.0,1,4,1,6656044,2024-03-13,2024-05-03,auto,3500000,1.9017268571428572
7964973566431670,0,1,34,M,RS002,O80,72.0,2,2,2,4237247,2024-03-08,2024-05-04,auto,3500000,1.210642
1835329830185950,1,1,54,F,RS002,I10,99.04,2,4,2,3257935,2024-03-08,2024-05-06,manual,2000000,1.6289675
6298405903376682,1,1,80,M,RS007,N39.0,57.94,2,2,0,6153781,2024-02-27,2024-05-06,auto,2200000,2.7971731818181818
5057408363979261,1,1,14,F,RS010,E11,99.10,1,1,0,9936347,2024-03-18,2024-05-06,manual,2500000,3.9745388
0470465187969650,1,1,81,F,RS010,J00,93.9,1,4,4,4646587,2024-02-21,2024-05-07,auto,500000,9.293174
7960552506623511,1,1,77,F,RS009,Z00.0,93.99,3,3,0,541577,2024-03-25,2024-05-07,manual,700000,0.7736814285714285
4412476244484100,1,1,4,F,RS006,J45.9,93.96,1,3,0,7617274,2024-01-05,2024-05-09,auto,2300000,3.311858260869565
1804694688765683,1,1,48,M,RS005,R10.4,45.23,2,2,0,7261716,2024-01-06,2024-05-09,auto,1200000,6.05143
6972176147787868,0,0,4,F,RS008,O80,72.0,3,4,2,7069240,2024-01-18,2024-05-10,manual,3500000,2.0197828571428573
7564809414736917,1,0,71,F,RS006,Z03.8,93.91,3,1,0,2698045,2024-03-01,2024-05-10,manual,1200000,2.2483708333333334
9563785405540290,1,1,23,F,RS006,M54.5,93.39,3,1,0,1443284,2024-04-02,2024-05-11,manual,1800000,0.8018244444444445
8874434686937598,1,1,61,F,RS004,E11,99.10,3,4,1,8224866,2024-04-16,2024-05-11,auto,2500000,3.2899464
7991896135964677,1,0,23,M,RS009,J18.9,93.94,3,2,1,9204883,2024-03-16,2024-05-13,auto,4200000,2.1916388095238095
7356070297812652,1,1,71,M,RS008,J18.9,93.94,2,3,1,4099868,2024-02-28,2024-05-15,manual,4200000,0.9761590476190476
3773502174197737,0,0,60,M,RS010,Z34.0,73.0,2,3,3,984109,2024-01-29,2024-05-15,auto,800000,1.23013625
5731760137436461,1,1,80,M,RS008,Z03.8,93.91,3,3,0,2098306,2024-01-01,2024-05-15,manual,1200000,1.7485883333333334
5888079935141854,1,1,6,M,RS001,K29.7,45.16,1,3,2,8890972,2024-03-01,2024-05-15,auto,1700000,5.229983529411765
0808443078577059,0,1,69,M,RS006,N39.0,57.94,1,4,0,2776994,2024-02-16,2024-05-16,manual,2200000,1.26227
7529783699025813,1,1,71,F,RS002,A09,45.23,2,4,1,8928269,2024-01-29,2024-05-16,auto,1300000,6.867899230769231
2937631950379424,1,1,2,M,RS005,K29.7,45.16,2,2,0,5243836,2024-02-06,2024-05-18,auto,1700000,3.084609411764706
4669365054300076,1,1,35,F,RS008,O80,72.0,2,1,4,3999595,2024-03-21,2024-05-18,auto,3500000,1.1427414285714286
1994861188031554,1,0,36,F,RS009,Z00.0,93.99,2,3,0,9347548,2024-02-22,2024-05-18,manual,700000,13.35364
9494696438329031,0,1,76,F,RS010,O80,72.0,3,4,2,6947528,2024-01-18,2024-05-18,auto,3500000,1.985008
3999832223991157,0,1,43,F,RS007,Z34.0,73.0,3,4,3,4415950,2024-04-03,2024-05-18,auto,800000,5.5199375
6184082623055333,0,1,42,M,RS006,O80,72.0,3,2,1,6370988,2024-02-16,2024-05-21,auto,3500000,1.8202822857142857
2653051756039798,0,0,41,M,RS007,E11,99.10,1,3,4,9945245,2024-02-27,2024-05-22,manual,2500000,3.978098
3279707258493046,1,1,60,M,RS004,A09,45.23,1,1,1,7072239,2024-03-05,2024-05-22,manual,1300000,5.440183846153846
3931689555239606,1,0,2,M,RS009,J18.9,96.04,3,2,1,8468852,2024-05-14,2024-05-22,auto,4200000,2.0163933333333333
4973829775419812,0,1,25,M,RS005,N39.0,57.98,2,2,2,6674695,2024-01-08,2024-05-22,manual,2200000,3.0339522727272725
1949812474308416,1,1,76,M,RS003,E11,99.10,1,2,2,1742752,2024-02-14,2024-05-23,auto,2500000,0.6971008
0598028765836173,1,1,65,F,RS009,R10.4,87.09,2,3,0,6470174,2024-05-17,2024-05-23,manual,1200000,5.3918116666666664
9519704057471303,1,0,80,M,RS010,K29.7,45.16,3,1,1,5073317,2024-05-11,2024-05-23,manual,1700000,2.9843041176470586
4948997898514829,1,1,16,F,RS006,E66.9,99.28,3,1,1,8388967,2024-02-17,2024-05-23,auto,1000000,8.388967
2452498976287226,1,1,78,F,RS007,O80,72.0,2,2,2,8370423,2024-03-12,2024-05-24,auto,3500000,2.3915494285714285
1804694688765683,1,1,48,M,RS005,Z00.0,93.99,2,1,0,4121994,2024-04-13,2024-05-25,auto,700000,5.888562857142857
6476747739829272,1,1,20,F,RS004,N39.0,57.98,2,3,3,5061438,2024-04-24,2024-05-25,manual,2200000,2.3006536363636365
2959587947260739,1,1,79,M,RS009,E66.9,99.28,1,4,1,3400501,2024-01-15,2024-05-27,manual,1000000,3.400501
6169692712016177,1,0,25,F,RS003,Z00.0,93.99,2,3,0,8377376,2024-04-27,2024-05-27,manual,700000,11.96768
9575395982033969,0,1,56,F,RS005,E66.9,99.28,1,4,1,1803332,2024-05-13,2024-05-27,auto,1000000,1.803332
2272881307634224,0,1,1,F,RS008,O80,72.0,2,3,3,7802019,2024-01-20,2024-05-27,manual,3500000,2.229148285714286
4669365054300076,1,1,35,F,RS008,Z34.0,73.0,3,1,2,6190820,2024-02-14,2024-05-27,auto,800000,7.738525
9730029854044707,1,1,68,M,RS006,I25.1,99.24,3,3,2,1505711,2024-03-01,2024-05-28,manual,5000000,0.3011422
6268317836288887,1,1,30,F,RS010,R10.4,45.23,1,4,2,498695,2024-03-15,2024-05-28,auto,1200000,0.41557916666666667
7398493674328705,1,1,50,M,RS005,Z03.8,93.91,1,3,0,8349404,2024-05-07,2024-05-29,auto,1200000,6.957836666666666
2056428785555514,0,1,31,F,RS007,E11,99.10,3,3,2,5674153,2024-05-01,2024-05-30,manual,2500000,2.2696612
7122359134634512,1,1,8,F,RS009,Z03.8,93.91,1,4,0,2525155,2024-05-09,2024-05-30,manual,1200000,2.1042958333333335
5500057006681866,1,1,84,F,RS001,Z34.0,73.0,1,2,3,1335977,2024-02-29,2024-05-30,manual,800000,1.66997125
6647485949473660,1,1,63,F,RS006,K21.0,45.16,2,2,2,3879308,2024-02-29,2024-05-30,auto,1400000,2.7709342857142856
6268317836288887,1,1,30,F,RS010,R10.4,45.23,2,3,1,9574822,2024-04-19,2024-05-30,manual,1200000,7.979018333333333
7291643879257421,0,1,45,M,RS010,A09,45.23,2,2,3,9165600,2024-04-09,2024-05-30,manual,1300000,7.050461538461539
6227300849406605,0,1,52,F,RS002,R10.4,87.09,3,1,0,3753378,2024-04-11,2024-05-30,manual,1200000,3.127815
4124204508930280,1,1,65,M,RS001,Z03.8,93.91,3,1,0,6329280,2024-03-02,2024-05-31,auto,1200000,5.2744
0777186281397697,1,1,33,M,RS001,A09,45.23,2,1,0,3953448,2024-03-02,2024-05-31,manual,1300000,3.0411138461538463
9035988094969622,1,1,89,F,RS005,A09,45.23,2,4,1,6673675,2024-05-24,2024-06-01,manual,1300000,5.133596153846153
8078806926248836,1,1,78,F,RS006,E11,99.10,1,4,2,2054532,2024-01-09,2024-06-01,auto,2500000,0.8218128
9934677224493339,1,0,73,F,RS007,J00,93.9,1,2,0,8114300,2024-01-27,2024-06-01,auto,500000,16.2286
9552685389578814,1,0,74,F,RS007,A09,45.23,1,3,1,6371987,2024-04-23,2024-06-01,auto,1300000,4.901528461538462
8202104832042024,1,1,4,M,RS003,J00,93.9,1,2,0,6046228,2024-04-18,2024-06-01,auto,500000,12.092456
1338292400331134,1,1,77,F,RS009,Z34.0,73.0,2,4,2,1051171,2024-03-30,2024-06-01,manual,800000,1.31396375
9125910376308540,1,1,64,F,RS005,A09,45.23,2,3,2,919953,2024-04-26,2024-06-01,auto,1300000,0.7076561538461539
0277125240087062,1,1,80,M,RS004,E11,99.10,3,4,2,6831953,2024-05-03,2024-06-01,manual,2500000,2.7327812
2058288071391914,1,1,40,M,RS007,R50.9,99.19,2,1,0,5188780,2024-03-28,2024-06-03,auto,1000000,5.18878
7068130882293285,0,1,83,F,RS007,K29.7,45.16,2,3,1,5604906,2024-03-13,2024-06-03,manual,1700000,3.2970035294117648
7804569773289670,1,0,65,F,RS008,O80,72.0,2,2,3,4984850,2024-03-28,2024-06-03,auto,3500000,1.4242428571428571
6967751291864984,1,1,6,M,RS002,E66.9,99.28,2,4,2,8307091,2024-04-09,2024-06-03,manual,1000000,8.307091
4403284524118245,0,0,59,M,RS010,I25.1,36.15,3,3,1,2492958,2024-01-20,2024-06-04,manual,5000000,0.4985916
0598028765836173,1,1,65,F,RS009,J18.9,96.04,1,4,0,8548486,2024-05-10,2024-06-04,auto,4200000,2.0353538095238095
3569671562354353,1,1,4,F,RS008,J45.9,93.96,1,2,0,714593,2024-04-16,2024-06-04,manual,2300000,0.3106926086956522
6534406524227827,0,1,20,M,RS006,O80,72.0,3,2,2,5329158,2024-02-10,2024-06-04,manual,3500000,1.5226165714285713
7333761625268544,1,1,85,F,RS007,N39.0,57.98,1,4,1,7354422,2024-03-06,2024-06-06,manual,2200000,3.342919090909091
1262264311427630,1,1,70,M,RS001,J18.9,96.04,3,1,0,6416042,2024-03-22,2024-06-08,auto,4200000,1.5276290476190477
0127586005610037,0,0,16,M,RS003,Z34.0,73.0,3,4,3,2982992,2024-05-31,2024-06-08,manual,800000,3.72874
5506099146869880,1,1,18,F,RS004,Z03.8,93.91,2,2,0,1665273,2024-05-18,2024-06-08,manual,1200000,1.3877275
8231782736277653,1,1,5,M,RS007,N39.0,57.94,3,1,3,6274816,2024-02-13,2024-06-11,auto,2200000,2.852189090909091
0820915394333076,1,1,13,M,RS005,I10,99.04,3,2,2,6596898,2024-05-01,2024-06-11,auto,2000000,3.298449
2141287560026288,1,1,59,F,RS004,R10.4,87.09,2,4,0,5563672,2024-02-19,2024-06-11,manual,1200000,4.636393333333333
3265097665690756,1,0,41,F,RS007,E11,99.10,2,1,1,9275497,2024-04-09,2024-06-11,auto,2500000,3.7101988
4106861308068869,1,0,26,F,RS005,E11,99.10,1,3,1,4353136,2024-04-12,2024-06-11,manual,2500000,1.7412544
6834967941500665,1,0,18,M,RS003,A09,45.23,1,4,0,3047487,2024-04-25,2024-06-12,auto,1300000,2.3442207692307693
8661714777806222,1,1,69,F,RS005,Z34.0,73.0,2,2,2,4907532,2024-05-03,2024-06-12,auto,800000,6.134415
6151670937396524,1,1,77,M,RS004,Z00.0,93.99,1,3,0,6301017,2024-06-07,2024-06-12,auto,700000,9.001452857142857
0073075960064860,1,0,46,F,RS005,R50.9,99.19,3,2,0,4383974,2024-01-05,2024-06-12,auto,1000000,4.383974
7283761099537279,1,1,33,M,RS001,E66.9,99.28,2,4,2,407523,2024-01-15,2024-06-12,auto,1000000,0.407523
5944932902790404,0,1,2,M,RS006,J18.9,96.04,1,4,0,3154026,2024-01-06,2024-06-12,manual,4200000,0.7509585714285715
9499830523423665,1,1,59,M,RS004,K21.0,45.16,3,4,3,1515740,2024-03-12,2024-06-13,manual,1400000,1.0826714285714285
3705483788553762,1,1,8,F,RS007,R50.9,99.19,3,3,0,7135005,2024-03-25,2024-06-13,auto,1000000,7.135005
9221730252048830,1,1,15,F,RS006,K21.0,45.16,3,1,0,7337901,2024-05-02,2024-06-13,auto,1400000,5.241357857142857
9311239288418364,1,1,42,M,RS006,Z34.0,73.0,3,4,2,6225390,2024-02-20,2024-06-14,auto,800000,7.7817375
7960552506623511,1,1,77,F,RS009,Z00.0,93.99,2,3,0,3193254,2024-03-28,2024-06-14,auto,700000,4.5617914285714285
9177255086043773,1,1,33,F,RS009,J00,93.9,2,4,0,6359224,2024-02-24,2024-06-14,auto,500000,12.718448
2229598609262457,0,1,84,M,RS003,R10.4,45.23,3,2,0,1526320,2024-06-08,2024-06-14,manual,1200000,1.2719333333333334
7011948972527272,1,1,72,M,RS003,J18.9,93.94,1,2,0,9863316,2024-06-11,2024-06-14,manual,4200000,2.3484085714285716
6092388103827119,1,1,88,F,RS002,H25.9,13.4,3,2,0,7399140,2024-04-23,2024-06-15,auto,7500000,0.986552
8718965530463553,1,0,24,F,RS005,K29.7,45.16,1,2,1,5646525,2024-01-20,2024-06-15,manual,1700000,3.321485294117647
7824943251185450,1,1,41,M,RS004,Z00.0,93.99,2,4,0,8772134,2024-02-12,2024-06-15,manual,700000,12.53162
8279168672847257,0,1,5,M,RS009,R10.4,45.23,3,4,0,4157970,2024-02-10,2024-06-15,auto,1200000,3.464975
6022652431743594,1,1,81,M,RS005,H25.9,13.4,3,2,0,7170015,2024-05-24,2024-06-17,auto,7500000,0.956002
1033940533737177,1,1,47,M,RS010,E11,99.10,3,2,0,7105824,2024-06-13,2024-06-17,manual,2500000,2.8423296
8244743543069125,1,1,48,F,RS002,I10,99.04,1,3,2,7007790,2024-06-11,2024-06-17,manual,2000000,3.503895
7006475652516925,1,1,27,F,RS010,K21.0,45.16,2,1,0,5387399,2024-01-02,2024-06-17,auto,1400000,3.8481421428571427
3671485102522417,1,1,76,F,RS008,R10.4,87.09,1,1,0,4245446,2024-01-15,2024-06-17,manual,1200000,3.5378716666666667
9601782874278555,1,1,87,M,RS009,J18.9,96.04,2,3,1,7452643,2024-03-05,2024-06-17,auto,4200000,1.7744388095238095
9574164019195810,0,1,89,F,RS004,K29.7,45.16,3,2,1,1349902,2024-06-10,2024-06-18,auto,1700000,0.79406
2095170039431707,0,1,71,M,RS001,K29.7,45.16,3,1,0,1833598,2024-04-27,2024-06-18,auto,1700000,1.0785870588235293
9199474680587550,1,1,42,F,RS002,J18.9,96.04,1,2,1,2640022,2024-02-28,2024-06-18,manual,4200000,0.6285766666666667
6555118089289008,0,1,30,M,RS005,I25.1,36.15,2,4,1,5030404,2024-01-13,2024-06-20,manual,5000000,1.0060808
1277710361889920,1,0,53,M,RS007,Z03.8,93.91,1,2,0,4945844,2024-02-06,2024-06-20,auto,1200000,4.121536666666667
0869872944635375,1,1,73,F,RS006,I10,99.04,1,3,6,9051119,2024-05-06,2024-06-20,auto,2000000,4.5255595
1932837844152572,1,1,80,M,RS001,A09,45.23,3,2,0,6953475,2024-01-25,2024-06-20,manual,1300000,5.348826923076923
6012933554839561,1,0,88,F,RS010,I10,99.04,1,1,2,4356427,2024-02-05,2024-06-20,manual,2000000,2.1782135
1277710361889920,1,0,53,M,RS007,Z03.8,93.91,1,1,0,2292059,2024-02-19,2024-06-20,auto,1200000,1.9100491666666666
9311239288418364,1,1,42,M,RS006,O80,72.0,3,2,3,5318659,2024-05-17,2024-06-20,auto,3500000,1.5196168571428572
6482197167666239,1,1,34,M,RS003,J18.9,96.04,1,1,0,4885994,2024-01-24,2024-06-20,manual,4200000,1.1633319047619048
0284110343520637,1,1,83,F,RS009,Z00.0,93.99,3,3,0,6764106,2024-01-12,2024-06-20,manual,700000,9.663008571428572
9700087099945195,1,0,12,M,RS001,J00,93.9,1,1,0,4382472,2024-06-05,2024-06-20,manual,500000,8.764944
0397132073198070,1,1,6,M,RS009,E11,99.10,1,1,0,8990843,2024-03-02,2024-06-21,auto,2500000,3.5963372
0026950361518025,1,0,74,M,RS008,Z03.8,93.91,2,4,0,7970962,2024-05-16,2024-06-21,auto,1200000,6.642468333333333
7032311513807658,0,1,55,M,RS004,J00,93.9,1,1,0,6440774,2024-02-28,2024-06-21,manual,500000,12.881548
0140430681574890,1,1,44,M,RS006,O80,72.0,3,1,2,4289322,2024-04-18,2024-06-21,manual,3500000,1.2255205714285715
7052178650490800,1,1,17,F,RS003,J18.9,96.04,2,3,0,1383283,2024-04-06,2024-06-22,manual,4200000,0.32935309523809525
0624647003540733,1,0,69,F,RS002,E66.9,99.28,1,2,1,2621629,2024-04-30,2024-06-22,manual,1000000,2.621629
7543249735035842,1,0,52,F,RS008,J45.9,93.96,1,2,0,556988,2024-03-06,2024-06-24,manual,2300000,0.24216869565217392
7182473329903077,1,1,18,M,RS002,N39.0,57.94,2,1,0,1576775,2024-02-02,2024-06-24,auto,2200000,0.7167159090909091
1815559531523603,1,1,57,F,RS006,E66.9,99.28,2,2,2,6263396,2024-02-02,2024-06-24,auto,1000000,6.263396
7690027297350589,1,1,62,F,RS009,E11,99.10,2,2,4,5815307,2024-01-02,2024-06-24,manual,2500000,2.3261228
7592529427228462,0,0,22,M,RS004,I25.1,36.15,3,3,3,9644712,2024-01-16,2024-06-24,manual,5000000,1.9289424
9240270630048667,1,0,39,M,RS001,R50.9,99.19,2,3,0,7260013,2024-05-07,2024-06-25,auto,1000000,7.260013
5343769046245881,1,1,80,F,RS001,J18.9,96.04,3,1,1,4287279,2024-05-18,2024-06-26,auto,4200000,1.0207807142857144
6197252577583510,1,1,74,F,RS001,I25.1,99.24,3,1,2,5859675,2024-04-18,2024-06-26,manual,5000000,1.171935
2727632677892605,1,1,84,F,RS006,I10,99.04,1,3,3,1109700,2024-04-30,2024-06-27,manual,2000000,0.55485
9355936997744368,1,1,36,F,RS005,Z34.0,73.0,2,4,1,1253868,2024-06-03,2024-06-27,manual,800000,1.567335
4894790397487634,1,1,5,F,RS003,Z34.0,73.0,1,1,1,1970226,2024-06-18,2024-06-28,auto,800000,2.4627825
8420807372907986,0,1,37,F,RS009,H25.9,13.4,3,2,0,2586483,2024-06-21,2024-06-28,auto,7500000,0.3448644
0858583419393429,1,0,31,M,RS006,A09,45.23,3,4,3,991749,2024-03-23,2024-06-29,auto,1300000,0.7628838461538462
8018675692363227,0,1,37,M,RS001,N39.0,57.98,1,1,2,6747312,2024-05-17,2024-06-29,manual,2200000,3.06696
3381380723898842,1,0,25,M,RS006,E11,99.10,2,1,4,3710589,2024-01-11,2024-06-29,manual,2500000,1.4842356
4780248338263618,1,1,1,F,RS009,J00,93.9,2,2,0,9575705,2024-03-29,2024-06-29,auto,500000,19.15141
5057408363979261,1,1,14,F,RS010,E11,99.10,1,1,0,1499635,2024-01-15,2024-07-01,auto,2500000,0.599854
1798148529728394,1,1,61,F,RS006,K29.7,45.16,3,3,0,4223589,2024-03-02,2024-07-01,auto,1700000,2.4844641176470588
7221577534889569,1,1,19,M,RS003,H25.9,13.1,2,3,0,9036610,2024-01-02,2024-07-01,auto,7500000,1.2048813333333332
9321573699244178,1,1,3,M,RS002,Z34.0,73.0,3,4,2,9460035,2024-02-20,2024-07-01,manual,800000,11.82504375
3036575324379062,0,1,26,M,RS007,Z03.8,93.91,1,2,0,964144,2024-05-18,2024-07-02,manual,1200000,0.8034533333333334
1284714726951048,1,1,22,M,RS002,A09,45.23,1,3,1,7453527,2024-05-24,2024-07-02,auto,1300000,5.733482307692308
5652778936888672,1,0,79,M,RS004,Z34.0,73.0,3,2,2,5876409,2024-02-08,2024-07-02,auto,800000,7.34551125
1920995916802177,1,1,21,M,RS007,Z03.8,93.91,1,2,0,611926,2024-02-08,2024-07-02,auto,1200000,0.5099383333333334
2066691137652819,1,1,16,M,RS003,K29.7,45.16,1,4,2,4242670,2024-05-23,2024-07-02,auto,1700000,2.4956882352941174
8350970383751336,1,1,89,F,RS008,I25.1,36.15,1,2,3,9697880,2024-05-22,2024-07-02,manual,5000000,1.939576
8084434077737782,1,1,26,M,RS004,H25.9,13.5,3,3,0,1978406,2024-04-20,2024-07-03,auto,7500000,0.2637874666666667
5877249790353847,1,1,35,F,RS007,A09,45.23,1,3,0,1944136,2024-02-13,2024-07-03,manual,1300000,1.4954892307692307
8890458572613811,0,1,44,F,RS001,J00,93.9,3,4,1,8371418,2024-05-21,2024-07-04,manual,500000,16.742836
1520714846199201,0,1,77,F,RS007,J00,93.9,2,3,3,2109284,2024-02-06,2024-07-04,auto,500000,4.218568
4657195907441934,0,1,90,F,RS008,N39.0,57.98,1,2,2,6974343,2024-02-03,2024-07-04,auto,2200000,3.170155909090909
2381821715702997,1,1,23,F,RS003,K21.0,45.16,2,4,2,9050332,2024-02-09,2024-07-04,auto,1400000,6.464522857142857
6215083829932378,0,1,1,F,RS003,R10.4,87.09,3,4,0,8172399,2024-02-28,2024-07-04,manual,1200000,6.8103325
0511909183562140,1,1,73,M,RS010,R10.4,45.23,2,1,0,6115843,2024-02-17,2024-07-05,auto,1200000,5.096535833333333
7550732462033842,1,1,30,M,RS006,N39.0,57.98,1,1,0,9843810,2024-01-11,2024-07-05,manual,2200000,4.474459090909091
1033940533737177,1,1,47,M,RS010,R50.9,99.19,3,2,0,4686588,2024-01-22,2024-07-05,manual,1000000,4.686588
2876152208513884,1,1,24,F,RS003,I10,99.04,2,4,3,6248562,2024-02-21,2024-07-05,manual,2000000,3.124281
8519553497021572,1,1,72,M,RS002,A09,45.23,2,3,0,5840847,2024-06-07,2024-07-06,manual,1300000,4.492959230769231
4464407472945663,1,1,5,F,RS009,N39.0,57.98,3,2,1,8912874,2024-05-21,2024-07-06,manual,2200000,4.051306363636364
9993489999620770,1,0,60,M,RS002,K21.0,45.16,1,3,0,6007506,2024-03-05,2024-07-06,manual,1400000,4.291075714285714
6294636969505306,1,1,47,F,RS007,A09,45.23,1,4,0,1818366,2024-06-06,2024-07-06,manual,1300000,1.3987430769230769
8639034750764760,1,0,11,F,RS005,J00,93.9,3,1,3,2587417,2024-07-03,2024-07-06,manual,500000,5.174834
3975242147979573,1,1,74,M,RS005,E66.9,99.28,3,4,1,3201002,2024-04-09,2024-07-08,manual,1000000,3.201002
7445330151229645,1,1,56,M,RS009,R50.9,99.19,2,4,0,9681650,2024-04-15,2024-07-08,auto,1000000,9.68165
2849295304957500,1,1,47,F,RS008,A09,45.23,3,2,1,3811844,2024-05-21,2024-07-08,auto,1300000,2.9321876923076924
0777186281397697,1,1,33,M,RS001,A09,45.23,3,2,1,6820689,2024-07-02,2024-07-08,manual,1300000,5.2466838461538465
5826704353014090,1,1,84,M,RS004,N39.0,57.94,3,1,2,7345451,2024-05-18,2024-07-08,auto,2200000,3.3388413636363636
6675448419592919,0,1,87,F,RS008,Z00.0,93.99,2,2,0,5402492,2024-02-19,2024-07-09,auto,700000,7.717845714285715
4333693941290091,1,0,52,M,RS006,I25.1,99.24,2,2,4,9449912,2024-06-11,2024-07-09,auto,5000000,1.8899824
0731313064084018,1,1,45,F,RS005,K29.7,45.16,2,2,0,5160748,2024-04-18,2024-07-09,manual,1700000,3.035734117647059
2373856542486538,0,1,57,M,RS009,J00,93.9,1,1,3,7774006,2024-01-06,2024-07-09,manual,500000,15.548012
0837377191805336,1,1,83,M,RS009,Z03.8,93.91,2,1,0,6338420,2024-05-13,2024-07-09,auto,1200000,5.282016666666666
5634064561607386,0,1,21,M,RS001,K21.0,45.16,2,4,4,7610875,2024-04-15,2024-07-09,manual,1400000,5.436339285714285
8274173017715274,1,1,71,M,RS007,Z00.0,93.99,1,2,0,5915452,2024-04-11,2024-07-09,auto,700000,8.450645714285715
4613627972702577,0,1,65,F,RS003,J00,93.9,1,2,0,9782096,2024-06-04,2024-07-10,auto,500000,19.564192
2988416978253776,1,0,66,M,RS007,N39.0,57.98,2,3,0,4054756,2024-04-09,2024-07-10,manual,2200000,1.843070909090909
5429646830831602,0,1,75,F,RS009,O80,72.0,3,3,3,8449096,2024-03-09,2024-07-10,manual,3500000,2.4140274285714285
8858142305852110,1,1,52,M,RS005,R10.4,45.23,2,4,0,9369027,2024-05-14,2024-07-10,manual,1200000,7.8075225
7886983865318938,1,1,70,M,RS008,J18.9,93.94,2,2,0,9451674,2024-05-29,2024-07-10,manual,4200000,2.2503985714285712
2693409025539426,1,1,44,F,RS004,R10.4,45.23,2,1,0,2042542,2024-01-08,2024-07-10,manual,1200000,1.7021183333333334
5780077446410753,1,1,67,M,RS002,J18.9,93.94,3,3,0,1882989,2024-01-17,2024-07-10,manual,4200000,0.4483307142857143
0738732715696048,1,1,25,M,RS005,N39.0,57.98,3,4,0,8672163,2024-06-13,2024-07-11,auto,2200000,3.941892272727273
2691967737658266,0,1,12,M,RS002,O80,72.0,3,1,1,3111538,2024-06-14,2024-07-11,auto,3500000,0.8890108571428571
7207549938730121,0,1,55,M,RS009,K29.7,45.16,1,4,4,1333030,2024-06-01,2024-07-11,auto,1700000,0.784135294117647
3527551743552484,1,1,81,F,RS008,Z03.8,93.91,3,4,0,6690266,2024-05-17,2024-07-11,auto,1200000,5.575221666666667
1272299353224635,1,1,62,F,RS009,A09,45.23,1,3,3,8575559,2024-01-09,2024-07-11,auto,1300000,6.596583846153846
0700240324666181,1,1,71,F,RS009,A09,45.23,1,4,2,1778811,2024-02-15,2024-07-12,manual,1300000,1.368316153846154
8673881653325308,0,1,25,F,RS008,J00,93.9,3,2,0,3381680,2024-06-22,2024-07-12,auto,500000,6.76336
3840187582612808,1,0,16,F,RS007,K29.7,45.16,2,1,1,1546651,2024-03-16,2024-07-12,manual,1700000,0.9097947058823529
0469014998071474,1,1,29,F,RS008,I25.1,36.15,2,1,2,8835701,2024-05-07,2024-07-12,auto,5000000,1.7671402
4740569431901294,1,1,17,F,RS003,N39.0,57.98,1,2,2,7991819,2024-06-18,2024-07-12,auto,2200000,3.632645
7984732877511492,0,1,69,F,RS010,Z03.8,93.91,2,3,0,7686630,2024-02-14,2024-07-12,manual,1200000,6.405525
5712990863481630,1,1,44,M,RS003,Z03.8,93.91,2,4,0,6072401,2024-02-15,2024-07-12,manual,1200000,5.060334166666666
1768503421839011,1,1,86,F,RS007,A09,45.23,1,2,0,2664978,2024-03-30,2024-07-12,manual,1300000,2.049983076923077
6184082623055333,0,1,42,M,RS006,O80,72.0,1,3,2,9296701,2024-05-11,2024-07-13,manual,3500000,2.6562002857142857
9781273842889154,1,1,77,M,RS009,Z34.0,73.0,2,3,2,8483556,2024-05-21,2024-07-13,auto,800000,10.604445
1472575203573525,1,1,9,M,RS009,J45.9,93.96,1,3,0,4647840,2024-02-13,2024-07-13,manual,2300000,2.0208
9348377310065652,1,1,4,F,RS010,Z34.0,73.0,1,1,4,2978281,2024-02-27,2024-07-13,auto,800000,3.72285125
9679841648167002,1,1,59,M,RS007,Z00.0,93.99,3,2,0,7159897,2024-05-23,2024-07-15,auto,700000,10.228424285714286
3893037865770408,1,1,8,F,RS007,Z00.0,93.99,2,3,0,5644233,2024-06-18,2024-07-15,manual,700000,8.06319
9978096339206956,1,1,58,M,RS008,I25.1,99.24,3,4,3,8442035,2024-03-20,2024-07-16,auto,5000000,1.688407
1063028849030234,1,1,89,F,RS001,Z00.0,93.99,2,3,0,1380651,2024-05-24,2024-07-16,manual,700000,1.9723585714285714
7034328662713428,1,1,46,M,RS002,Z00.0,93.99,1,1,1,9676508,2024-01-04,2024-07-17,auto,700000,13.823582857142856
8078806926248836,1,1,78,F,RS006,E11,99.10,2,1,2,6187335,2024-03-19,2024-07-17,auto,2500000,2.474934
7617869097768139,1,1,50,M,RS002,Z00.0,93.99,2,1,0,5348792,2024-01-08,2024-07-17,manual,700000,7.641131428571429
8831120919280719,0,1,72,F,RS004,I25.1,99.24,3,4,3,3720479,2024-05-01,2024-07-18,manual,5000000,0.7440958
5445263605743361,1,0,89,M,RS006,J18.9,93.94,3,2,1,7698286,2024-02-20,2024-07-18,manual,4200000,1.832925238095238
3931689555239606,1,0,2,M,RS009,J18.9,96.04,3,3,0,8717869,2024-04-05,2024-07-18,manual,4200000,2.0756830952380954
3617481897877767,0,1,1,M,RS005,I25.1,36.15,3,2,3,6253115,2024-05-03,2024-07-19,manual,5000000,1.250623
2286025430307373,1,0,61,F,RS009,J45.9,93.96,2,4,1,4091092,2024-04-16,2024-07-19,manual,2300000,1.778735652173913
3303275983419441,1,1,58,M,RS002,A09,45.23,2,3,2,1722828,2024-02-07,2024-07-20,manual,1300000,1.3252523076923077
8279168672847257,0,1,5,M,RS009,Z03.8,93.91,3,4,0,3674879,2024-06-15,2024-07-20,auto,1200000,3.062399166666667
8074272655952659,0,1,52,M,RS003,E11,99.10,3,2,1,7472653,2024-01-02,2024-07-20,auto,2500000,2.9890612
4281208182104094,1,1,47,F,RS003,R10.4,45.23,1,3,0,1567927,2024-03-21,2024-07-20,manual,1200000,1.3066058333333332
9977956565515420,1,1,64,F,RS001,J00,93.9,1,3,1,4247256,2024-06-19,2024-07-22,auto,500000,8.494512
2074782046773564,1,0,5,M,RS001,J00,93.9,3,2,0,8634092,2024-03-07,2024-07-22,manual,500000,17.268184
1505327285243202,0,0,15,F,RS004,I10,99.04,1,1,4,8575321,2024-05-03,2024-07-22,manual,2000000,4.2876605
9512583533637524,1,1,22,F,RS002,O80,72.0,2,2,2,5813770,2024-07-06,2024-07-22,manual,3500000,1.661077142857143
1505327285243202,0,0,15,F,RS004,I10,99.04,2,1,3,8921373,2024-02-09,2024-07-22,manual,2000000,4.4606865
5585057886922438,0,1,67,F,RS001,J45.9,93.96,3,3,1,6846075,2024-02-22,2024-07-23,auto,2300000,2.9765543478260867
6462835810267016,1,1,27,M,RS004,O80,72.0,1,1,2,1358380,2024-02-10,2024-07-23,manual,3500000,0.3881085714285714
4153907345070056,1,1,78,M,RS006,Z00.0,93.99,1,3,1,3955157,2024-02-16,2024-07-23,auto,700000,5.650224285714286
9494696438329031,0,1,76,F,RS010,O80,72.0,2,2,2,2237022,2024-01-16,2024-07-24,auto,3500000,0.6391491428571429
1413384681675581,1,1,90,F,RS001,J18.9,93.94,3,3,0,5579130,2024-05-13,2024-07-24,auto,4200000,1.3283642857142857
6420984215886340,0,1,87,M,RS008,M54.5,93.39,1,1,1,517828,2024-04-30,2024-07-24,manual,1800000,0.28768222222222223
2326733573230621,0,0,84,F,RS001,K29.7,45.16,1,4,0,9671213,2024-03-07,2024-07-24,manual,1700000,5.688948823529412
7017525309747504,0,0,37,M,RS002,J00,93.9,2,4,0,8854313,2024-03-28,2024-07-24,manual,500000,17.708626
0612598515468775,1,1,19,M,RS001,Z34.0,73.0,3,1,1,8756926,2024-05-17,2024-07-25,auto,800000,10.9461575
7236719618056497,1,1,13,M,RS006,I10,99.04,3,3,4,1289128,2024-02-15,2024-07-25,auto,2000000,0.644564
8571711790200830,1,1,50,F,RS002,O80,72.0,2,2,2,2967885,2024-04-26,2024-07-25,manual,3500000,0.8479671428571428
5426793851201163,1,0,4,M,RS006,J00,93.9,1,1,3,1348251,2024-05-02,2024-07-25,auto,500000,2.696502
0946926151940278,1,1,19,F,RS004,I10,99.04,2,2,0,451448,2024-05-20,2024-07-25,auto,2000000,0.225724
1529754249124832,0,1,27,M,RS009,Z34.0,73.0,3,4,3,3559549,2024-01-29,2024-07-25,auto,800000,4.44943625
0528932693488928,1,0,77,F,RS004,J18.9,96.04,2,4,0,965614,2024-01-27,2024-07-26,auto,4200000,0.22990809523809524
9506504402505007,1,0,62,F,RS003,K29.7,45.16,3,4,0,9805024,2024-03-11,2024-07-26,auto,1700000,5.767661176470588
8565032210064819,1,1,36,F,RS005,M54.5,93.39,1,2,1,1281660,2024-02-27,2024-07-26,auto,1800000,0.7120333333333333
2199556722624474,1,1,90,F,RS008,Z03.8,93.91,3,2,0,3599064,2024-07-23,2024-07-26,auto,1200000,2.99922
9681365391342537,1,1,87,F,RS009,N39.0,57.98,2,1,0,5199333,2024-04-08,2024-07-26,auto,2200000,2.3633331818181817
0615307926722045,0,0,70,F,RS006,R50.9,99.19,3,1,0,2221717,2024-04-01,2024-07-26,manual,1000000,2.221717
2913539596413669,1,0,61,M,RS002,I25.1,36.15,3,1,2,8002428,2024-01-05,2024-07-26,manual,5000000,1.6004856
2646930161489450,0,1,67,M,RS009,H25.9,13.5,2,3,0,8522076,2024-02-29,2024-07-26,auto,7500000,1.1362768
5018876619281607,1,1,21,M,RS005,I25.1,99.24,2,1,0,1898519,2024-07-24,2024-07-26,auto,5000000,0.3797038
9544822182508197,1,0,2,M,RS002,H25.9,13.5,1,3,0,8259672,2024-06-06,2024-07-26,auto,7500000,1.1012896
7777231551141194,1,0,71,F,RS009,I10,99.04,1,3,3,4776785,2024-02-27,2024-07-27,auto,2000000,2.3883925
7573640965017018,1,1,86,M,RS005,J00,93.9,1,3,1,7387380,2024-01-25,2024-07-27,auto,500000,14.77476
4909631322313034,1,1,42,M,RS006,Z00.0,93.99,3,4,0,4943982,2024-06-24,2024-07-27,manual,700000,7.062831428571428
5455179536258516,1,1,40,F,RS010,E11,99.10,2,4,0,8276726,2024-01-24,2024-07-29,auto,2500000,3.3106904
8527376827290918,1,1,43,F,RS005,N39.0,57.94,2,4,1,1503621,2024-01-29,2024-07-29,auto,2200000,0.6834640909090909
0717704436007496,1,0,67,M,RS006,E11,99.10,1,3,1,4641504,2024-04-26,2024-07-29,auto,2500000,1.8566016
0972776666783297,1,1,59,M,RS010,O80,72.0,2,4,2,2016408,2024-04-11,2024-07-29,manual,3500000,0.5761165714285714
6455805154229264,0,1,66,M,RS003,R10.4,45.23,2,1,0,5128890,2024-06-20,2024-07-29,manual,1200000,4.274075
0270780469986356,0,1,31,M,RS005,E66.9,99.28,2,3,1,9252591,2024-06-28,2024-07-29,manual,1000000,9.252591
6697281077434688,1,0,44,M,RS008,J18.9,96.04,1,1,2,3055039,2024-06-07,2024-07-29,manual,4200000,0.7273902380952381
7592529427228462,0,0,22,M,RS004,I25.1,36.15,2,4,5,5128076,2024-05-31,2024-07-30,manual,5000000,1.0256152
9357512784816124,0,1,58,F,RS010,H25.9,13.4,1,1,0,2626218,2024-07-13,2024-07-30,auto,7500000,0.3501624
4282157632154773,1,1,79,F,RS006,A09,45.23,3,2,0,4296296,2024-05-01,2024-07-31,auto,1300000,3.3048430769230768
4924563452745917,1,0,76,F,RS007,E66.9,99.28,2,2,2,6430345,2024-02-24,2024-07-31,auto,1000000,6.430345
6430366032080682,1,1,73,F,RS007,J45.9,93.96,3,2,0,3236206,2024-01-29,2024-07-31,manual,2300000,1.4070460869565218
2673426467034379,1,0,37,M,RS001,Z34.0,73.0,1,4,2,9858255,2024-07-23,2024-07-31,manual,800000,12.32281875
4464407472945663,1,1,5,F,RS002,Z00.0,93.99,2,4,0,5897897,2024-01-04,2024-07-31,auto,700000,8.425567142857142
7261573962287152,1,0,28,M,RS001,Z03.8,93.91,3,3,0,5757614,2024-05-10,2024-07-31,auto,1200000,4.798011666666667
5124039520614457,1,1,39,F,RS005,O80,72.0,1,1,4,4316277,2024-05-10,2024-07-31,manual,3500000,1.233222
6697322318801868,1,1,6,M,RS009,Z03.8,93.91,3,3,0,486637,2024-04-27,2024-07-31,auto,1200000,0.40553083333333334
0158332536779803,1,1,73,F,RS002,E66.9,99.28,3,1,3,6661542,2024-06-08,2024-07-31,auto,1000000,6.661542
1969243615292712,1,1,39,M,RS009,E11,99.10,3,4,0,9308446,2024-04-18,2024-08-01,auto,2500000,3.7233784
7628644069309895,1,1,56,M,RS006,I10,99.04,1,3,3,4398367,2024-06-05,2024-08-01,auto,2000000,2.1991835
0820915394333076,1,1,13,M,RS008,I10,99.04,2,1,2,691930,2024-03-01,2024-08-01,manual,2000000,0.345965
7056707931595140,1,1,70,M,RS006,K29.7,45.16,2,2,3,1132595,2024-03-13,2024-08-01,manual,1700000,0.6662323529411764
4727826253056129,0,0,38,M,RS010,Z00.0,93.99,3,3,0,5793074,2024-06-26,2024-08-02,auto,700000,8.27582
4088508809780018,1,1,1,F,RS004,A09,45.23,1,4,4,3418492,2024-07-05,2024-08-02,auto,1300000,2.6296092307692307
2693409025539426,1,1,44,F,RS004,R10.4,87.09,1,4,0,2361519,2024-03-07,2024-08-02,manual,1200000,1.9679325
7681562024027711,0,0,90,F,RS009,N39.0,57.94,1,2,4,8127056,2024-07-27,2024-08-03,auto,2200000,3.6941163636363634
3739503434046182,0,1,88,F,RS009,K29.7,45.16,2,3,0,3342987,2024-05-17,2024-08-03,auto,1700000,1.9664629411764707
9214532694438167,1,0,18,M,RS009,E66.9,99.28,3,4,3,5230709,2024-01-09,2024-08-03,auto,1000000,5.230709
4583549720373922,1,1,53,M,RS006,K29.7,45.16,3,4,2,828271,2024-01-23,2024-08-03,manual,1700000,0.4872182352941177
9715266132428261,1,1,62,M,RS009,O80,72.0,1,4,3,3685971,2024-03-08,2024-08-05,auto,3500000,1.0531345714285714
9214532694438167,1,0,18,M,RS009,E66.9,99.28,1,3,3,8812813,2024-07-22,2024-08-05,auto,1000000,8.812813
2858522158951699,0,1,12,M,RS008,Z00.0,93.99,2,4,0,2350415,2024-02-03,2024-08-05,manual,700000,3.3577357142857145
3327615954845661,1,1,14,M,RS004,E11,99.10,1,4,4,8909858,2024-03-11,2024-08-05,auto,2500000,3.5639432
1289414060437165,1,1,33,M,RS004,A09,45.23,2,4,3,3451312,2024-01-10,2024-08-05,manual,1300000,2.6548553846153844
1505840257036345,1,1,34,F,RS002,K21.0,45.16,3,4,1,8319794,2024-05-03,2024-08-06,manual,1400000,5.94271
1927186885164968,0,1,38,F,RS008,I10,99.04,1,2,3,2616476,2024-05-17,2024-08-06,auto,2000000,1.308238
8696680844324872,1,1,41,M,RS007,K29.7,45.16,3,1,0,8721695,2024-04-08,2024-08-06,auto,1700000,5.130408823529412
9415904837885328,1,0,27,F,RS010,E66.9,99.28,3,3,2,8025358,2024-07-05,2024-08-06,manual,1000000,8.025358
0946926151940278,1,1,19,F,RS004,I25.1,36.15,1,1,4,9581275,2024-07-16,2024-08-06,auto,5000000,1.916255
9010037710673769,1,1,48,F,RS002,J00,93.9,1,4,1,1497740,2024-04-03,2024-08-06,auto,500000,2.99548
1798236253049940,1,1,80,F,RS002,A09,45.23,3,3,2,8154504,2024-06-14,2024-08-06,auto,1300000,6.272695384615385
5877249790353847,1,1,35,F,RS007,K21.0,45.16,2,1,0,582487,2024-02-06,2024-08-07,auto,1400000,0.4160621428571429
7856009475027780,1,1,30,F,RS008,Z03.8,93.91,2,3,1,9253597,2024-07-12,2024-08-07,manual,1200000,7.711330833333333
3736191394795173,1,1,67,M,RS002,E66.9,99.28,1,2,1,7548860,2024-07-05,2024-08-07,manual,1000000,7.54886
1921389090047487,1,1,41,F,RS009,Z34.0,73.0,2,4,2,9747604,2024-06-18,2024-08-07,auto,800000,12.184505
8718965530463553,1,0,24,F,RS009,K29.7,45.16,2,2,2,9838091,2024-03-13,2024-08-08,manual,1700000,5.787112352941176
0724533424632290,0,0,56,F,RS002,Z34.0,73.0,3,4,3,6632024,2024-03-13,2024-08-08,auto,800000,8.29003
8192619147946310,1,1,63,F,RS001,K29.7,45.16,2,3,0,3679205,2024-04-18,2024-08-08,auto,1700000,2.1642382352941176
8113811072458469,0,1,44,M,RS002,Z00.0,93.99,3,3,0,6307277,2024-02-12,2024-08-08,manual,700000,9.010395714285714
6907208612896705,1,0,86,F,RS004,K29.7,45.16,3,3,3,1081104,2024-05-03,2024-08-08,manual,1700000,0.6359435294117647
6462214513185217,1,1,14,M,RS002,H25.9,13.5,3,2,0,7015172,2024-07-22,2024-08-08,auto,7500000,0.9353562666666667
8086989462965946,1,1,76,F,RS001,J18.9,93.94,1,2,1,5833056,2024-02-23,2024-08-08,manual,4200000,1.3888228571428571
9393180743617865,1,0,82,M,RS008,K29.7,45.16,1,2,0,5977686,2024-02-28,2024-08-08,manual,1700000,3.5162858823529413
1224150988666028,1,1,67,F,RS005,Z34.0,73.0,1,1,2,9105483,2024-01-27,2024-08-09,manual,800000,11.38185375
0090678405831073,1,1,18,F,RS004,Z34.0,73.0,2,4,2,5281759,2024-06-10,2024-08-09,manual,800000,6.60219875
5177232162896585,1,0,34,F,RS007,K21.0,45.16,2,4,2,8729638,2024-05-30,2024-08-09,manual,1400000,6.235455714285714
8283463129859529,1,1,48,M,RS003,K21.0,45.16,2,4,1,1225265,2024-04-22,2024-08-09,manual,1400000,0.8751892857142857
8893924231794477,1,1,16,F,RS005,Z00.0,93.99,1,4,0,3950392,2024-05-16,2024-08-09,manual,700000,5.6434171428571425
9993489999620770,1,0,60,M,RS002,K21.0,45.16,2,4,2,5583574,2024-02-20,2024-08-10,manual,1400000,3.988267142857143
0773703208753687,1,1,77,F,RS002,I25.1,99.24,2,4,5,9396849,2024-03-06,2024-08-12,auto,5000000,1.8793698
0495330745315346,0,1,51,M,RS005,N39.0,57.94,3,2,1,2788356,2024-06-12,2024-08-12,manual,2200000,1.2674345454545455
8235412019447657,1,1,18,F,RS010,I10,99.04,1,1,3,2523890,2024-01-22,2024-08-12,manual,2000000,1.261945
2504997695517251,0,1,67,M,RS006,K29.7,45.16,1,3,1,2602676,2024-05-04,2024-08-12,auto,1700000,1.5309858823529412
2088186843718702,1,1,20,M,RS005,J00,93.9,1,1,0,880229,2024-04-01,2024-08-12,auto,500000,1.760458
6565386733207819,1,1,11,F,RS003,I25.1,99.24,3,2,3,4713986,2024-06-20,2024-08-12,manual,5000000,0.9427972
0954382177876635,0,1,38,F,RS002,I25.1,99.24,3,3,1,1759098,2024-07-19,2024-08-13,manual,5000000,0.3518196
1402693151921931,1,1,47,F,RS006,J45.9,93.96,2,4,0,8795360,2024-05-16,2024-08-13,manual,2300000,3.8240695652173913
8192619147946310,1,1,63,F,RS001,K29.7,45.16,2,4,2,3806318,2024-05-03,2024-08-13,auto,1700000,2.239010588235294
4520205236238556,0,1,72,F,RS004,O80,72.0,3,4,2,5519010,2024-08-01,2024-08-13,manual,3500000,1.57686
4862518211759183,1,0,62,M,RS005,K29.7,45.16,2,4,1,4153141,2024-01-11,2024-08-14,auto,1700000,2.4430241176470586
6048597372485717,1,1,18,F,RS006,J45.9,93.96,1,2,0,6234664,2024-06-27,2024-08-14,auto,2300000,2.7107234782608693
9393180743617865,1,0,82,M,RS008,E66.9,99.28,2,3,4,1961825,2024-04-13,2024-08-14,auto,1000000,1.961825
5784937413457399,0,0,39,M,RS003,Z34.0,73.0,2,2,2,1651099,2024-05-03,2024-08-14,manual,800000,2.06387375
5580130535710605,1,1,24,F,RS010,K21.0,45.16,3,2,2,7723686,2024-01-22,2024-08-14,auto,1400000,5.516918571428572
9552685389578814,1,0,74,F,RS007,K21.0,45.16,3,1,0,6212307,2024-05-23,2024-08-14,auto,1400000,4.437362142857143
2712170835586406,1,0,54,F,RS006,I25.1,36.15,1,4,2,9481008,2024-03-06,2024-08-14,auto,5000000,1.8962016
8600447693765893,1,0,65,M,RS006,K29.7,45.16,3,4,0,8670019,2024-06-25,2024-08-15,auto,1700000,5.100011176470589
2011200014076145,1,1,1,F,RS007,R10.4,87.09,2,2,0,8732728,2024-01-05,2024-08-15,auto,1200000,7.2772733333333335
3050723938526956,1,0,62,F,RS008,Z00.0,93.99,1,2,2,6044310,2024-06-21,2024-08-15,auto,700000,8.634728571428571
1161351260301758,1,1,31,M,RS009,J18.9,96.04,1,4,0,2437016,2024-07-26,2024-08-15,manual,4200000,0.5802419047619047
1222554135379550,1,1,41,M,RS002,M54.5,93.39,2,4,0,3136526,2024-02-01,2024-08-15,manual,1800000,1.7425144444444445
0073741296181268,0,1,77,F,RS003,K29.7,45.16,2,4,3,2819841,2024-04-27,2024-08-15,auto,1700000,1.65873
9894391198243675,1,1,6,M,RS006,R10.4,45.23,1,3,0,3564265,2024-07-30,2024-08-15,auto,1200000,2.9702208333333333
3956719867816458,1,0,80,M,RS010,K29.7,45.16,1,3,1,4986319,2024-04-10,2024-08-16,manual,1700000,2.9331288235294117
9642444787991293,1,1,50,M,RS001,R10.4,45.23,3,4,0,4304196,2024-04-23,2024-08-16,auto,1200000,3.58683
6071469708144548,1,0,32,F,RS004,A09,45.23,3,2,2,9930750,2024-02-02,2024-08-16,manual,1300000,7.639038461538462
8781246900882806,1,1,90,M,RS001,I25.1,99.24,3,2,3,7510016,2024-07-03,2024-08-16,auto,5000000,1.5020032
7543249735035842,1,0,52,F,RS008,J18.9,93.94,1,2,0,8515587,2024-03-15,2024-08-16,auto,4200000,2.027520714285714
1781439000433190,1,1,15,F,RS001,H25.9,13.1,2,1,0,6703394,2024-02-27,2024-08-16,auto,7500000,0.8937858666666667
6020143639213139,1,0,81,F,RS008,R10.4,45.23,1,2,0,7486292,2024-03-02,2024-08-17,auto,1200000,6.238576666666667
6431099747463069,1,1,21,M,RS004,I25.1,36.15,2,4,3,457099,2024-04-19,2024-08-17,auto,5000000,0.0914198
7834441145195136,1,0,86,F,RS006,H25.9,13.4,1,4,0,7059987,2024-06-17,2024-08-19,manual,7500000,0.9413316
9879803914199190,1,1,54,M,RS007,Z34.0,73.0,2,2,4,9670105,2024-01-04,2024-08-19,manual,800000,12.08763125
6570832744863866,1,0,32,M,RS008,Z34.0,73.0,3,4,3,8042325,2024-03-05,2024-08-19,auto,800000,10.05290625
2630802643475483,1,1,21,F,RS007,I25.1,36.15,2,3,2,1645476,2024-03-29,2024-08-19,manual,5000000,0.3290952
3739503434046182,0,1,88,F,RS009,K29.7,45.16,1,2,3,7623840,2024-02-23,2024-08-19,manual,1700000,4.484611764705883
9537123692699614,1,1,78,F,RS008,K21.0,45.16,2,1,3,2466824,2024-07-04,2024-08-19,auto,1400000,1.762017142857143
6786588139367775,1,1,14,M,RS010,O80,72.0,1,1,3,8359955,2024-04-16,2024-08-19,auto,3500000,2.3885585714285713
0263099918250448,1,1,88,M,RS004,Z03.8,93.91,3,4,0,6476575,2024-07-06,2024-08-20,auto,1200000,5.397145833333333
8282712405092353,1,1,47,M,RS007,O80,72.0,1,1,2,5050484,2024-07-31,2024-08-20,manual,3500000,1.4429954285714286
7440475448768975,1,1,11,F,RS004,Z00.0,93.99,1,3,0,5832422,2024-07-18,2024-08-21,manual,700000,8.332031428571428
7991896135964677,1,0,23,M,RS009,J45.9,93.96,1,1,0,7887267,2024-03-21,2024-08-21,auto,2300000,3.4292465217391306
8552871560518504,1,1,20,M,RS009,Z34.0,73.0,1,1,2,4444346,2024-08-15,2024-08-21,auto,800000,5.5554325
6308393083483526,0,1,68,M,RS007,J18.9,96.04,1,1,2,6673332,2024-01-20,2024-08-21,auto,4200000,1.5888885714285714
8323890495103520,0,1,13,M,RS010,Z00.0,93.99,2,3,1,7081116,2024-08-10,2024-08-22,manual,700000,10.11588
4108041382339678,1,1,5,F,RS004,Z34.0,73.0,1,2,3,7687394,2024-05-04,2024-08-22,auto,800000,9.6092425
2270053787197770,0,0,74,F,RS009,J45.9,93.96,2,3,3,6552789,2024-06-22,2024-08-22,auto,2300000,2.849038695652174
5439027553348790,0,1,1,M,RS010,M54.5,93.39,2,1,0,9494368,2024-05-13,2024-08-22,auto,1800000,5.274648888888889
3258444071717633,1,0,47,M,RS010,J45.9,93.96,2,3,1,1688501,2024-05-02,2024-08-22,manual,2300000,0.7341308695652173
2402606470461297,1,0,57,M,RS009,N39.0,57.98,3,2,2,7333899,2024-01-22,2024-08-22,manual,2200000,3.3335904545454547
1252742332606624,0,0,48,M,RS010,J18.9,96.04,3,1,0,9087117,2024-07-15,2024-08-22,auto,4200000,2.1635992857142856
6486974534734204,1,1,69,M,RS001,A09,45.23,1,2,4,1703567,2024-08-19,2024-08-22,manual,1300000,1.3104361538461538
0624490712469711,1,1,40,M,RS003,Z00.0,93.99,1,2,0,3344276,2024-06-28,2024-08-22,manual,700000,4.777537142857143
3808948296098706,1,0,6,M,RS008,J45.9,93.96,2,4,1,5706575,2024-03-29,2024-08-23,manual,2300000,2.481119565217391
1144026668555637,1,0,81,M,RS007,M54.5,93.39,2,4,1,8235852,2024-01-19,2024-08-23,manual,1800000,4.575473333333333
8893924231794477,1,1,16,F,RS005,Z03.8,93.91,1,3,0,5725837,2024-05-06,2024-08-23,manual,1200000,4.771530833333333
5936992247522874,1,1,44,M,RS002,H25.9,13.5,2,4,0,681997,2024-01-31,2024-08-23,manual,7500000,0.09093293333333333
4180101645269836,0,1,16,F,RS008,Z03.8,93.91,1,3,0,908989,2024-04-10,2024-08-23,auto,1200000,0.7574908333333333
5418188134217819,1,1,36,F,RS005,H25.9,13.5,2,4,0,1538607,2024-04-15,2024-08-23,auto,7500000,0.2051476
8966805201641659,1,0,28,M,RS001,Z34.0,73.0,1,1,3,9174579,2024-02-17,2024-08-23,manual,800000,11.46822375
9188980948286496,0,1,17,F,RS002,Z00.0,93.99,3,2,0,3099336,2024-06-11,2024-08-23,auto,700000,4.4276228571428575
3666213973413878,0,1,46,F,RS006,K29.7,45.16,2,1,1,5826838,2024-03-23,2024-08-23,manual,1700000,3.4275517647058824
8706521065904296,1,1,57,M,RS008,M54.5,93.39,2,2,1,6282523,2024-08-12,2024-08-24,auto,1800000,3.4902905555555557
3818358499646171,0,0,54,M,RS010,E66.9,99.28,1,4,3,5054315,2024-08-05,2024-08-24,manual,1000000,5.054315
4446720547167035,0,1,81,M,RS006,H25.9,13.5,3,2,0,6942209,2024-02-06,2024-08-24,auto,7500000,0.9256278666666666
8040716160541472,1,1,22,F,RS007,M54.5,93.39,1,1,2,5877447,2024-05-21,2024-08-24,manual,1800000,3.2652483333333335
4983776683889957,1,1,45,F,RS005,E11,99.10,2,1,0,4198184,2024-01-19,2024-08-24,auto,2500000,1.6792736
2322050433883594,1,1,82,F,RS005,R10.4,87.09,1,4,0,2909337,2024-07-29,2024-08-24,manual,1200000,2.4244475
1493419468448991,1,1,5,F,RS003,J18.9,93.94,2,1,1,7586454,2024-06-20,2024-08-24,auto,4200000,1.8062985714285715
6298405903376682,1,1,80,M,RS007,N39.0,57.94,1,2,3,8742925,2024-01-16,2024-08-26,manual,2200000,3.9740568181818183
8669915468258561,0,1,8,F,RS010,J00,93.9,2,3,1,4399766,2024-06-29,2024-08-26,auto,500000,8.799532
0837377191805336,1,1,83,M,RS009,Z00.0,93.99,3,1,0,5569512,2024-06-08,2024-08-26,auto,700000,7.956445714285715
6298405903376682,1,1,80,M,RS007,N39.0,57.94,1,1,2,3200212,2024-01-31,2024-08-26,manual,2200000,1.4546418181818181
4513786726789087,1,0,32,M,RS006,O80,72.0,1,2,2,4761732,2024-02-19,2024-08-26,manual,3500000,1.3604948571428572
8807876339093834,1,1,31,F,RS001,O80,72.0,3,1,2,1848993,2024-08-09,2024-08-26,manual,3500000,0.5282837142857143
8399802278259272,1,1,85,F,RS009,N39.0,57.98,2,2,1,6774536,2024-01-20,2024-08-26,manual,2200000,3.0793345454545453
3993497940265172,0,1,12,F,RS002,K29.7,45.16,3,1,2,6465695,2024-01-22,2024-08-26,manual,1700000,3.80335
0099053261288775,1,1,46,F,RS006,E66.9,99.28,1,4,1,2217311,2024-06-08,2024-08-26,auto,1000000,2.217311
1153292039224282,1,1,27,M,RS009,M54.5,93.39,1,1,0,3694802,2024-02-17,2024-08-26,auto,1800000,2.0526677777777778
4657436164816575,1,1,82,M,RS010,R10.4,45.23,2,4,0,3850715,2024-08-20,2024-08-27,auto,1200000,3.2089291666666666
1513790145967014,1,1,69,F,RS007,Z34.0,73.0,1,2,4,9394409,2024-01-23,2024-08-27,auto,800000,11.74301125
8807876339093834,1,1,31,F,RS001,O80,72.0,3,4,1,6522484,2024-04-29,2024-08-27,auto,3500000,1.8635668571428572
3243438170546401,1,1,64,F,RS006,E66.9,99.28,3,2,1,2172184,2024-05-18,2024-08-27,auto,1000000,2.172184
4124204508930280,1,1,65,M,RS001,Z03.8,93.91,3,4,1,7231265,2024-01-05,2024-08-27,auto,1200000,6.0260541666666665
7487553448839459,0,1,39,F,RS003,Z00.0,93.99,1,3,0,7277154,2024-06-14,2024-08-27,auto,700000,10.395934285714286
1520714846199201,0,1,77,F,RS007,M54.5,93.39,2,1,1,1795454,2024-07-10,2024-08-28,auto,1800000,0.9974744444444444
4776656184534322,1,0,85,F,RS001,N39.0,57.94,1,2,0,5667662,2024-04-09,2024-08-28,manual,2200000,2.57621
9557635511730605,1,1,15,F,RS008,J45.9,93.96,2,3,3,1128283,2024-01-27,2024-08-28,manual,2300000,0.4905578260869565
3358180556372134,0,0,7,F,RS010,I10,99.04,2,1,2,4585288,2024-01-17,2024-08-28,manual,2000000,2.292644
6525350322602392,1,1,28,M,RS007,R10.4,87.09,1,4,2,8241569,2024-08-03,2024-08-28,manual,1200000,6.8679741666666665
7155919342337187,1,1,35,F,RS010,Z34.0,73.0,3,1,2,795107,2024-03-02,2024-08-29,auto,800000,0.99388375
4089367439635600,0,1,29,F,RS004,R10.4,87.09,1,1,0,2010256,2024-04-27,2024-08-29,manual,1200000,1.6752133333333334
6092388103827119,1,1,88,F,RS002,J18.9,96.04,2,1,0,1271219,2024-04-01,2024-08-29,auto,4200000,0.30267119047619045
4340669572950009,1,1,3,F,RS008,O80,72.0,2,2,4,1647196,2024-04-20,2024-08-29,manual,3500000,0.4706274285714286
6222322694942392,1,1,16,M,RS008,A09,45.23,2,2,0,9555985,2024-05-02,2024-08-29,auto,1300000,7.350757692307693
5561331914707570,1,1,74,F,RS002,R10.4,45.23,3,1,0,3104998,2024-02-03,2024-08-30,auto,1200000,2.5874983333333335
8323820778376259,1,1,48,M,RS005,Z34.0,73.0,3,2,2,9857568,2024-05-31,2024-08-30,manual,800000,12.32196
1313611684213715,1,1,9,M,RS007,O80,72.0,3,2,4,3473110,2024-04-03,2024-08-31,manual,3500000,0.9923171428571429
9460133744519164,0,1,39,F,RS007,E11,99.10,1,4,1,1067313,2024-06-03,2024-08-31,manual,2500000,0.4269252
2797110441803199,0,1,90,F,RS003,R50.9,99.19,3,3,0,8587236,2024-04-29,2024-08-31,auto,1000000,8.587236
9958327336498786,0,1,32,F,RS004,N39.0,57.98,3,3,2,7092267,2024-06-28,2024-08-31,auto,2200000,3.2237577272727274
4282157632154773,1,1,79,F,RS006,A09,45.23,2,3,1,5281698,2024-02-02,2024-08-31,manual,1300000,4.062844615384615
4325980198805127,1,0,22,F,RS004,E11,99.10,3,4,1,4438396,2024-01-09,2024-08-31,auto,2500000,1.7753584
2189849099081889,1,0,42,M,RS007,H25.9,13.4,2,1,0,9843604,2024-03-13,2024-08-31,auto,7500000,1.3124805333333334
5068811175483453,1,0,16,F,RS006,Z34.0,73.0,3,1,2,4218502,2024-06-12,2024-09-02,auto,800000,5.2731275
6209494305721231,1,0,54,F,RS005,H25.9,13.4,3,2,0,3504545,2024-06-07,2024-09-02,auto,7500000,0.46727266666666667
8577595612094907,1,1,83,F,RS006,H25.9,13.5,2,1,0,3381753,2024-05-10,2024-09-02,manual,7500000,0.4509004
0172339358491304,1,0,49,M,RS008,A09,45.23,1,3,1,4580417,2024-06-22,2024-09-03,auto,1300000,3.523397692307692
4272631961327563,0,1,61,M,RS007,I10,99.04,3,2,4,8661920,2024-05-16,2024-09-03,auto,2000000,4.33096
1066832594969276,0,1,56,M,RS005,K29.7,45.16,2,2,0,1944883,2024-04-16,2024-09-03,manual,1700000,1.1440488235294117
5936992247522874,1,1,44,M,RS002,H25.9,13.4,3,4,0,3839921,2024-06-15,2024-09-04,auto,7500000,0.5119894666666667
4363963140898618,1,1,19,F,RS007,E66.9,99.28,3,1,4,1184997,2024-01-24,2024-09-04,manual,1000000,1.184997
6184082623055333,0,1,42,M,RS006,O80,72.0,2,1,2,3447995,2024-07-05,2024-09-04,auto,3500000,0.9851414285714286
7768280343339046,1,0,85,F,RS006,O80,72.0,3,2,2,3216425,2024-05-24,2024-09-04,manual,3500000,0.9189785714285714
7531794404588024,0,0,22,M,RS007,I25.1,36.15,3,4,3,2839473,2024-05-01,2024-09-04,auto,5000000,0.5678946
8428382365331610,0,1,67,M,RS004,I10,99.04,3,4,1,1733668,2024-08-26,2024-09-04,manual,2000000,0.866834
3986029374732558,1,0,73,M,RS008,O80,72.0,2,3,3,5773006,2024-07-01,2024-09-04,manual,3500000,1.6494302857142857
6980702514899927,1,1,89,F,RS002,I25.1,36.15,2,4,1,9495155,2024-04-08,2024-09-04,auto,5000000,1.899031
3358180556372134,0,0,7,F,RS010,I25.1,36.15,2,3,5,7811297,2024-08-16,2024-09-05,manual,5000000,1.5622594
5177232162896585,1,0,34,F,RS007,K21.0,45.16,1,1,1,4131566,2024-06-14,2024-09-05,manual,1400000,2.9511185714285713
8669915468258561,0,1,8,F,RS010,J00,93.9,3,3,3,7253634,2024-07-17,2024-09-05,auto,500000,14.507268
7196613456778908,1,1,18,F,RS003,J45.9,93.96,2,2,0,4633215,2024-07-04,2024-09-05,auto,2300000,2.014441304347826
2206487531427005,1,0,90,M,RS001,Z00.0,93.99,2,2,0,2780369,2024-01-13,2024-09-05,auto,700000,3.9719557142857145
8669133342632378,0,1,24,F,RS007,Z34.0,73.0,2,4,1,7236211,2024-02-14,2024-09-05,manual,800000,9.04526375
3528767056847118,1,0,63,F,RS010,N39.0,57.94,3,3,1,1585785,2024-03-27,2024-09-05,manual,2200000,0.7208113636363637
7356070297812652,1,1,71,M,RS007,J18.9,93.94,2,1,0,2790495,2024-05-09,2024-09-05,auto,4200000,0.6644035714285714
3365828762666386,1,1,77,F,RS002,H25.9,13.4,2,3,0,8528248,2024-05-28,2024-09-05,manual,7500000,1.1370997333333333
6129030711175311,1,1,57,M,RS009,O80,72.0,3,2,1,3918220,2024-06-29,2024-09-05,manual,3500000,1.1194914285714286
9415904837885328,1,0,27,F,RS010,E11,99.10,3,4,0,607261,2024-04-24,2024-09-06,auto,2500000,0.2429044
2011200014076145,1,1,1,F,RS007,Z00.0,93.99,1,4,0,9595771,2024-02-26,2024-09-06,manual,700000,13.708244285714287
6428102438434685,1,1,46,F,RS008,R10.4,45.23,3,4,0,1103157,2024-02-23,2024-09-06,auto,1200000,0.9192975
9864465826280716,1,1,50,M,RS010,I25.1,36.15,3,2,1,3536210,2024-08-21,2024-09-06,manual,5000000,0.707242
1086363277947963,1,1,72,F,RS002,E11,99.10,1,2,5,2487848,2024-01-10,2024-09-06,manual,2500000,0.9951392
2781943886548829,1,0,12,F,RS009,Z03.8,93.91,2,3,0,7807728,2024-07-03,2024-09-06,manual,1200000,6.50644
9372761545840578,0,1,18,M,RS009,Z03.8,93.91,2,3,0,1410121,2024-05-08,2024-09-06,auto,1200000,1.1751008333333333
9747574226192097,1,1,74,M,RS005,I10,99.04,3,3,4,9022229,2024-03-02,2024-09-07,manual,2000000,4.5111145
1564957148400074,0,0,72,M,RS009,O80,72.0,1,3,2,7371296,2024-08-30,2024-09-07,manual,3500000,2.1060845714285716
9097259862591078,0,0,89,M,RS006,Z34.0,73.0,1,4,2,986993,2024-04-27,2024-09-07,auto,800000,1.23374125
2924248664807510,1,1,86,M,RS005,I25.1,36.15,2,2,0,3362629,2024-06-29,2024-09-07,manual,5000000,0.6725258
8903231696484346,1,0,72,F,RS010,K21.0,45.16,1,1,0,4298794,2024-02-20,2024-09-07,auto,1400000,3.070567142857143
4813161534313995,1,1,86,F,RS002,Z34.0,73.0,1,2,3,5945980,2024-01-29,2024-09-07,manual,800000,7.432475
6568142014131842,0,1,2,F,RS001,E66.9,99.28,2,4,1,5856603,2024-03-22,2024-09-07,manual,1000000,5.856603
3936501464377786,1,1,23,M,RS007,K21.0,45.16,2,4,2,6123182,2024-07-05,2024-09-09,manual,1400000,4.373701428571429
3527551743552484,1,1,81,F,RS008,Z03.8,93.91,2,1,1,2666234,2024-07-31,2024-09-09,auto,1200000,2.221861666666667
8107871173586412,1,0,32,M,RS010,J18.9,93.94,3,2,1,7983869,2024-08-12,2024-09-09,auto,4200000,1.9009211904761905
4216890962521381,1,1,67,F,RS009,K21.0,45.16,3,3,0,7679622,2024-03-11,2024-09-09,auto,1400000,5.485444285714285
8498160556636393,1,1,60,F,RS003,J45.9,93.96,1,1,0,4788967,2024-06-08,2024-09-10,auto,2300000,2.0821595652173914
0858583419393429,1,0,31,M,RS001,A09,45.23,3,2,0,6246577,2024-08-09,2024-09-10,manual,1300000,4.80505923076923
5068811175483453,1,0,16,F,RS006,Z34.0,73.0,1,2,1,9715894,2024-08-31,2024-09-10,manual,800000,12.1448675
5948843158402314,1,1,24,F,RS009,M54.5,93.39,1,3,2,4277377,2024-01-18,2024-09-10,auto,1800000,2.3763205555555555
9011640907927747,1,0,46,M,RS003,I10,99.04,2,2,3,2594367,2024-01-22,2024-09-10,manual,2000000,1.2971835
4110746312800349,1,1,72,M,RS009,Z34.0,73.0,3,1,2,5405149,2024-07-31,2024-09-10,manual,800000,6.75643625
2074782046773564,1,0,5,M,RS001,J45.9,93.96,3,1,0,9963664,2024-04-29,2024-09-10,auto,2300000,4.332027826086956
5641269859740584,0,1,80,M,RS001,Z00.0,93.99,3,1,0,5368015,2024-07-27,2024-09-10,manual,700000,7.668592857142857
7341606424959871,0,1,70,M,RS005,J18.9,96.04,1,2,2,2415549,2024-06-15,2024-09-10,auto,4200000,0.5751307142857143
8424988033885567,1,0,25,M,RS001,J45.9,93.96,3,1,1,5590579,2024-09-07,2024-09-11,auto,2300000,2.4306865217391302
1169805646754168,1,0,11,F,RS005,Z00.0,93.99,2,3,0,6931016,2024-05-14,2024-09-11,auto,700000,9.901451428571429
2381821715702997,1,1,23,F,RS003,K21.0,45.16,1,2,3,2988629,2024-04-03,2024-09-11,auto,1400000,2.134735
3828760921840735,1,1,49,M,RS006,E11,99.10,1,4,1,2211630,2024-05-09,2024-09-11,manual,2500000,0.884652
7834441145195136,1,0,86,F,RS003,H25.9,13.5,1,1,0,8507841,2024-02-15,2024-09-11,auto,7500000,1.1343788
6672381129694723,1,1,8,F,RS007,M54.5,93.39,1,4,0,8789065,2024-01-20,2024-09-11,manual,1800000,4.882813888888889
7550754233094298,1,0,74,M,RS004,A09,45.23,3,1,3,2938511,2024-04-23,2024-09-11,auto,1300000,2.260393076923077
4982397445932366,1,1,43,M,RS006,Z34.0,73.0,2,2,2,8473251,2024-06-24,2024-09-12,auto,800000,10.59156375
4924563452745917,1,0,76,F,RS007,E66.9,99.28,2,2,3,2356877,2024-08-09,2024-09-12,auto,1000000,2.356877
2045574988312742,0,1,48,F,RS009,J00,93.9,1,2,0,9477039,2024-04-17,2024-09-12,manual,500000,18.954078
5068811175483453,1,0,16,F,RS006,Z34.0,73.0,3,4,2,2445439,2024-01-30,2024-09-12,auto,800000,3.05679875
4388572784162310,1,0,2,M,RS007,Z00.0,93.99,3,2,1,6479300,2024-03-22,2024-09-12,auto,700000,9.256142857142857
6958115592991254,1,0,44,F,RS007,K21.0,45.16,2,1,2,4719205,2024-07-03,2024-09-13,auto,1400000,3.370860714285714
9824588365947704,1,1,65,F,RS010,K29.7,45.16,3,2,1,1088423,2024-01-01,2024-09-13,manual,1700000,0.6402488235294118
1252742332606624,0,0,48,M,RS010,J18.9,96.04,3,2,1,5045415,2024-09-07,2024-09-13,auto,4200000,1.2012892857142856
0808443078577059,0,1,69,M,RS006,N39.0,57.94,3,4,1,2076635,2024-01-29,2024-09-13,auto,2200000,0.943925
2892068707193095,1,0,86,F,RS010,H25.9,13.5,2,1,0,9232942,2024-09-07,2024-09-14,manual,7500000,1.2310589333333333
4862135644456267,1,1,79,M,RS002,O80,72.0,3,2,4,8927980,2024-07-27,2024-09-14,manual,3500000,2.5508514285714288
2513636250050664,1,1,8,M,RS009,J18.9,93.94,1,2,0,9047971,2024-04-03,2024-09-14,auto,4200000,2.1542788095238095
7604562317114284,1,0,39,F,RS008,J00,93.9,1,2,1,9853188,2024-01-10,2024-09-14,auto,500000,19.706376
5398001300308113,0,1,1,M,RS005,E11,99.10,1,2,0,3499926,2024-01-12,2024-09-14,manual,2500000,1.3999704
8404646540554843,1,1,65,F,RS004,O80,72.0,2,1,2,8301600,2024-05-16,2024-09-14,manual,3500000,2.3718857142857144
9347210202087893,0,1,13,F,RS004,K29.7,45.16,1,2,1,978871,2024-07-22,2024-09-14,manual,1700000,0.5758064705882353
6512189042247367,1,1,59,M,RS005,R10.4,45.23,2,4,0,6761965,2024-06-05,2024-09-14,manual,1200000,5.634970833333333
8163781968018378,1,0,52,F,RS009,R10.4,87.09,2,1,1,7016908,2024-02-06,2024-09-16,manual,1200000,5.847423333333333
8717821987979132,0,1,47,F,RS006,O80,72.0,3,1,2,3560230,2024-08-12,2024-09-16,auto,3500000,1.0172085714285715
7226578348736665,1,1,28,F,RS002,R10.4,87.09,3,2,0,4750098,2024-05-18,2024-09-16,auto,1200000,3.958415
7068130882293285,0,1,83,F,RS007,A09,45.23,3,1,0,489973,2024-01-29,2024-09-16,auto,1300000,0.3769023076923077
8202104832042024,1,1,4,M,RS003,J00,93.9,1,3,1,1006997,2024-04-10,2024-09-16,manual,500000,2.013994
9159999735260574,1,0,46,F,RS008,M54.5,93.39,3,3,0,7335078,2024-01-22,2024-09-17,auto,1800000,4.075043333333333
9326567574111060,1,1,1,M,RS002,R10.4,45.23,2,2,1,5637861,2024-06-15,2024-09-17,manual,1200000,4.6982175
4862518211759183,1,0,62,M,RS005,E66.9,99.28,1,2,0,4033572,2024-02-08,2024-09-17,manual,1000000,4.033572
3547174386777341,1,1,35,F,RS004,J45.9,93.96,3,3,0,4795696,2024-06-19,2024-09-17,manual,2300000,2.0850852173913044
9071190770953741,0,1,67,M,RS007,Z00.0,93.99,3,1,0,9247217,2024-08-10,2024-09-17,auto,700000,13.21031
4304267915650959,1,1,23,M,RS005,H25.9,13.5,1,1,0,5047963,2024-07-29,2024-09-17,auto,7500000,0.6730617333333333
7191221786307704,1,0,30,M,RS001,A09,45.23,1,3,0,9132858,2024-07-05,2024-09-17,auto,1300000,7.025275384615385
1564957148400074,0,0,72,M,RS009,O80,72.0,1,4,2,1276846,2024-03-16,2024-09-18,auto,3500000,0.36481314285714284
3374573990747047,1,0,67,F,RS006,H25.9,13.4,1,3,0,9688944,2024-08-29,2024-09-18,auto,7500000,1.2918592
4555408795340648,0,1,55,M,RS001,K29.7,45.16,2,3,2,2851088,2024-05-11,2024-09-18,manual,1700000,1.6771105882352941
7516429427270316,1,1,28,M,RS005,O80,72.0,1,2,2,4238406,2024-07-20,2024-09-18,auto,3500000,1.2109731428571429
3773502174197737,0,0,60,M,RS010,Z34.0,73.0,2,3,1,7665967,2024-01-09,2024-09-18,manual,800000,9.58245875
4843249552723524,1,1,89,M,RS002,I10,99.04,3,3,3,6458866,2024-08-31,2024-09-18,auto,2000000,3.229433
3599352372263208,0,1,28,M,RS008,K29.7,45.16,1,1,3,6977786,2024-06-15,2024-09-18,auto,1700000,4.10458
8293162941679847,1,1,77,M,RS008,R10.4,87.09,3,3,0,7691871,2024-08-17,2024-09-18,auto,1200000,6.4098925
1543134656282455,1,1,68,F,RS001,I25.1,99.24,3,4,2,3192081,2024-09-11,2024-09-18,manual,5000000,0.6384162
7052178650490800,1,1,17,F,RS003,J18.9,96.04,1,2,1,7742794,2024-03-16,2024-09-18,manual,4200000,1.8435223809523809
8565032210064819,1,1,36,F,RS005,M54.5,93.39,2,3,0,2324272,2024-02-24,2024-09-18,auto,1800000,1.2912622222222223
0995702283263215,1,1,31,M,RS005,K29.7,45.16,1,2,2,4905228,2024-01-03,2024-09-18,auto,1700000,2.8854282352941176
2225364991885311,1,1,48,M,RS001,I10,99.04,1,2,4,6009899,2024-01-02,2024-09-18,manual,2000000,3.0049495
3243438170546401,1,1,64,F,RS006,E66.9,99.28,1,2,4,2498184,2024-01-25,2024-09-18,auto,1000000,2.498184
6428102438434685,1,1,46,F,RS008,R10.4,45.23,3,2,1,5531714,2024-08-13,2024-09-18,manual,1200000,4.6097616666666665
8237345221738966,1,1,29,M,RS001,I25.1,99.24,2,3,2,947298,2024-01-29,2024-09-19,auto,5000000,0.1894596
1391135425667237,0,1,19,F,RS010,K29.7,45.16,2,1,2,4339332,2024-02-21,2024-09-19,auto,1700000,2.552548235294118
4776656184534322,1,0,85,F,RS001,N39.0,57.98,2,4,0,6438548,2024-09-03,2024-09-19,manual,2200000,2.9266127272727274
5411501721186147,1,1,17,M,RS009,A09,45.23,1,2,2,8169225,2024-03-12,2024-09-20,manual,1300000,6.284019230769231
0129205103690581,1,1,77,F,RS008,Z03.8,93.91,1,4,0,6024546,2024-06-03,2024-09-20,auto,1200000,5.020455
5585831964143221,1,1,51,M,RS010,K29.7,45.16,2,1,0,2032590,2024-05-03,2024-09-20,auto,1700000,1.1956411764705883
7603906721002568,1,1,70,M,RS007,J00,93.9,3,3,0,5359894,2024-08-30,2024-09-20,manual,500000,10.719788
0059175603616318,0,1,66,F,RS009,Z34.0,73.0,1,2,2,8195008,2024-02-07,2024-09-20,auto,800000,10.24376
1815559531523603,1,1,57,F,RS006,E66.9,99.28,1,1,2,9086264,2024-01-20,2024-09-20,manual,1000000,9.086264
6455805154229264,0,1,66,M,RS003,R50.9,99.19,3,1,0,3967965,2024-06-11,2024-09-21,auto,1000000,3.967965
8008902163141992,1,0,90,F,RS001,J45.9,93.96,1,1,1,4371242,2024-08-21,2024-09-21,auto,2300000,1.90054
9637808046560203,1,1,81,M,RS004,H25.9,13.4,1,2,0,1119240,2024-07-09,2024-09-21,manual,7500000,0.149232
9750101288148773,1,1,18,M,RS008,I25.1,99.24,2,4,1,3303585,2024-07-12,2024-09-21,auto,5000000,0.660717
9753687805279427,1,1,85,F,RS009,R10.4,45.23,3,4,0,8019925,2024-06-13,2024-09-21,auto,1200000,6.683270833333333
8293162941679847,1,1,77,M,RS008,J00,93.9,2,1,0,1297252,2024-07-04,2024-09-21,auto,500000,2.594504
2480889522254336,1,1,69,F,RS010,K29.7,45.16,2,3,0,6155994,2024-02-20,2024-09-23,manual,1700000,3.6211729411764706
1986540312006229,1,1,66,F,RS002,J45.9,93.96,2,3,1,3129516,2024-04-29,2024-09-23,manual,2300000,1.3606591304347826
7777231551141194,1,0,71,F,RS009,I25.1,36.15,3,4,2,9242991,2024-04-01,2024-09-23,manual,5000000,1.8485982
5960001558299677,0,1,48,M,RS007,I25.1,36.15,2,1,3,4171654,2024-01-13,2024-09-23,auto,5000000,0.8343308
9347210202087893,0,1,13,F,RS004,K29.7,45.16,2,4,1,3464900,2024-08-24,2024-09-24,auto,1700000,2.0381764705882355
2937631950379424,1,1,2,M,RS005,E66.9,99.28,3,3,2,9072704,2024-07-30,2024-09-24,manual,1000000,9.072704
8638863177918870,1,1,42,F,RS001,J18.9,96.04,3,4,3,4599410,2024-02-01,2024-09-24,auto,4200000,1.0950976190476192
2298072669912854,0,1,32,F,RS004,J00,93.9,1,1,1,7957854,2024-03-02,2024-09-24,manual,500000,15.915708
1201721208675463,1,0,4,M,RS004,Z03.8,93.91,3,1,0,9722750,2024-09-14,2024-09-25,auto,1200000,8.102291666666666
4908241822922450,0,1,14,M,RS005,R50.9,99.19,2,1,0,6865911,2024-02-15,2024-09-25,manual,1000000,6.865911
6020143639213139,1,0,81,F,RS008,R10.4,87.09,3,2,0,888172,2024-05-11,2024-09-25,auto,1200000,0.7401433333333334
2273808111548490,1,1,80,M,RS005,O80,72.0,1,2,2,8451427,2024-08-30,2024-09-25,auto,3500000,2.4146934285714288
1169805646754168,1,0,11,F,RS005,Z00.0,93.99,3,2,0,7441978,2024-02-28,2024-09-25,auto,700000,10.631397142857143
2758768572288769,1,1,64,F,RS009,K21.0,45.16,2,4,2,6051043,2024-07-04,2024-09-25,manual,1400000,4.322173571428571
0806667093426876,1,1,65,F,RS006,A09,45.23,1,2,0,7477428,2024-05-10,2024-09-25,manual,1300000,5.751867692307692
7458930025627942,1,0,23,F,RS001,E11,99.10,1,4,2,2917639,2024-06-04,2024-09-25,manual,2500000,1.1670556
6028309180480693,1,1,36,F,RS007,N39.0,57.94,1,3,1,1556252,2024-01-16,2024-09-25,manual,2200000,0.7073872727272728
3770835176640282,1,1,87,F,RS003,K21.0,45.16,1,2,1,1677836,2024-08-14,2024-09-26,manual,1400000,1.1984542857142857
9631316160005272,1,0,74,F,RS004,E11,99.10,3,4,2,4020873,2024-03-05,2024-09-26,manual,2500000,1.6083492
4719037266815746,1,0,59,F,RS007,R10.4,45.23,3,2,1,818990,2024-09-18,2024-09-26,auto,1200000,0.6824916666666667
7890400095329355,0,1,43,F,RS002,Z34.0,73.0,2,2,3,9550697,2024-08-29,2024-09-26,auto,800000,11.93837125
7090454115709204,0,1,7,M,RS003,A09,45.23,2,3,0,4709470,2024-06-22,2024-09-27,auto,1300000,3.622669230769231
1493419468448991,1,1,5,F,RS003,J00,93.9,2,1,1,938708,2024-06-05,2024-09-27,manual,500000,1.877416
5148252126513267,1,1,73,M,RS003,A09,45.23,3,4,1,3230854,2024-04-06,2024-09-27,auto,1300000,2.485272307692308
8571711790200830,1,1,50,F,RS002,O80,72.0,3,1,4,7283783,2024-01-01,2024-09-27,auto,3500000,2.081080857142857
5791777114261611,1,0,90,F,RS003,K21.0,45.16,3,4,1,6954435,2024-07-23,2024-09-02,auto,1400000,4.967453571428571
9734406236726499,1,0,64,M,RS002,Z03.8,93.91,3,4,0,6240240,2024-09-05,2024-09-27,manual,1200000,5.2002
6274457367815168,1,1,22,M,RS005,O80,72.0,2,2,3,6973596,2024-02-02,2024-09-27,auto,3500000,1.992456
0241489364650045,1,0,64,F,RS009,K29.7,45.16,3,1,1,9538244,2024-08-13,2024-09-27,auto,1700000,5.610731764705882
3671485102522417,1,1,76,F,RS008,R10.4,87.09,3,4,0,3955757,2024-07-24,2024-09-27,auto,1200000,3.2964641666666665
0524849759093907,1,1,50,F,RS004,A09,45.23,2,4,3,2796660,2024-06-12,2024-09-27,auto,1300000,2.151276923076923
8564399231945722,1,1,83,M,RS003,M54.5,93.39,2,3,0,2183403,2024-04-09,2024-09-27,auto,1800000,1.2130016666666668
6430366032080682,1,1,73,F,RS007,J45.9,93.96,2,2,0,7776830,2024-05-20,2024-09-27,manual,2300000,3.3812304347826085
3042017637079859,1,1,42,F,RS001,K21.0,45.16,2,4,1,4554375,2024-03-19,2024-09-28,auto,1400000,3.253125
1308381474915778,0,1,55,F,RS003,Z34.0,73.0,1,1,3,7755759,2024-03-04,2024-09-28,manual,800000,9.69469875
6385962290088984,1,0,14,F,RS008,K21.0,45.16,2,2,1,1076666,2024-09-09,2024-09-28,manual,1400000,0.7690471428571428
4464407472945663,1,1,5,F,RS002,Z00.0,93.99,1,3,0,6827811,2024-06-03,2024-09-28,manual,700000,9.754015714285714
4811871642648489,1,0,83,M,RS005,K21.0,45.16,3,4,2,6647911,2024-02-12,2024-09-28,auto,1400000,4.748507857142857
8565032210064819,1,1,36,F,RS005,M54.5,93.39,2,4,0,7585883,2024-08-14,2024-09-28,auto,1800000,4.214379444444444
9557635511730605,1,1,15,F,RS008,J18.9,93.94,2,1,0,625390,2024-04-08,2024-09-28,manual,4200000,0.14890238095238095
1379833181406873,0,1,87,F,RS003,N39.0,57.98,1,1,1,7006530,2024-07-06,2024-09-28,auto,2200000,3.1847863636363636
0392405087961834,1,0,9,F,RS005,E66.9,99.28,3,1,0,1104770,2024-08-13,2024-09-30,manual,1000000,1.10477
5711219656369910,0,1,29,F,RS003,Z03.8,93.91,2,3,0,4287775,2024-07-04,2024-09-30,manual,1200000,3.5731458333333332
8497982321560447,1,0,56,F,RS004,R50.9,99.19,3,2,0,5084015,2024-08-22,2024-09-30,manual,1000000,5.084015
8572175922835570,1,1,9,M,RS002,J18.9,96.04,2,2,0,2319798,2024-04-29,2024-09-30,auto,4200000,0.5523328571428572
0448266963509804,0,1,52,F,RS005,H25.9,13.1,3,2,1,5545624,2024-06-14,2024-09-30,auto,7500000,0.7394165333333333
8564399231945722,1,1,83,M,RS003,M54.5,93.39,3,4,0,9188741,2024-09-02,2024-09-30,auto,1800000,5.104856111111111
7032311513807658,0,1,55,M,RS004,J00,93.9,2,4,1,9219488,2024-04-05,2024-09-30,auto,500000,18.438976
0955641672780563,1,1,44,F,RS001,I10,99.04,1,3,3,7640744,2024-04-05,2024-09-30,auto,2000000,3.820372
8213258371387987,1,1,61,F,RS008,R50.9,99.19,3,2,0,6358409,2024-02-02,2024-09-30,manual,1000000,6.358409
7032311513807658,0,1,55,M,RS004,J00,93.9,3,4,1,8605830,2024-02-16,2024-10-01,auto,500000,17.21166
4520205236238556,0,1,72,F,RS004,O80,72.0,3,1,2,4606844,2024-06-19,2024-10-01,manual,3500000,1.3162411428571428
9050450729245681,1,1,52,F,RS004,Z03.8,93.91,1,1,2,7978545,2024-04-22,2024-10-01,manual,1200000,6.6487875
7104698512848497,1,1,24,M,RS010,E66.9,99.28,1,4,1,7211598,2024-09-10,2024-10-01,manual,1000000,7.211598
4124204508930280,1,1,65,M,RS001,Z03.8,93.91,3,3,0,3223885,2024-07-05,2024-10-01,manual,1200000,2.686570833333333
0315619825446469,1,1,23,F,RS001,I10,99.04,1,2,3,5626644,2024-05-24,2024-10-02,manual,2000000,2.813322
3726747116370957,1,1,17,M,RS006,K21.0,45.16,1,3,0,3146105,2024-01-12,2024-10-02,auto,1400000,2.247217857142857
4546861063008706,0,1,81,F,RS007,I25.1,99.24,2,1,3,6431303,2024-02-14,2024-10-02,auto,5000000,1.2862606
3059375334204064,0,1,8,M,RS006,R10.4,45.23,1,3,0,1038787,2024-06-03,2024-10-02,manual,1200000,0.8656558333333333
5578394002578195,1,1,86,F,RS008,K21.0,45.16,1,1,2,1876593,2024-08-31,2024-10-02,auto,1400000,1.3404235714285715
7751315385467851,1,1,1,M,RS009,Z00.0,93.99,1,1,0,1728916,2024-09-20,2024-10-02,manual,700000,2.46988
0609162315562941,0,1,7,M,RS003,A09,45.23,1,3,1,1416179,2024-07-02,2024-10-02,auto,1300000,1.0893684615384616
4989988882592368,1,0,7,F,RS002,Z34.0,73.0,1,4,4,4879237,2024-01-18,2024-10-03,auto,800000,6.09904625
1017927327616206,0,1,45,M,RS002,M54.5,93.39,3,4,1,4966217,2024-03-08,2024-10-03,auto,1800000,2.7590094444444446
7913795062628133,0,1,65,F,RS009,E66.9,99.28,1,2,3,7800461,2024-02-08,2024-10-03,manual,1000000,7.800461
5711219656369910,0,1,29,F,RS003,Z03.8,93.91,1,4,0,8733482,2024-09-11,2024-10-03,auto,1200000,7.277901666666667
9466513359166530,1,1,38,F,RS009,R50.9,99.19,2,4,0,7984188,2024-07-02,2024-10-03,manual,1000000,7.984188
7122359134634512,1,1,8,F,RS009,Z00.0,93.99,2,1,0,4938350,2024-03-13,2024-10-03,auto,700000,7.054785714285714
9747574226192097,1,1,74,M,RS005,I25.1,99.24,1,2,4,1734458,2024-01-17,2024-10-04,manual,5000000,0.3468916
6859008503910194,0,1,51,F,RS004,R10.4,87.09,3,2,1,9053702,2024-02-27,2024-10-04,manual,1200000,7.5447516666666665
0673374816293677,1,1,81,M,RS010,E11,99.10,3,4,2,2141982,2024-06-25,2024-10-04,manual,2500000,0.8567928
0662776982427498,1,1,10,M,RS010,R10.4,45.23,2,1,0,7283437,2024-08-20,2024-10-04,auto,1200000,6.069530833333333
6482197167666239,1,1,34,M,RS003,J45.9,93.96,3,4,1,898871,2024-09-10,2024-10-04,auto,2300000,0.39081347826086954
6294636969505306,1,1,47,F,RS007,A09,45.23,3,4,2,8512316,2024-08-02,2024-10-04,manual,1300000,6.547935384615385
6663937571532816,0,1,71,F,RS006,R10.4,45.23,1,2,0,4265872,2024-10-03,2024-10-05,auto,1200000,3.5548933333333332
7531794404588024,0,0,22,M,RS007,Z03.8,93.91,3,2,0,8867169,2024-09-03,2024-10-05,auto,1200000,7.3893075
3339973951529335,1,1,83,F,RS004,A09,45.23,1,2,1,7334093,2024-04-02,2024-10-05,auto,1300000,5.64161
6675448419592919,0,1,87,F,RS008,Z00.0,93.99,3,2,1,6445329,2024-06-10,2024-10-05,auto,700000,9.207612857142857
3374573990747047,1,0,67,F,RS006,H25.9,13.1,2,3,0,7465433,2024-02-24,2024-10-07,auto,7500000,0.9953910666666667
8498191070090501,0,1,65,F,RS001,J00,93.9,2,1,2,9971954,2024-08-21,2024-10-07,auto,500000,19.943908
2386590318287135,1,1,88,F,RS005,H25.9,13.4,2,3,0,3521448,2024-09-05,2024-10-07,auto,7500000,0.4695264
8482875736010738,1,1,83,F,RS005,K29.7,45.16,3,4,1,5282192,2024-04-22,2024-10-08,auto,1700000,3.1071717647058823
8813305509883461,1,0,3,M,RS003,H25.9,13.4,3,1,0,1286227,2024-02-10,2024-10-08,auto,7500000,0.17149693333333332
8692248918710825,1,1,46,F,RS005,N39.0,57.98,3,2,0,5987953,2024-03-18,2024-10-08,auto,2200000,2.721796818181818
9654713067687872,0,1,79,M,RS005,R50.9,99.19,3,2,0,1317978,2024-08-01,2024-10-08,manual,1000000,1.317978
5685188568122260,1,1,87,M,RS007,I10,99.04,3,3,3,8801015,2024-04-24,2024-10-08,manual,2000000,4.4005075
6691875244504564,1,1,26,F,RS005,H25.9,13.5,2,3,0,9218463,2024-02-13,2024-10-08,auto,7500000,1.2291284
2275913440801967,1,1,65,F,RS004,R50.9,99.19,1,2,1,8709245,2024-10-02,2024-10-08,auto,1000000,8.709245
5647968168032068,0,1,73,F,RS005,K21.0,45.16,3,1,3,7953433,2024-08-15,2024-10-09,auto,1400000,5.681023571428572
5343769046245881,1,1,80,F,RS001,J45.9,93.96,2,1,0,3575404,2024-10-01,2024-10-09,manual,2300000,1.5545234782608697
2731468749979310,1,1,27,F,RS008,I10,99.04,1,2,1,1051032,2024-10-01,2024-10-09,manual,2000000,0.525516
1717134770253599,1,1,30,F,RS002,K29.7,45.16,3,2,3,5119426,2024-07-17,2024-10-09,auto,1700000,3.0114270588235295
6084293758120625,1,1,77,F,RS004,J00,93.9,3,2,2,6623440,2024-09-20,2024-10-09,auto,500000,13.24688
4070916106914059,1,1,8,F,RS001,R10.4,87.09,2,4,0,1529615,2024-07-10,2024-10-10,auto,1200000,1.2746791666666666
9506504402505007,1,0,62,F,RS003,K29.7,45.16,3,4,0,2354939,2024-03-06,2024-10-10,manual,1700000,1.3852582352941176
1144026668555637,1,0,81,M,RS007,A09,45.23,2,3,0,6245511,2024-08-21,2024-10-10,auto,1300000,4.804239230769231
2171149304446851,1,1,42,M,RS004,R50.9,99.19,1,1,0,9770690,2024-05-30,2024-10-10,manual,1000000,9.77069
5684584675729210,1,1,41,M,RS006,M54.5,93.39,1,1,2,573664,2024-01-12,2024-10-10,auto,1800000,0.3187022222222222
4252525526263830,0,1,53,F,RS005,A09,45.23,3,1,1,5188729,2024-03-06,2024-10-10,auto,1300000,3.99133
2199556722624474,1,1,90,F,RS008,Z03.8,93.91,2,3,0,586085,2024-07-02,2024-10-10,manual,1200000,0.48840416666666664
3250605319470314,1,1,19,M,RS001,K29.7,45.16,3,1,2,7397743,2024-02-10,2024-10-11,auto,1700000,4.351613529411765
2518929604608639,1,1,58,F,RS005,A09,45.23,2,2,0,6942148,2024-01-09,2024-10-11,auto,1300000,5.340113846153846
4813161534313995,1,1,86,F,RS002,O80,72.0,2,2,2,8559569,2024-08-12,2024-10-11,auto,3500000,2.445591142857143
2251905287892247,1,1,76,M,RS005,M54.5,93.39,3,3,0,3423802,2024-05-04,2024-10-11,manual,1800000,1.9021122222222222
1426163359843708,1,1,18,F,RS004,E11,99.10,2,4,1,8992459,2024-02-03,2024-10-11,manual,2500000,3.5969836
0652949135187316,1,0,13,F,RS009,R50.9,99.19,1,3,0,4082446,2024-03-25,2024-10-11,manual,1000000,4.082446
1932837844152572,1,1,80,M,RS001,A09,45.23,2,2,3,543469,2024-07-04,2024-10-11,auto,1300000,0.4180530769230769
2465354732665075,0,0,19,M,RS003,O80,72.0,2,3,3,4814756,2024-02-02,2024-10-11,auto,3500000,1.3756445714285714
8345854329008913,1,1,44,F,RS004,K29.7,45.16,1,1,2,9506737,2024-09-10,2024-10-12,auto,1700000,5.592198235294117
8392933547891253,1,1,2,F,RS004,A09,45.23,2,3,1,6885700,2024-06-28,2024-10-12,manual,1300000,5.296692307692307
5647968168032068,0,1,73,F,RS005,K21.0,45.16,1,4,1,5431297,2024-09-14,2024-10-12,auto,1400000,3.8794978571428573
6321540065345899,1,1,10,F,RS006,R50.9,99.19,1,1,0,1250418,2024-04-06,2024-10-12,manual,1000000,1.250418
3365989046032572,1,1,72,F,RS008,J00,93.9,2,1,0,8666618,2024-01-08,2024-10-12,auto,500000,17.333236
4734721018569887,0,1,47,M,RS003,R50.9,99.19,3,3,0,6231628,2024-07-24,2024-10-14,auto,1000000,6.231628
2131451356655480,1,1,60,M,RS004,R10.4,45.23,2,1,2,5151041,2024-08-30,2024-10-14,auto,1200000,4.292534166666667
0044079541257972,0,1,42,F,RS005,Z00.0,93.99,1,4,0,3242330,2024-08-14,2024-10-14,auto,700000,4.6319
4150966194478088,1,1,73,M,RS003,H25.9,13.5,3,1,0,5849435,2024-02-02,2024-10-14,auto,7500000,0.7799246666666667
3125702526543398,1,0,85,M,RS008,Z03.8,93.91,3,3,1,811771,2024-04-03,2024-10-14,auto,1200000,0.6764758333333334
5575277090222754,0,1,9,F,RS006,K21.0,45.16,2,1,2,8186430,2024-08-20,2024-10-14,manual,1400000,5.84745
5201789267133296,0,1,76,F,RS008,Z03.8,93.91,3,4,0,5956147,2024-03-12,2024-10-14,manual,1200000,4.963455833333334
4246634379700811,1,1,68,M,RS007,E11,99.10,2,2,2,5476271,2024-03-19,2024-10-14,manual,2500000,2.1905084
9959670986869068,1,0,44,F,RS003,I10,99.04,2,3,3,5646048,2024-06-24,2024-10-14,manual,2000000,2.823024
7826380642459211,0,0,16,F,RS001,I25.1,36.15,3,4,3,8990824,2024-03-20,2024-10-14,manual,5000000,1.7981648
7370205258922667,1,1,40,M,RS003,K29.7,45.16,2,3,1,9004517,2024-02-14,2024-10-15,auto,1700000,5.296774705882353
4864750948347430,0,0,26,M,RS002,J00,93.9,2,1,0,2727615,2024-02-13,2024-10-15,auto,500000,5.45523
2304257551681757,1,1,47,M,RS005,J00,93.9,3,1,0,7928786,2024-08-09,2024-10-15,auto,500000,15.857572
4653360519755402,1,0,8,F,RS003,J45.9,93.96,2,3,0,6322371,2024-05-04,2024-10-15,auto,2300000,2.748856956521739
2566203662555990,1,0,78,F,RS005,I10,99.04,2,3,4,6124799,2024-04-11,2024-10-15,auto,2000000,3.0623995
6907208612896705,1,0,86,F,RS002,K29.7,45.16,1,4,0,3294046,2024-05-27,2024-10-15,auto,1700000,1.9376741176470589
6482197167666239,1,1,34,M,RS003,J18.9,96.04,3,2,1,7410945,2024-04-05,2024-10-15,auto,4200000,1.7645107142857144
1584431824682229,0,1,30,F,RS008,R50.9,99.19,2,1,0,2054346,2024-07-20,2024-10-15,manual,1000000,2.054346
7052178650490800,1,1,17,F,RS003,J45.9,93.96,2,3,1,9763255,2024-04-10,2024-10-16,manual,2300000,4.244893478260869
0302990690908133,1,1,90,M,RS001,H25.9,13.1,1,4,0,8949899,2024-08-21,2024-10-16,manual,7500000,1.1933198666666667
6249279323195675,1,1,90,M,RS001,I25.1,99.24,3,4,3,5350225,2024-09-06,2024-10-16,manual,5000000,1.070045
7017125485426760,0,1,55,F,RS005,Z03.8,93.91,2,1,0,3855344,2024-06-15,2024-10-16,manual,1200000,3.2127866666666667
9393823443913568,0,1,8,M,RS008,I10,99.04,3,4,0,866079,2024-05-04,2024-10-16,manual,2000000,0.4330395
5713917649111565,1,0,22,F,RS004,J18.9,96.04,3,4,2,2719652,2024-07-04,2024-10-16,auto,4200000,0.6475361904761905
5245956282140742,1,1,64,F,RS007,I25.1,99.24,2,4,3,1298923,2024-04-01,2024-10-17,auto,5000000,0.2597846
5356985323698790,1,1,6,M,RS010,O80,72.0,2,4,2,4186100,2024-10-12,2024-10-17,auto,3500000,1.1960285714285714
9868037317108449,1,1,15,F,RS004,K21.0,45.16,2,3,1,3052348,2024-05-16,2024-10-17,auto,1400000,2.1802485714285713
8628608510978748,1,0,50,F,RS010,E11,99.10,2,4,3,3795468,2024-01-25,2024-10-17,auto,2500000,1.5181872
2467496622622119,1,1,80,F,RS004,K29.7,45.16,3,1,1,1578608,2024-10-12,2024-10-17,auto,1700000,0.9285929411764706
0173984806822654,0,1,39,M,RS003,E66.9,99.28,1,1,2,9770089,2024-01-15,2024-10-17,manual,1000000,9.770089
6476747739829272,1,1,20,F,RS010,N39.0,57.98,2,4,2,1789959,2024-01-15,2024-10-17,auto,2200000,0.8136177272727273
2251905287892247,1,1,76,M,RS005,M54.5,93.39,3,1,0,2385058,2024-02-15,2024-10-17,auto,1800000,1.3250322222222222
9873752149437503,1,0,42,F,RS002,Z00.0,93.99,3,1,0,2875776,2024-08-22,2024-10-17,manual,700000,4.108251428571428
8098545643558590,1,0,10,F,RS010,N39.0,57.94,3,1,2,7819256,2024-08-03,2024-10-17,auto,2200000,3.5542072727272727
0871431231304485,1,1,40,M,RS003,E66.9,99.28,2,1,3,9580870,2024-05-27,2024-10-18,auto,1000000,9.58087
2182279286324316,1,0,27,F,RS004,O80,72.0,1,4,1,1105797,2024-09-27,2024-10-18,manual,3500000,0.315942
0481068706907292,1,1,90,F,RS004,J00,93.9,1,3,0,7421576,2024-09-25,2024-10-18,auto,500000,14.843152
3030519942786973,1,1,44,F,RS004,Z34.0,73.0,2,2,2,5977015,2024-03-21,2024-10-18,auto,800000,7.47126875
3879706923493545,1,1,84,M,RS009,O80,72.0,1,2,3,5548659,2024-03-14,2024-10-18,auto,3500000,1.5853311428571428
9732458967890419,1,1,79,M,RS001,K29.7,45.16,2,2,0,1720054,2024-04-24,2024-10-18,auto,1700000,1.0117964705882352
7381422358669735,1,0,82,F,RS001,H25.9,13.5,1,3,0,7875400,2024-04-13,2024-10-19,auto,7500000,1.0500533333333333
8459165639829967,1,0,28,M,RS004,N39.0,57.98,1,3,1,8441923,2024-07-02,2024-10-19,auto,2200000,3.8372377272727274
7032311513807658,0,1,55,M,RS004,J00,93.9,1,1,0,6244467,2024-08-08,2024-10-19,auto,500000,12.488934
2891880979189409,1,0,53,M,RS005,J00,93.9,2,3,1,7532314,2024-06-17,2024-10-19,manual,500000,15.064628
9432885362614517,1,1,89,M,RS004,I25.1,36.15,2,1,1,2021300,2024-04-27,2024-10-19,manual,5000000,0.40426
6954875170123825,1,0,47,M,RS007,I25.1,36.15,1,2,0,772760,2024-03-09,2024-10-19,manual,5000000,0.154552
6234061294955484,1,1,73,F,RS009,R10.4,45.23,3,4,0,2877976,2024-08-13,2024-10-21,auto,1200000,2.3983133333333333
0656666842337095,1,1,88,M,RS005,H25.9,13.5,2,4,0,8839622,2024-10-08,2024-10-21,auto,7500000,1.1786162666666666
7832818970023545,1,0,47,M,RS001,R50.9,99.19,1,3,0,3560910,2024-08-19,2024-10-21,manual,1000000,3.56091
9367790213174776,1,1,26,M,RS004,K21.0,45.16,1,3,2,2601276,2024-05-25,2024-10-21,auto,1400000,1.8580542857142857
0673374816293677,1,1,81,M,RS010,E66.9,99.28,2,2,2,3842239,2024-06-24,2024-10-21,manual,1000000,3.842239
7487553448839459,0,1,39,F,RS003,Z00.0,93.99,2,3,0,6037423,2024-09-05,2024-10-21,auto,700000,8.62489
1265114964492096,1,1,24,F,RS007,I10,99.04,1,2,3,8278735,2024-02-07,2024-10-21,manual,2000000,4.1393675
2630136003057836,0,1,26,M,RS003,J00,93.9,3,3,2,2894340,2024-03-06,2024-10-21,manual,500000,5.78868
5140743779299850,0,1,43,F,RS006,I25.1,99.24,3,1,1,8291361,2024-10-15,2024-10-21,manual,5000000,1.6582722
1737443541981378,1,1,60,F,RS002,J00,93.9,1,1,1,6327026,2024-09-16,2024-10-21,manual,500000,12.654052
1456379441744140,0,1,43,F,RS010,Z03.8,93.91,1,1,0,6124864,2024-03-16,2024-10-21,manual,1200000,5.104053333333334
8510752161319011,1,1,84,F,RS002,O80,72.0,2,2,2,5428340,2024-06-15,2024-10-22,auto,3500000,1.5509542857142857
0825062666171844,0,0,89,F,RS002,J45.9,93.96,2,2,0,4028516,2024-08-12,2024-10-22,manual,2300000,1.7515286956521738
7907315054201660,0,1,77,M,RS009,Z34.0,73.0,3,3,2,5734023,2024-09-09,2024-10-22,auto,800000,7.16752875
8056839724228373,1,1,46,M,RS003,Z00.0,93.99,3,4,0,5475102,2024-09-27,2024-10-22,auto,700000,7.821574285714286
0263099918250448,1,1,88,M,RS004,Z00.0,93.99,1,1,2,7518957,2024-05-16,2024-10-22,auto,700000,10.741367142857143
9642444787991293,1,1,50,M,RS001,R10.4,45.23,2,1,2,1129902,2024-02-05,2024-10-22,manual,1200000,0.941585
8696680844324872,1,1,41,M,RS007,K29.7,45.16,3,1,2,2082405,2024-02-05,2024-10-22,auto,1700000,1.2249441176470588
8018675692363227,0,1,37,M,RS001,N39.0,57.94,3,4,0,2730147,2024-01-17,2024-10-22,auto,2200000,1.2409759090909092
8813305509883461,1,0,3,M,RS003,H25.9,13.1,2,3,0,4875304,2024-01-27,2024-10-22,manual,7500000,0.6500405333333333
7948698175419963,1,1,74,M,RS005,H25.9,13.4,2,2,0,4274827,2024-07-16,2024-10-22,manual,7500000,0.5699769333333333
7804569773289670,1,0,65,F,RS008,O80,72.0,3,4,4,970450,2024-08-26,2024-10-22,auto,3500000,0.27727142857142856
0777186281397697,1,1,33,M,RS001,A09,45.23,3,2,1,4587691,2024-03-29,2024-10-23,auto,1300000,3.528993076923077
4747676997057084,1,1,70,F,RS008,E66.9,99.28,3,4,1,9458015,2024-09-11,2024-10-23,manual,1000000,9.458015
6026617086952876,1,1,17,M,RS002,E66.9,99.28,2,3,1,8752187,2024-10-15,2024-10-23,manual,1000000,8.752187
5707893723657223,1,1,77,F,RS006,R10.4,87.09,2,4,0,9613682,2024-07-10,2024-10-23,manual,1200000,8.011401666666666
4842158416680125,1,1,86,M,RS008,H25.9,13.4,3,4,0,1000378,2024-07-16,2024-10-23,manual,7500000,0.13338373333333334
3666213973413878,0,1,46,F,RS006,K29.7,45.16,2,4,2,7546917,2024-06-22,2024-10-23,manual,1700000,4.439362941176471
3036575324379062,0,1,26,M,RS007,Z03.8,93.91,2,4,0,3154698,2024-01-26,2024-10-24,auto,1200000,2.628915
0143015903197236,1,0,86,M,RS003,N39.0,57.94,2,3,4,6676749,2024-04-22,2024-10-24,auto,2200000,3.0348859090909093
9093810094948070,0,1,16,F,RS004,R50.9,99.19,3,2,0,5346977,2024-08-17,2024-10-24,auto,1000000,5.346977
1053801873199946,1,1,35,F,RS001,Z34.0,73.0,2,2,2,4514950,2024-10-25,2024-10-27,auto,800000,5.6436875
8528622624108403,1,1,6,F,RS010,Z00.0,93.99,1,2,1,4428123,2024-02-17,2024-10-24,manual,700000,6.32589
8282712405092353,1,1,47,M,RS007,Z34.0,73.0,2,1,3,8907212,2024-05-01,2024-10-24,manual,800000,11.134015
6862512011531669,0,1,66,M,RS008,Z00.0,93.99,1,3,0,3455027,2024-06-15,2024-10-24,manual,700000,4.935752857142857
2011200014076145,1,1,1,F,RS007,Z00.0,93.99,2,3,0,4210481,2024-03-12,2024-10-24,auto,700000,6.014972857142857
0974452209400816,1,1,58,M,RS004,I25.1,36.15,1,1,1,8837588,2024-06-07,2024-10-25,auto,5000000,1.7675176
7889581571818786,1,1,36,F,RS004,E66.9,99.28,3,2,1,1852222,2024-10-10,2024-10-25,manual,1000000,1.852222
9934677224493339,1,0,73,F,RS007,J18.9,93.94,3,3,1,3327660,2024-05-03,2024-10-25,auto,4200000,0.7923
2834135883237732,1,1,71,M,RS009,J18.9,93.94,3,4,1,6103760,2024-09-07,2024-10-25,manual,4200000,1.4532761904761904
4448971013075441,1,1,27,F,RS006,E66.9,99.28,2,1,4,4778638,2024-05-03,2024-10-25,manual,1000000,4.778638
0026950361518025,1,0,74,M,RS008,Z00.0,93.99,1,2,2,3039811,2024-09-13,2024-10-26,auto,700000,4.342587142857143
3358180556372134,0,0,7,F,RS010,I25.1,99.24,3,3,3,1886688,2024-07-04,2024-10-26,manual,5000000,0.3773376
3617481897877767,0,1,1,M,RS005,I25.1,36.15,3,2,4,7454130,2024-03-01,2024-10-26,manual,5000000,1.490826
9786737746073421,1,0,2,F,RS008,A09,45.23,1,4,0,1676710,2024-04-06,2024-10-26,manual,1300000,1.2897769230769232
0747479228763775,1,1,55,F,RS008,J45.9,93.96,3,4,1,3281264,2024-02-15,2024-10-26,auto,2300000,1.4266365217391304
9537123692699614,1,1,78,F,RS008,K21.0,45.16,1,4,0,5619602,2024-01-06,2024-10-28,auto,1400000,4.0140014285714285
1433090523121539,1,0,58,M,RS007,M54.5,93.39,3,3,0,4474758,2024-05-18,2024-10-28,manual,1800000,2.4859766666666667
6600666742590162,1,1,20,M,RS003,E11,99.10,3,2,1,2785129,2024-02-15,2024-10-28,auto,2500000,1.1140516
7869313476679676,1,0,24,F,RS007,M54.5,93.39,2,3,0,5501603,2024-02-17,2024-10-28,auto,1800000,3.056446111111111
6385962290088984,1,0,14,F,RS008,A09,45.23,2,2,2,5209823,2024-10-04,2024-10-29,manual,1300000,4.007556153846154
5647968168032068,0,1,73,F,RS005,A09,45.23,1,4,2,831931,2024-06-07,2024-10-29,auto,1300000,0.639946923076923
3409067444561453,0,0,61,F,RS001,E66.9,99.28,1,4,2,6456981,2024-07-24,2024-10-29,auto,1000000,6.456981
5677715415216966,1,1,23,M,RS002,K29.7,45.16,3,3,2,9483361,2024-09-21,2024-10-29,manual,1700000,5.578447647058823
8350970383751336,1,1,89,F,RS008,I25.1,99.24,1,3,2,2175622,2024-09-13,2024-10-29,manual,5000000,0.4351244
9134199857726285,0,1,13,M,RS001,R10.4,87.09,3,2,0,3126486,2024-01-16,2024-10-30,manual,1200000,2.605405
8202054422518066,1,1,14,F,RS008,J00,93.9,1,1,0,2189836,2024-01-23,2024-10-30,manual,500000,4.379672
0260081578038436,1,1,55,F,RS001,J45.9,93.96,2,2,2,9164491,2024-07-22,2024-10-30,manual,2300000,3.9845613043478263
7824943251185450,1,1,41,M,RS004,Z00.0,93.99,2,3,0,2037827,2024-02-29,2024-10-30,manual,700000,2.9111814285714286
7714590588821549,1,1,25,F,RS006,E11,99.10,1,4,1,7202231,2024-05-10,2024-10-30,auto,2500000,2.8808924
3897763827102959,1,1,69,F,RS008,J18.9,96.04,2,1,0,2596000,2024-03-05,2024-10-30,manual,4200000,0.6180952380952381
5960001558299677,0,1,48,M,RS008,I10,99.04,3,3,3,9369281,2024-08-21,2024-10-30,auto,2000000,4.6846405
2827932116453436,1,1,65,F,RS007,R10.4,45.23,3,1,0,2877635,2024-04-12,2024-10-31,auto,1200000,2.398029166666667
0942833382591512,1,0,38,F,RS010,K21.0,45.16,1,2,0,4613071,2024-04-20,2024-10-31,auto,1400000,3.2950507142857144
3492025524091001,1,0,42,F,RS008,J45.9,93.96,2,1,0,7223308,2024-05-18,2024-10-31,manual,2300000,3.140568695652174
8808508442265323,1,1,9,M,RS008,J00,93.9,3,1,0,7260390,2024-05-24,2024-10-31,auto,500000,14.52078
0140430681574890,1,1,44,M,RS006,J18.9,96.04,1,2,0,7806104,2024-05-20,2024-10-31,auto,4200000,1.8585961904761905
1309726032011272,1,1,87,F,RS008,H25.9,13.5,1,4,0,2507129,2024-06-12,2024-11-01,auto,7500000,0.33428386666666665
3042648763683951,1,1,86,M,RS005,J00,93.9,2,1,1,8874893,2024-02-24,2024-11-01,manual,500000,17.749786
9681365391342537,1,1,87,F,RS009,N39.0,57.94,3,3,1,5159843,2024-03-08,2024-11-01,auto,2200000,2.345383181818182
6447468153898644,0,1,27,M,RS002,K21.0,45.16,2,1,1,5155561,2024-08-24,2024-11-01,auto,1400000,3.6825435714285715
7356070297812652,1,1,71,M,RS008,J00,93.9,3,1,0,9635165,2024-10-22,2024-11-01,auto,500000,19.27033
5798574019483136,0,1,72,M,RS008,E66.9,99.28,1,3,2,9912686,2024-09-26,2024-11-01,auto,1000000,9.912686
0837377191805336,1,1,83,M,RS009,R50.9,99.19,1,1,2,1437772,2024-05-24,2024-11-02,auto,1000000,1.437772
7417378451318095,0,1,56,M,RS003,J45.9,93.96,1,1,1,5644517,2024-10-08,2024-11-02,manual,2300000,2.4541378260869564
0955641672780563,1,1,44,F,RS001,Z34.0,73.0,3,1,1,8285387,2024-01-31,2024-11-02,manual,800000,10.35673375
9487517218764614,1,1,51,M,RS010,E11,99.10,3,2,1,1862855,2024-01-25,2024-11-02,auto,2500000,0.745142
4657436164816575,1,1,82,M,RS010,R10.4,87.09,3,2,1,4972219,2024-08-05,2024-11-02,auto,1200000,4.143515833333334
2661855889819557,1,1,69,F,RS005,J18.9,96.04,1,2,0,6285829,2024-07-11,2024-11-02,manual,4200000,1.4966259523809524
3330804687169543,0,1,50,M,RS002,E11,99.10,3,3,2,9513589,2024-01-05,2024-11-02,manual,2500000,3.8054356
3634853207244082,0,1,28,M,RS007,K21.0,45.16,2,1,1,4875531,2024-07-05,2024-11-02,auto,1400000,3.482522142857143
6954875170123825,1,0,47,M,RS007,I10,99.04,1,3,2,3019881,2024-05-30,2024-11-04,manual,2000000,1.5099405
2949852026368660,1,1,50,M,RS002,Z34.0,73.0,2,2,3,7061818,2024-10-22,2024-11-04,manual,800000,8.8272725
6500701680322492,1,1,45,M,RS010,E11,99.10,2,2,1,7284765,2024-02-06,2024-11-04,manual,2500000,2.913906
0200560463621753,1,1,74,F,RS008,J18.9,93.94,3,3,1,6372542,2024-07-30,2024-11-04,auto,4200000,1.5172719047619048
1309726032011272,1,1,87,F,RS008,H25.9,13.1,2,2,0,3302237,2024-05-14,2024-11-04,manual,7500000,0.44029826666666666
2067327823551775,1,1,40,F,RS008,R10.4,45.23,3,4,0,2646331,2024-06-08,2024-11-04,auto,1200000,2.2052758333333333
1966130377363425,1,1,56,F,RS002,J00,93.9,3,1,1,8105808,2024-05-16,2024-11-05,manual,500000,16.211616
0507761649408367,0,1,3,M,RS008,K29.7,45.16,3,1,1,5619313,2024-10-31,2024-11-05,auto,1700000,3.3054782352941174
2552889576569335,1,0,37,F,RS007,K21.0,45.16,3,1,0,6116832,2024-06-19,2024-11-05,auto,1400000,4.369165714285714
1304020365350044,1,1,59,F,RS005,A09,45.23,2,4,0,4141164,2024-06-17,2024-11-05,auto,1300000,3.185510769230769
2320200927976298,0,0,40,F,RS006,H25.9,13.5,3,1,0,1448560,2024-01-05,2024-11-05,auto,7500000,0.19314133333333333
1743353525294579,1,1,4,F,RS007,I10,99.04,1,2,3,2206808,2024-09-03,2024-11-05,auto,2000000,1.103404
0948352213151115,0,1,7,M,RS004,O80,72.0,3,3,1,4504324,2024-05-08,2024-11-05,manual,3500000,1.2869497142857143
0848093134701863,1,1,57,F,RS003,Z00.0,93.99,3,4,1,7173982,2024-05-25,2024-11-06,auto,700000,10.248545714285715
7458930025627942,1,0,23,F,RS001,E66.9,99.28,2,3,2,4777391,2024-06-08,2024-11-06,auto,1000000,4.777391
1920995916802177,1,1,21,M,RS007,Z03.8,93.91,2,3,0,5547030,2024-02-26,2024-11-06,manual,1200000,4.622525
0511909183562140,1,1,73,M,RS010,Z03.8,93.91,1,1,0,3511906,2024-05-14,2024-11-06,manual,1200000,2.926588333333333
2572526405845796,1,1,89,F,RS005,M54.5,93.39,3,2,0,3438394,2024-07-26,2024-11-06,manual,1800000,1.910218888888889
6359534663487435,1,0,76,F,RS001,J45.9,93.96,2,3,2,2529248,2024-03-12,2024-11-06,manual,2300000,1.099673043478261
9367790213174776,1,1,26,M,RS004,K29.7,45.16,2,4,2,6725902,2024-11-02,2024-11-07,manual,1700000,3.956412941176471
2226813517358157,1,1,60,F,RS008,H25.9,13.1,2,1,1,9168546,2024-10-26,2024-11-07,auto,7500000,1.2224728
2858505853582813,0,1,10,M,RS010,Z00.0,93.99,3,2,0,3060038,2024-04-12,2024-11-07,auto,700000,4.3714828571428574
8092679456933417,1,1,57,M,RS008,K29.7,45.16,2,2,0,9212251,2024-05-10,2024-11-07,auto,1700000,5.418971176470588
2509494660329666,1,1,20,M,RS010,K21.0,45.16,3,4,2,8423199,2024-08-13,2024-11-07,manual,1400000,6.016570714285714
0728825820104915,1,1,50,M,RS004,J00,93.9,1,3,1,777470,2024-10-21,2024-11-07,manual,500000,1.55494
5980756888763223,1,1,53,M,RS005,J18.9,96.04,3,3,1,681483,2024-05-16,2024-11-08,manual,4200000,0.16225785714285715
9256411682449471,0,1,50,M,RS006,N39.0,57.98,3,4,0,5799470,2024-10-05,2024-11-08,manual,2200000,2.6361227272727272
5722967829365145,0,1,38,M,RS006,Z00.0,93.99,3,4,0,2432609,2024-07-18,2024-11-08,auto,700000,3.475155714285714
0234597382655658,1,1,13,M,RS005,E11,99.10,3,1,1,8334640,2024-06-21,2024-11-08,manual,2500000,3.333856
9786737746073421,1,0,2,F,RS008,K21.0,45.16,1,4,0,6193449,2024-01-02,2024-11-08,auto,1400000,4.4238921428571425
0728825820104915,1,1,50,M,RS009,J00,93.9,3,1,0,3718684,2024-05-07,2024-11-08,manual,500000,7.437368
6691875244504564,1,1,26,F,RS005,H25.9,13.4,2,2,0,7871956,2024-05-17,2024-11-09,auto,7500000,1.0495941333333334
1666226553338808,0,1,27,F,RS003,J18.9,93.94,3,4,2,707512,2024-08-19,2024-11-09,auto,4200000,0.1684552380952381
3084904062959448,0,0,69,F,RS006,N39.0,57.98,1,4,1,4018621,2024-01-01,2024-11-09,manual,2200000,1.826645909090909
4281208182104094,1,1,47,F,RS003,R10.4,45.23,3,4,1,5879887,2024-10-16,2024-11-09,auto,1200000,4.899905833333333
5338457848884388,1,1,72,F,RS005,O80,72.0,2,1,2,6601172,2024-09-13,2024-11-09,auto,3500000,1.8860491428571429
3727989503261230,1,1,82,M,RS004,K21.0,45.16,2,2,2,7938119,2024-07-17,2024-11-09,auto,1400000,5.670085
5260422762330264,1,1,36,M,RS010,N39.0,57.98,2,4,0,5153060,2024-08-10,2024-11-09,manual,2200000,2.3423
5943113177988161,1,0,76,M,RS007,I25.1,99.24,3,4,2,3765846,2024-06-07,2024-11-09,auto,5000000,0.7531692
4178339311928578,0,1,32,M,RS006,H25.9,13.4,3,4,0,5221921,2024-09-03,2024-11-09,manual,7500000,0.6962561333333334
0073075960064860,1,0,46,F,RS005,J45.9,93.96,2,3,0,6570083,2024-04-19,2024-11-09,manual,2300000,2.8565578260869566
0759329526027876,1,1,47,F,RS001,O80,72.0,1,1,2,3735745,2024-06-05,2024-11-09,auto,3500000,1.0673557142857142
7015444135965527,1,1,57,F,RS009,E66.9,99.28,3,4,4,6251641,2024-01-23,2024-11-11,manual,1000000,6.251641
1520714846199201,0,1,77,F,RS007,J45.9,93.96,3,3,1,5896847,2024-02-07,2024-11-11,auto,2300000,2.5638465217391304
6840835586996761,1,1,8,F,RS006,E11,99.10,1,2,6,785472,2024-04-05,2024-11-11,auto,2500000,0.3141888
9348377310065652,1,1,4,F,RS010,J00,93.9,2,2,0,6169584,2024-10-24,2024-11-11,auto,500000,12.339168
1481381214925734,1,1,15,M,RS005,R10.4,45.23,2,4,1,9923719,2024-08-01,2024-11-11,manual,1200000,8.269765833333333
7859935000867847,1,0,67,F,RS001,K29.7,45.16,2,3,2,493105,2024-05-08,2024-11-12,auto,1700000,0.29006176470588235
2913539596413669,1,0,61,M,RS002,I10,99.04,1,3,2,8014285,2024-10-14,2024-11-12,manual,2000000,4.0071425
3121247992137668,1,1,16,F,RS001,R10.4,45.23,3,1,0,1106348,2024-07-23,2024-11-12,auto,1200000,0.9219566666666666
2211004655051377,1,1,33,F,RS009,N39.0,57.98,2,2,3,4279405,2024-04-27,2024-11-12,manual,2200000,1.945184090909091
9803835752365209,0,1,6,F,RS005,H25.9,13.5,3,2,0,9495384,2024-10-26,2024-11-12,manual,7500000,1.2660512
2168315908383585,0,1,2,F,RS001,A09,45.23,1,3,0,4391611,2024-10-16,2024-11-12,manual,1300000,3.3781623076923077
3506399569159956,1,1,43,F,RS008,O80,72.0,1,4,2,4703204,2024-10-29,2024-11-12,manual,3500000,1.3437725714285715
3342177724510006,1,1,13,F,RS007,Z34.0,73.0,1,4,2,1025627,2024-03-21,2024-11-12,manual,800000,1.28203375
6840867016380066,1,0,63,F,RS002,Z00.0,93.99,1,4,0,2709042,2024-08-07,2024-11-13,auto,700000,3.87006
2269541750060120,1,1,34,F,RS005,J00,93.9,2,1,0,1306916,2024-09-06,2024-11-13,manual,500000,2.613832
8244743543069125,1,1,48,F,RS002,I10,99.04,2,4,3,9611126,2024-04-13,2024-11-13,manual,2000000,4.805563
6321337633047226,1,1,60,M,RS007,K21.0,45.16,1,4,1,5223999,2024-08-30,2024-11-13,manual,1400000,3.731427857142857
4333693941290091,1,0,52,M,RS002,I25.1,36.15,2,3,1,6483447,2024-06-08,2024-11-13,manual,5000000,1.2966894
2088186843718702,1,1,20,M,RS005,J00,93.9,1,3,1,4159504,2024-10-17,2024-11-13,auto,500000,8.319008
1448904801933367,1,0,30,M,RS002,J45.9,93.96,3,2,2,6570149,2024-03-02,2024-11-13,manual,2300000,2.8565865217391306
9494277282128680,0,1,46,F,RS006,Z03.8,93.91,2,3,0,5714515,2024-04-23,2024-11-13,manual,1200000,4.762095833333333
8074272655952659,0,1,52,M,RS003,E66.9,99.28,1,1,1,2002815,2024-01-31,2024-11-13,auto,1000000,2.002815
6713021505662344,1,1,9,M,RS005,R50.9,99.19,3,2,0,7884003,2024-07-13,2024-11-13,manual,1000000,7.884003
2480470438720338,0,1,20,M,RS006,E66.9,99.28,2,3,2,9592462,2024-07-02,2024-11-14,auto,1000000,9.592462
3293263389821759,1,1,41,M,RS009,Z00.0,93.99,2,3,0,7456636,2024-09-24,2024-11-14,auto,700000,10.652337142857142
4719037266815746,1,0,59,F,RS007,Z03.8,93.91,2,2,0,5669652,2024-03-05,2024-11-14,manual,1200000,4.72471
6555118089289008,0,1,30,M,RS005,I25.1,36.15,2,1,4,4439189,2024-10-24,2024-11-14,manual,5000000,0.8878378
6209494305721231,1,0,54,F,RS005,H25.9,13.1,3,4,1,1228525,2024-07-04,2024-11-14,manual,7500000,0.16380333333333333
0841004995119686,1,0,76,F,RS010,J00,93.9,1,2,1,6152488,2024-09-03,2024-11-14,manual,500000,12.304976
8661118590863985,1,1,85,M,RS010,Z00.0,93.99,1,3,0,2566587,2024-09-26,2024-11-15,manual,700000,3.666552857142857
4570021552410028,1,1,49,F,RS007,J45.9,93.96,2,2,1,4610002,2024-02-08,2024-11-15,auto,2300000,2.004348695652174
4446723060228537,1,1,39,F,RS002,Z00.0,93.99,1,2,0,3024698,2024-11-07,2024-11-15,manual,700000,4.320997142857143
1144026668555637,1,0,81,M,RS007,M54.5,93.39,2,1,0,6788251,2024-05-16,2024-11-15,auto,1800000,3.7712505555555556
6088403484245749,0,0,25,F,RS006,E66.9,99.28,2,1,0,8944017,2024-09-30,2024-11-15,auto,1000000,8.944017
2074782046773564,1,0,5,M,RS001,J18.9,93.94,1,2,0,2344046,2024-07-18,2024-11-15,manual,4200000,0.5581061904761905
2566203662555990,1,0,78,F,RS002,I10,99.04,3,1,7,5344271,2024-03-14,2024-11-15,manual,2000000,2.6721355
8310456410787226,1,1,79,M,RS007,R10.4,45.23,3,3,0,4311645,2024-01-25,2024-11-15,auto,1200000,3.5930375
4162175195764334,1,1,17,M,RS008,O80,72.0,1,2,2,5674930,2024-01-23,2024-11-15,manual,3500000,1.6214085714285715
2691716812957370,0,1,87,F,RS004,A09,45.23,2,2,1,8854025,2024-09-18,2024-11-15,manual,1300000,6.810788461538461
8827045452732691,1,0,31,M,RS005,H25.9,13.4,1,3,1,8443720,2024-02-02,2024-11-16,manual,7500000,1.1258293333333333
6932234675712369,1,1,58,M,RS004,H25.9,13.4,2,2,0,8066589,2024-08-08,2024-11-16,manual,7500000,1.0755452
7152340647601388,1,1,38,M,RS006,K21.0,45.16,3,4,2,5257383,2024-10-10,2024-11-16,auto,1400000,3.7552735714285714
5177774970406353,0,0,89,F,RS007,K21.0,45.16,3,3,2,1834410,2024-05-15,2024-11-18,manual,1400000,1.3102928571428571
3127052948173669,1,1,89,M,RS004,K29.7,45.16,3,1,1,3304690,2024-09-25,2024-11-18,auto,1700000,1.943935294117647
7929733803903486,1,1,22,F,RS002,H25.9,13.5,1,3,0,2135152,2024-06-05,2024-11-18,manual,7500000,0.28468693333333334
2661855889819557,1,1,69,F,RS005,J45.9,93.96,1,3,0,9750031,2024-09-20,2024-11-18,manual,2300000,4.2391439130434785
6967751291864984,1,1,6,M,RS002,E11,99.10,3,1,0,5230131,2024-07-27,2024-11-18,manual,2500000,2.0920524
5419202869545734,1,1,40,M,RS002,K21.0,45.16,2,4,0,9355801,2024-05-23,2024-11-18,auto,1400000,6.682715
0795999503439731,1,1,88,F,RS003,E11,99.10,1,4,3,5470492,2024-10-05,2024-11-18,manual,2500000,2.1881968
6929918973312093,0,1,25,M,RS009,R10.4,87.09,3,3,1,9119683,2024-02-22,2024-11-18,auto,1200000,7.599735833333333
0507761649408367,0,1,3,M,RS008,K29.7,45.16,3,1,3,8948983,2024-10-12,2024-11-18,auto,1700000,5.2641076470588235
9116931109207361,1,1,88,M,RS001,I10,99.04,1,4,4,5764223,2024-08-24,2024-11-18,manual,2000000,2.8821115
6298405903376682,1,1,80,M,RS007,N39.0,57.94,3,2,2,8330158,2024-10-31,2024-11-18,manual,2200000,3.7864354545454546
8391890040333894,1,0,62,M,RS004,O80,72.0,3,1,1,2884506,2024-09-12,2024-11-18,manual,3500000,0.8241445714285714
9459198491869997,0,1,11,M,RS002,R50.9,99.19,2,4,1,9807386,2024-10-25,2024-11-18,manual,1000000,9.807386
9652556984279852,0,0,70,F,RS009,H25.9,13.4,1,2,0,8608557,2024-04-06,2024-11-19,manual,7500000,1.1478076
8544845231958323,1,0,13,F,RS008,I25.1,99.24,3,1,3,9264583,2024-09-25,2024-11-19,auto,5000000,1.8529166
1262264311427630,1,1,70,M,RS001,J18.9,93.94,1,2,0,8352795,2024-07-17,2024-11-19,auto,4200000,1.9887607142857142
4754782086099000,0,1,49,F,RS004,M54.5,93.39,2,1,0,9444839,2024-03-29,2024-11-19,manual,1800000,5.247132777777778
6805202621952470,1,1,57,M,RS001,J45.9,93.96,3,2,0,5201867,2024-09-12,2024-11-19,auto,2300000,2.261681304347826
5552238132440421,0,0,16,M,RS006,J45.9,93.96,3,4,0,9903784,2024-08-30,2024-11-19,auto,2300000,4.305993043478261
7918959926855964,0,1,35,F,RS010,Z34.0,73.0,3,1,2,8694437,2024-09-21,2024-11-19,manual,800000,10.86804625
4754782086099000,0,1,49,F,RS004,M54.5,93.39,2,1,0,6346816,2024-06-14,2024-11-19,manual,1800000,3.5260088888888887
2320546260898625,1,1,65,M,RS001,R10.4,87.09,2,1,0,8462601,2024-03-05,2024-11-19,manual,1200000,7.0521675
2988416978253776,1,0,66,M,RS007,N39.0,57.98,3,2,2,1567131,2024-04-24,2024-11-19,auto,2200000,0.7123322727272727
3561213450759841,0,1,52,M,RS005,J45.9,93.96,2,2,0,5335257,2024-11-15,2024-11-19,auto,2300000,2.319676956521739
4410730493672695,1,1,62,M,RS009,I25.1,99.24,1,1,0,9317690,2024-02-21,2024-11-19,auto,5000000,1.863538
6298405903376682,1,1,80,M,RS007,N39.0,57.98,1,2,1,2236046,2024-10-26,2024-11-20,manual,2200000,1.0163845454545455
1813792019977577,1,1,8,M,RS009,E66.9,99.28,1,4,4,4022522,2024-08-30,2024-11-20,manual,1000000,4.022522
7388236962230045,1,1,73,M,RS003,N39.0,57.98,3,3,0,6644785,2024-02-12,2024-11-20,auto,2200000,3.0203568181818183
9235098062820264,1,1,21,M,RS001,A09,45.23,3,1,3,3319945,2024-03-28,2024-11-20,auto,1300000,2.5538038461538464
4982397445932366,1,1,43,M,RS006,Z34.0,73.0,2,2,1,2437805,2024-04-03,2024-11-20,manual,800000,3.04725625
9579270123728644,1,1,29,F,RS003,A09,45.23,1,2,0,7642800,2024-08-13,2024-11-20,auto,1300000,5.879076923076923
0445117992311393,1,0,89,M,RS010,K29.7,45.16,1,3,1,2186146,2024-07-19,2024-11-20,auto,1700000,1.2859682352941177
5439027553348790,0,1,1,M,RS010,M54.5,93.39,3,2,0,8168730,2024-08-15,2024-11-21,manual,1800000,4.5381833333333335
1100486984081003,1,0,43,M,RS010,M54.5,93.39,2,2,0,2926991,2024-10-08,2024-11-21,auto,1800000,1.626106111111111
4924563452745917,1,0,76,F,RS007,E11,99.10,1,4,2,5566134,2024-07-05,2024-11-21,auto,2500000,2.2264536
3368168281228136,1,1,14,M,RS009,A09,45.23,2,1,0,7245727,2024-03-16,2024-11-21,auto,1300000,5.573636153846154
8497982321560447,1,0,56,F,RS004,R50.9,99.19,1,2,0,2506098,2024-05-03,2024-11-21,auto,1000000,2.506098
9509101809481881,1,1,2,M,RS004,K21.0,45.16,3,4,3,9114569,2024-06-20,2024-11-21,auto,1400000,6.510406428571429
7317434769110886,1,1,62,F,RS004,E11,99.10,3,2,1,8622094,2024-06-26,2024-11-21,manual,2500000,3.4488376
4432992918096198,0,1,52,F,RS006,J00,93.9,1,2,0,5839644,2024-09-30,2024-11-22,manual,500000,11.679288
6691875244504564,1,1,26,F,RS005,H25.9,13.4,2,1,0,6778192,2024-10-28,2024-11-22,manual,7500000,0.9037589333333333
1588339970503141,0,1,76,F,RS006,K29.7,45.16,1,4,1,8816869,2024-05-22,2024-11-22,manual,1700000,5.186393529411765
6379078397102101,0,1,17,F,RS010,K29.7,45.16,2,3,0,8813516,2024-08-14,2024-11-22,auto,1700000,5.184421176470588
4263231126665271,1,1,86,M,RS007,I25.1,99.24,2,1,3,5445828,2024-05-30,2024-11-22,auto,5000000,1.0891656
8482875736010738,1,1,83,F,RS005,K29.7,45.16,3,4,2,8508425,2024-10-22,2024-11-22,manual,1700000,5.004955882352941
0202653286426839,0,1,29,F,RS004,R50.9,99.19,3,4,0,2635608,2024-10-22,2024-11-22,auto,1000000,2.635608
0875142694809400,1,0,5,M,RS007,J00,93.9,2,2,0,9707493,2024-02-26,2024-11-22,manual,500000,19.414986
0074593099459362,1,1,53,M,RS009,Z00.0,93.99,3,3,0,1525288,2024-09-05,2024-11-22,manual,700000,2.178982857142857
7964973566431670,0,1,34,M,RS002,O80,72.0,3,3,3,4325342,2024-11-16,2024-11-22,auto,3500000,1.235812
7166026159058753,1,1,6,M,RS001,K21.0,45.16,3,1,0,7508645,2024-08-22,2024-11-22,manual,1400000,5.3633178571428575
8544845231958323,1,0,13,F,RS008,I25.1,99.24,2,3,3,5104580,2024-04-20,2024-11-22,manual,5000000,1.020916
4070916106914059,1,1,8,F,RS001,R10.4,45.23,1,3,0,5721398,2024-09-16,2024-11-22,auto,1200000,4.767831666666667
9367790213174776,1,1,26,M,RS004,K29.7,45.16,2,4,1,1230066,2024-09-21,2024-11-23,auto,1700000,0.7235682352941176
6875639298000694,1,0,1,M,RS001,M54.5,93.39,3,1,1,6043428,2024-04-09,2024-11-23,manual,1800000,3.35746
6906791659601743,1,1,15,F,RS009,R50.9,99.19,2,2,0,9001741,2024-10-31,2024-11-23,manual,1000000,9.001741
8831120919280719,0,1,72,F,RS004,R50.9,99.19,1,4,0,9771947,2024-08-27,2024-11-23,manual,1000000,9.771947
3939959990377015,0,0,13,F,RS003,I10,99.04,2,2,2,4020754,2024-08-20,2024-11-23,auto,2000000,2.010377
9873752149437503,1,0,42,F,RS002,Z00.0,93.99,3,3,0,4904552,2024-10-19,2024-11-23,auto,700000,7.006502857142857
8163781968018378,1,0,52,F,RS010,R10.4,45.23,3,1,3,1175060,2024-04-17,2024-11-23,auto,1200000,0.6667591666666667
1448904801933367,1,0,30,M,RS002,J45.9,93.96,2,3,1,5612779,2024-09-21,2024-11-25,manual,2300000,2.4403386956521738
0935218242488304,1,1,24,M,RS009,N39.0,57.98,1,1,0,672960,2024-03-06,2024-11-25,manual,2200000,0.3058909090909091
2857487166885947,1,1,33,F,RS004,N39.0,57.98,2,1,2,9972857,2024-07-06,2024-11-25,auto,2200000,4.533116818181818
3365828762666386,1,1,77,F,RS002,H25.9,13.4,2,4,0,7712590,2024-11-19,2024-11-25,manual,7500000,1.0283453333333332
7639827857392524,1,1,88,F,RS010,A09,45.23,2,2,0,685066,2024-03-23,2024-11-25,manual,1300000,0.5269738461538461
1130364344708384,1,0,22,F,RS005,A09,45.23,2,4,2,2790909,2024-10-01,2024-11-25,auto,1300000,2.146853076923077
2316414926065218,1,0,14,M,RS009,J18.9,96.04,3,1,0,9578215,2024-01-29,2024-11-26,manual,4200000,2.280527380952381
2858505853582813,0,1,10,M,RS010,I25.1,36.15,2,2,1,2429766,2024-10-19,2024-11-26,auto,5000000,0.4859532
9357512784816124,0,1,58,F,RS010,H25.9,13.1,1,2,0,8082115,2024-08-24,2024-11-26,manual,7500000,1.0776153333333334
7104644616545903,1,0,1,M,RS007,H25.9,13.1,1,1,0,6835295,2024-04-03,2024-11-26,manual,7500000,0.9113726666666667
0841004995119686,1,0,76,F,RS008,J00,93.9,2,3,0,5347723,2024-10-01,2024-11-27,auto,500000,10.695446
2269541750060120,1,1,34,F,RS005,J00,93.9,3,4,0,4788894,2024-04-02,2024-11-27,manual,500000,9.577788
8245095095164564,1,1,57,F,RS008,H25.9,13.5,2,3,0,4783841,2024-02-22,2024-11-27,manual,7500000,0.6378454666666666
4162175195764334,1,1,17,M,RS008,O80,72.0,1,2,4,2267076,2024-04-17,2024-11-27,auto,3500000,0.647736
1798148529728394,1,1,61,F,RS006,K29.7,45.16,1,3,0,6645386,2024-03-14,2024-11-27,manual,1700000,3.909050588235294
6379078397102101,0,1,17,F,RS010,A09,45.23,2,3,1,4480070,2024-01-02,2024-11-27,auto,1300000,3.4462076923076923
0158332536779803,1,1,73,F,RS002,E66.9,99.28,1,4,2,7699869,2024-05-03,2024-11-27,manual,1000000,7.699869
2095170039431707,0,1,71,M,RS001,K29.7,45.16,1,2,0,501860,2024-05-18,2024-11-27,manual,1700000,0.29521176470588234
4354955773113222,1,1,2,F,RS006,E66.9,99.28,3,4,1,4869740,2024-11-22,2024-11-27,auto,1000000,4.86974
9499830523423665,1,1,59,M,RS004,K21.0,45.16,3,1,3,1394045,2024-02-08,2024-11-28,auto,1400000,0.9957464285714286
4842158416680125,1,1,86,M,RS008,H25.9,13.5,2,3,0,7479725,2024-07-16,2024-11-28,auto,7500000,0.9972966666666667
9899947404723017,1,1,20,F,RS009,J45.9,93.96,2,4,1,6377726,2024-10-02,2024-11-28,manual,2300000,2.7729243478260868
5561331914707570,1,1,74,F,RS002,R10.4,45.23,1,4,0,6955476,2024-06-26,2024-11-28,manual,1200000,5.79623
8142924535919896,1,0,69,M,RS010,E66.9,99.28,2,1,1,7013850,2024-06-01,2024-11-28,manual,1000000,7.01385
7415917182276067,1,1,34,M,RS006,J18.9,93.94,2,3,0,5759886,2024-01-09,2024-11-29,manual,4200000,1.3714014285714287
0512040976420313,0,1,27,F,RS010,Z34.0,73.0,2,3,2,4000131,2024-10-09,2024-11-29,manual,800000,5.00016375
0618267810074962,1,1,63,F,RS009,I10,99.04,1,1,3,1225810,2024-10-26,2024-11-29,manual,2000000,0.612905
4520205236238556,0,1,72,F,RS004,Z34.0,73.0,3,1,4,2149511,2024-09-23,2024-11-29,auto,800000,2.68688875
9557635511730605,1,1,15,F,RS008,J45.9,93.96,1,1,1,5416902,2024-03-19,2024-11-29,auto,2300000,2.3551747826086955
0700240324666181,1,1,71,F,RS009,K29.7,45.16,2,2,0,8750759,2024-07-01,2024-11-29,manual,1700000,5.147505294117647
0507761649408367,0,1,3,M,RS008,K29.7,45.16,3,4,0,6224395,2024-05-04,2024-11-29,manual,1700000,3.6614088235294115
1323345054784032,1,1,85,M,RS009,N39.0,57.98,3,3,0,9280897,2024-10-23,2024-11-29,auto,2200000,4.218589545454545
1783753481312685,1,1,20,M,RS003,Z03.8,93.91,1,3,0,8455638,2024-03-14,2024-11-29,manual,1200000,7.046365
4527342938448643,1,1,42,F,RS007,I25.1,99.24,1,2,1,1031330,2024-05-10,2024-11-29,auto,5000000,0.206266
0561200547542228,0,0,60,M,RS005,K21.0,45.16,2,1,0,987839,2024-09-16,2024-11-30,auto,1400000,0.7055992857142858
0959440846731639,0,1,89,M,RS004,M54.5,93.39,2,2,1,9989446,2024-07-15,2024-11-30,auto,1800000,5.549692222222222
2182279286324316,1,0,27,F,RS004,O80,72.0,3,3,2,1098210,2024-08-05,2024-11-30,auto,3500000,0.31377428571428573
4570723345505603,1,1,41,F,RS002,J00,93.9,3,2,2,3067953,2024-03-23,2024-11-30,auto,500000,6.135906
4864587582161966,1,1,62,F,RS006,E11,99.10,1,2,2,1494445,2024-07-20,2024-11-30,auto,2500000,0.597778
0129286053114646,1,1,13,F,RS003,H25.9,13.1,1,3,0,3335674,2024-02-20,2024-11-30,manual,7500000,0.4447565333333333
2211004655051377,1,1,33,F,RS009,N39.0,57.98,3,4,0,3367700,2024-06-17,2024-11-30,manual,2200000,1.5307727272727272
1224150988666028,1,1,67,F,RS005,I10,99.04,2,1,5,3638779,2024-06-22,2024-12-02,manual,2000000,1.8193895
6183602084233795,1,1,8,M,RS007,K21.0,45.16,2,3,0,5219966,2024-08-06,2024-12-02,manual,1400000,3.728547142857143
4736925328653281,1,1,10,M,RS008,I10,99.04,3,1,3,2384770,2024-10-21,2024-12-02,manual,2000000,1.192385
3303275983419441,1,1,58,M,RS002,K21.0,45.16,3,4,0,2846179,2024-11-12,2024-12-03,auto,1400000,2.032985
7395836130859090,1,1,29,M,RS002,E66.9,99.28,3,4,2,3864897,2024-11-20,2024-12-03,manual,1000000,3.864897
2467496622622119,1,1,80,F,RS002,J00,93.9,3,3,0,2530447,2024-11-25,2024-12-03,manual,500000,5.060894
4989988882592368,1,0,7,F,RS002,Z34.0,73.0,3,3,1,639212,2024-07-13,2024-12-03,auto,800000,0.799015
1313611684213715,1,1,9,M,RS007,O80,72.0,1,4,3,5325492,2024-01-13,2024-12-03,manual,3500000,1.521569142857143
8746775700561102,1,1,22,M,RS003,K21.0,45.16,3,2,0,3132096,2024-08-21,2024-12-03,manual,1400000,2.2372114285714284
3770835176640282,1,1,87,F,RS003,K21.0,45.16,2,4,3,5520126,2024-07-02,2024-12-03,auto,1400000,3.9429471428571428
6555118089289008,0,1,30,M,RS005,I25.1,36.15,3,2,2,9694545,2024-01-26,2024-12-03,manual,5000000,1.938909
4862518211759183,1,0,62,M,RS005,E66.9,99.28,3,2,4,8821165,2024-07-04,2024-12-03,manual,1000000,8.821165
1250458991857109,1,0,67,F,RS009,J45.9,93.96,3,1,1,4171281,2024-11-28,2024-12-03,manual,2300000,1.8136004347826087
8126852416253370,0,0,71,F,RS010,R10.4,87.09,2,4,0,1882882,2024-03-26,2024-12-03,manual,1200000,1.5690683333333333
6861752153046166,1,1,56,M,RS002,J45.9,93.96,1,4,1,8800536,2024-11-07,2024-12-03,manual,2300000,3.82632
8305563943499235,0,0,52,F,RS003,Z34.0,73.0,1,2,2,7370103,2024-09-09,2024-12-04,manual,800000,9.21262875
9367137590159353,1,1,41,M,RS010,A09,45.23,3,2,0,4885217,2024-07-31,2024-12-04,auto,1300000,3.7578592307692307
3526277230336093,0,1,8,M,RS005,J45.9,93.96,3,1,0,7553188,2024-08-02,2024-12-04,auto,2300000,3.2839947826086955
1927186885164968,0,1,38,F,RS001,I10,99.04,3,1,3,2682618,2024-03-08,2024-12-04,manual,2000000,1.341309
0248268611161020,1,0,34,M,RS005,I25.1,99.24,1,2,3,6726962,2024-07-10,2024-12-04,manual,5000000,1.3453924
2171149304446851,1,1,42,M,RS004,R50.9,99.19,3,4,0,1937964,2024-08-31,2024-12-04,manual,1000000,1.937964
9188980948286496,0,1,17,F,RS002,I25.1,36.15,2,4,2,9977106,2024-03-26,2024-12-04,auto,5000000,1.9954212
5769397812079250,0,1,44,M,RS008,A09,45.23,1,3,2,4781167,2024-11-16,2024-12-04,auto,1300000,3.6778207692307694
8692248918710825,1,1,46,F,RS005,N39.0,57.98,1,2,4,3901584,2024-10-31,2024-12-04,manual,2200000,1.7734472727272728
2505414362685154,0,1,18,F,RS003,K29.7,45.16,1,2,2,7054998,2024-11-04,2024-12-05,manual,1700000,4.149998823529412
8363309349833107,1,1,66,F,RS005,K29.7,45.16,3,4,2,9863210,2024-05-25,2024-12-05,manual,1700000,5.8018882352941175
9050450729245681,1,1,52,F,RS001,Z03.8,93.91,2,2,0,527706,2024-07-31,2024-12-05,manual,1200000,0.439755
1935434997109001,1,0,63,M,RS003,J00,93.9,2,4,1,1545480,2024-01-10,2024-12-05,manual,500000,3.09096
8692248918710825,1,1,46,F,RS005,N39.0,57.94,1,3,0,5838640,2024-09-21,2024-12-05,manual,2200000,2.6539272727272727
3711892690086766,1,1,73,M,RS004,J18.9,93.94,2,4,3,3629873,2024-08-05,2024-12-05,auto,4200000,0.8642554761904762
2625979664172984,1,0,90,F,RS005,M54.5,93.39,1,4,0,3683203,2024-08-01,2024-12-05,auto,1800000,2.046223888888889
3678197704238312,1,1,13,M,RS010,K21.0,45.16,2,2,0,5775412,2024-06-27,2024-12-05,manual,1400000,4.125294285714285
0942833382591512,1,0,38,F,RS010,K21.0,45.16,3,1,1,5162191,2024-03-12,2024-12-06,manual,1400000,3.6872792857142858
6600666742590162,1,1,20,M,RS003,E11,99.10,2,3,1,6082059,2024-09-06,2024-12-06,manual,2500000,2.4328236
7374001504949100,1,1,60,F,RS002,O80,72.0,3,2,1,4281397,2024-11-08,2024-12-06,auto,3500000,1.2232562857142857
7386173404836002,1,1,15,M,RS001,J18.9,93.94,2,1,0,5277210,2024-02-23,2024-12-06,manual,4200000,1.2564785714285713
8148903064875444,1,1,9,F,RS002,I25.1,99.24,1,2,3,3889628,2024-08-06,2024-12-06,auto,5000000,0.7779256
6742743580318968,0,1,69,F,RS002,A09,45.23,1,2,3,2500015,2024-04-01,2024-12-06,auto,1300000,1.9230884615384616
2513636250050664,1,1,8,M,RS009,J18.9,93.94,2,2,1,8587930,2024-03-19,2024-12-06,auto,4200000,2.044745238095238
0392405087961834,1,0,9,F,RS005,E66.9,99.28,1,3,2,4781233,2024-07-29,2024-12-06,auto,1000000,4.781233
0429671617048262,0,1,33,F,RS002,M54.5,93.39,2,4,0,6971778,2024-06-11,2024-12-06,auto,1800000,3.87321
2640496712945859,1,1,23,F,RS009,H25.9,13.5,2,1,0,8988496,2024-08-23,2024-12-07,auto,7500000,1.1984661333333333
4546861063008706,0,1,81,F,RS007,I25.1,36.15,2,4,3,9378536,2024-07-17,2024-12-07,manual,5000000,1.8757072
6530098641902510,1,0,13,M,RS006,Z03.8,93.91,2,2,0,9374961,2024-10-28,2024-12-07,auto,1200000,7.8124675
8420621456486243,1,1,43,M,RS009,R50.9,99.19,2,4,0,4821509,2024-05-17,2024-12-07,manual,1000000,4.821509
1588650155015392,1,1,45,M,RS004,R10.4,87.09,1,2,0,4346607,2024-10-26,2024-12-07,auto,1200000,3.6221725
1781439000433190,1,1,15,F,RS001,H25.9,13.1,1,3,0,3665557,2024-01-09,2024-12-07,manual,7500000,0.48874093333333335
0059702135674460,0,1,84,M,RS007,Z34.0,73.0,2,1,1,6772908,2024-11-30,2024-12-07,manual,800000,8.466135
1090001843714456,1,1,80,M,RS005,R10.4,45.23,3,4,0,7751422,2024-07-02,2024-12-07,manual,1200000,6.4595183333333335
0059702135674460,0,1,84,M,RS007,Z34.0,73.0,1,2,1,3952145,2024-06-04,2024-12-07,auto,800000,4.94018125
4412476244484100,1,1,4,F,RS006,J45.9,93.96,1,1,1,9253115,2024-11-12,2024-12-07,auto,2300000,4.023093478260869
9603082917161492,1,1,33,F,RS003,J45.9,93.96,2,4,0,9534700,2024-07-23,2024-12-07,auto,2300000,4.145521739130435
2170412053832982,0,1,26,M,RS002,Z03.8,93.91,2,1,0,6586207,2024-09-12,2024-12-07,auto,1200000,5.488505833333333
8672465786135253,1,1,57,F,RS001,H25.9,13.5,1,4,0,508377,2024-01-20,2024-12-09,auto,7500000,0.0677836
4948997898514829,1,1,16,F,RS006,E66.9,99.28,1,2,0,9225378,2024-03-26,2024-12-09,auto,1000000,9.225378
2670287680681170,1,1,43,M,RS004,Z34.0,73.0,1,4,2,9229985,2024-02-19,2024-12-09,auto,800000,11.53748125
8944836216071900,0,1,39,M,RS008,K21.0,45.16,1,3,0,6037014,2024-07-17,2024-12-09,manual,1400000,4.312152857142857
5536080130453829,1,1,61,M,RS007,R10.4,87.09,2,4,0,5426428,2024-01-04,2024-12-09,manual,1200000,4.522023333333333
4773352549521454,0,1,52,M,RS009,Z34.0,73.0,1,4,2,4717272,2024-01-15,2024-12-09,auto,800000,5.89659
7783057971395830,0,1,35,M,RS002,R10.4,87.09,3,1,0,8580838,2024-05-18,2024-12-10,manual,1200000,7.150698333333334
2959587947260739,1,1,79,M,RS009,E66.9,99.28,3,3,0,5307602,2024-09-21,2024-12-10,auto,1000000,5.307602
0686759932621737,0,1,30,F,RS008,R10.4,45.23,3,4,1,5484132,2024-01-23,2024-12-10,auto,1200000,4.57011
4719037266815746,1,0,59,F,RS007,R50.9,99.19,2,3,0,5709322,2024-06-26,2024-12-10,auto,1000000,5.709322
1201721208675463,1,0,4,M,RS004,Z03.8,93.91,3,4,0,6319993,2024-06-18,2024-12-10,manual,1200000,5.266660833333333
8781246900882806,1,1,90,M,RS001,I25.1,99.24,2,1,3,6019676,2024-09-20,2024-12-10,auto,5000000,1.2039352
7415917182276067,1,1,34,M,RS006,J18.9,96.04,1,4,1,6919759,2024-01-23,2024-12-10,auto,4200000,1.6475616666666666
4747676997057084,1,1,70,F,RS008,J00,93.9,2,2,0,2109543,2024-06-05,2024-12-10,auto,500000,4.219086
1389202829910678,0,1,75,F,RS010,K21.0,45.16,3,1,1,5827379,2024-12-06,2024-12-10,manual,1400000,4.162413571428571
7388574216354090,1,1,74,F,RS006,R10.4,87.09,2,1,1,7391850,2024-06-21,2024-12-10,auto,1200000,6.159875
8323890495103520,0,1,13,M,RS010,Z00.0,93.99,2,1,0,4436819,2024-11-30,2024-12-11,auto,700000,6.338312857142857
0656666842337095,1,1,88,M,RS005,H25.9,13.4,2,4,0,9909007,2024-08-21,2024-12-11,manual,7500000,1.3212009333333334
3081739327505515,1,0,80,M,RS004,J18.9,93.94,1,3,0,9976788,2024-01-16,2024-12-11,auto,4200000,2.3754257142857145
8600447693765893,1,0,65,M,RS006,K29.7,45.16,1,4,1,4717480,2024-09-17,2024-12-11,auto,1700000,2.7749882352941175
8304823605706484,1,1,68,F,RS004,Z34.0,73.0,1,3,2,2074316,2024-05-08,2024-12-11,manual,800000,2.592895
9347210202087893,0,1,13,F,RS004,K29.7,45.16,2,3,1,9485572,2024-06-11,2024-12-11,auto,1700000,5.579748235294118
9164367987483129,0,1,62,M,RS004,J00,93.9,1,2,1,2540912,2024-12-02,2024-12-11,auto,500000,5.081824
6048597372485717,1,1,18,F,RS006,J45.9,93.96,3,1,0,9527890,2024-01-06,2024-12-11,manual,2300000,4.142560869565218
6806491483796398,1,1,57,F,RS008,Z03.8,93.91,3,4,0,5070161,2024-11-06,2024-12-11,manual,1200000,4.225134166666667
5948843158402314,1,1,24,F,RS009,J18.9,93.94,2,1,0,3358852,2024-07-05,2024-12-11,auto,4200000,0.7997266666666667
9478101241373823,1,1,34,M,RS003,Z00.0,93.99,2,3,0,6956712,2024-03-07,2024-12-11,auto,700000,9.93816
6498163286098000,1,1,22,F,RS002,K29.7,45.16,2,2,2,4674732,2024-02-15,2024-12-12,auto,1700000,2.7498423529411764
5936992247522874,1,1,44,M,RS002,H25.9,13.4,2,4,0,2786373,2024-07-12,2024-12-12,auto,7500000,0.3715164
0808276677765355,1,1,51,M,RS006,N39.0,57.94,1,3,2,5784804,2024-02-08,2024-12-12,manual,2200000,2.6294563636363635
2170412053832982,0,1,26,M,RS002,R10.4,87.09,3,3,0,5295131,2024-01-29,2024-12-12,auto,1200000,4.412609166666667
5843707418947067,1,1,71,M,RS006,J18.9,93.94,1,2,1,3362382,2024-09-12,2024-12-12,auto,4200000,0.8005671428571428
3409067444561453,0,0,61,F,RS001,E66.9,99.28,3,2,0,3197691,2024-02-15,2024-12-12,auto,1000000,3.197691
9882208242111557,1,1,85,M,RS002,E11,99.10,3,3,2,7255512,2024-08-17,2024-12-12,auto,2500000,2.9022048
6468396150861957,0,1,22,M,RS006,O80,72.0,1,2,2,2516181,2024-06-05,2024-12-12,auto,3500000,0.7189088571428571
4772603451274045,0,1,29,M,RS008,H25.9,13.1,2,4,0,4365725,2024-05-21,2024-12-12,auto,7500000,0.5820966666666667
3872158410316718,1,1,90,F,RS008,I10,99.04,2,4,4,2831077,2024-06-10,2024-12-12,manual,2000000,1.4155385
9715266132428261,1,1,62,M,RS009,O80,72.0,3,3,1,1036212,2024-11-05,2024-12-12,auto,3500000,0.29606057142857145
7342259977769342,1,0,38,F,RS001,J45.9,93.96,1,4,0,3554113,2024-01-05,2024-12-12,manual,2300000,1.5452665217391304
7184385697297213,1,1,21,F,RS002,Z34.0,73.0,2,3,3,2596337,2024-03-12,2024-12-13,manual,800000,3.24542125
9432885362614517,1,1,89,M,RS004,I25.1,36.15,1,2,2,9722051,2024-02-23,2024-12-13,auto,5000000,1.9444102
1778677321351188,1,1,56,M,RS003,I25.1,36.15,1,3,1,9527040,2024-04-29,2024-12-13,auto,5000000,1.905408
2480470438720338,0,1,20,M,RS006,E66.9,99.28,2,2,1,2088594,2024-04-27,2024-12-13,auto,1000000,2.088594
3492025524091001,1,0,42,F,RS008,J00,93.9,2,1,0,2373821,2024-08-16,2024-12-13,auto,500000,4.747642
4843249552723524,1,1,89,M,RS002,I10,99.04,2,3,4,1440811,2024-04-09,2024-12-13,auto,2000000,0.7204055
8191255536134854,1,1,61,F,RS001,Z03.8,93.91,2,4,0,9240749,2024-03-05,2024-12-13,manual,1200000,7.700624166666667
2924248664807510,1,1,86,M,RS005,I25.1,99.24,3,3,6,4033091,2024-01-19,2024-12-13,auto,5000000,0.8066182
0875603737473002,1,1,76,M,RS007,Z34.0,73.0,2,4,2,6675931,2024-06-29,2024-12-14,auto,800000,8.34491375
4893862879981230,0,1,30,F,RS006,M54.5,93.39,1,3,0,4097435,2024-09-27,2024-12-14,auto,1800000,2.276352777777778
4108041382339678,1,1,5,F,RS004,Z34.0,73.0,1,1,1,8724446,2024-04-24,2024-12-14,manual,800000,10.9055575
6672381129694723,1,1,8,F,RS007,M54.5,93.39,3,4,0,5780449,2024-05-09,2024-12-14,manual,1800000,3.2113605555555558
3678197704238312,1,1,13,M,RS010,K21.0,45.16,1,3,1,7538906,2024-05-15,2024-12-14,manual,1400000,5.384932857142857
9493247457207057,1,1,17,M,RS002,Z34.0,73.0,2,2,4,5294508,2024-04-12,2024-12-16,auto,800000,6.618135
7977134773277334,1,1,31,M,RS008,J00,93.9,3,1,0,7304873,2024-09-23,2024-12-16,auto,500000,14.609746
1177206678366892,1,1,15,M,RS008,Z00.0,93.99,1,2,1,5725005,2024-01-09,2024-12-16,manual,700000,8.178578571428572
2381821715702997,1,1,23,F,RS003,K21.0,45.16,3,1,1,1173331,2024-06-27,2024-12-16,auto,1400000,0.8380935714285714
7175183682674203,1,1,77,F,RS006,E66.9,99.28,3,1,1,595619,2024-09-18,2024-12-16,manual,1000000,0.595619
3711892690086766,1,1,73,M,RS004,J18.9,93.94,2,2,0,8378754,2024-08-08,2024-12-16,manual,4200000,1.9949414285714286
8831120919280719,0,1,72,F,RS004,R50.9,99.19,2,3,0,6270320,2024-04-29,2024-12-16,auto,1000000,6.27032
4881323969410829,0,0,44,F,RS008,I25.1,36.15,1,3,2,3371632,2024-03-19,2024-12-17,manual,5000000,0.6743264
9631316160005272,1,0,74,F,RS004,E66.9,99.28,1,4,2,530461,2024-05-14,2024-12-17,manual,1000000,0.530461
6823981214154266,1,0,41,M,RS008,M54.5,93.39,3,2,0,6893467,2024-11-02,2024-12-17,manual,1800000,3.829703888888889
4150380157685581,1,1,71,M,RS002,K21.0,45.16,1,3,0,1970872,2024-02-10,2024-12-17,manual,1400000,1.4077657142857143
5454722629143390,0,1,20,F,RS001,K21.0,45.16,2,4,0,2062115,2024-04-04,2024-12-17,auto,1400000,1.4729392857142858
4816540025427372,0,0,16,M,RS008,Z00.0,93.99,2,4,0,8950988,2024-01-16,2024-12-17,auto,700000,12.787125714285715
4701448618730918,0,0,32,M,RS005,R10.4,45.23,3,4,0,7532361,2024-09-30,2024-12-17,manual,1200000,6.2769675
8420807372907986,0,1,37,F,RS009,H25.9,13.4,2,4,0,3265182,2024-10-18,2024-12-17,auto,7500000,0.4353576
4719037266815746,1,0,59,F,RS007,R10.4,87.09,2,4,2,686010,2024-10-08,2024-12-17,auto,1200000,0.571675
1006997502231594,1,0,38,F,RS004,K29.7,45.16,3,1,0,4954835,2024-09-21,2024-12-17,manual,1700000,2.9146088235294116
8671513348445146,1,0,40,F,RS004,K29.7,45.16,1,4,0,1910775,2024-05-18,2024-12-17,manual,1700000,1.1239852941176471
6649933664300533,1,0,41,F,RS009,E11,99.10,3,3,1,2628607,2024-03-18,2024-12-18,auto,2500000,1.0514428
0044079541257972,0,1,42,F,RS005,Z00.0,93.99,1,1,0,8002764,2024-10-28,2024-12-18,manual,700000,11.43252
3475767716014049,1,1,19,M,RS004,I10,99.04,2,2,4,7786596,2024-03-04,2024-12-18,manual,2000000,3.893298
2388138687603825,0,1,73,F,RS002,Z34.0,73.0,2,4,2,2035804,2024-09-02,2024-12-18,auto,800000,2.544755
2835852385434651,1,1,65,F,RS007,N39.0,57.98,2,3,0,4687437,2024-12-12,2024-12-18,manual,2200000,2.130653181818182
0301139450379884,1,1,23,M,RS003,I10,99.04,2,4,3,2789951,2024-07-16,2024-12-18,auto,2000000,1.3949755
7124253384282238,0,1,90,F,RS005,J45.9,93.96,1,4,0,6099809,2024-11-18,2024-12-18,manual,2300000,2.6520908695652174
5567647471165465,0,1,43,M,RS004,I10,99.04,3,3,4,1570842,2024-03-11,2024-12-18,manual,2000000,0.785421
6169692712016177,1,0,25,F,RS003,Z00.0,93.99,2,4,0,5041540,2024-08-07,2024-12-18,auto,700000,7.2022
2817608546896121,1,1,28,M,RS006,Z03.8,93.91,2,1,0,5294588,2024-01-16,2024-12-19,manual,1200000,4.412156666666666
3739503434046182,0,1,88,F,RS009,K29.7,45.16,3,4,0,7701287,2024-04-17,2024-12-19,manual,1700000,4.5301688235294115
4118607022361637,0,0,2,M,RS006,Z34.0,73.0,3,1,4,8575331,2024-04-25,2024-12-19,manual,800000,10.71916375
8747432799530596,1,1,5,F,RS002,Z03.8,93.91,1,2,2,6914015,2024-05-07,2024-12-19,auto,1200000,5.761679166666666
4826564702607638,1,1,37,M,RS005,Z00.0,93.99,3,4,0,6050534,2024-09-04,2024-12-19,auto,700000,8.64362
0935218242488304,1,1,24,M,RS009,N39.0,57.98,2,1,0,516642,2024-09-27,2024-12-19,auto,2200000,0.23483727272727273
5535235619078856,1,1,72,F,RS001,K29.7,45.16,3,1,1,2314118,2024-10-01,2024-12-19,manual,1700000,1.3612458823529412
7261573962287152,1,0,28,M,RS001,K29.7,45.16,1,3,2,5932899,2024-10-21,2024-12-19,manual,1700000,3.489940588235294
4736925328653281,1,1,10,M,RS008,I10,99.04,1,2,1,8581209,2024-02-20,2024-12-19,manual,2000000,4.2906045
0173984806822654,0,1,39,M,RS003,E66.9,99.28,1,2,5,6931696,2024-08-01,2024-12-19,manual,1000000,6.931696
2924248664807510,1,1,86,M,RS005,I25.1,99.24,3,3,4,477588,2024-12-04,2024-12-19,auto,5000000,0.0955176
8807876339093834,1,1,31,F,RS001,O80,72.0,3,3,3,1026028,2024-11-05,2024-12-19,manual,3500000,0.29315085714285716
1481381214925734,1,1,15,M,RS005,R10.4,87.09,2,1,0,5900621,2024-09-10,2024-12-19,manual,1200000,4.917184166666667
6840835586996761,1,1,8,F,RS006,E66.9,99.28,1,4,2,1936859,2024-07-19,2024-12-19,manual,1000000,1.936859
9355936997744368,1,1,36,F,RS005,J45.9,93.96,1,3,0,9169166,2024-11-15,2024-12-20,auto,2300000,3.986593913043478
0709122828398934,1,1,45,F,RS007,Z34.0,73.0,1,4,2,8476333,2024-08-13,2024-12-20,auto,800000,10.59541625
9183352926688589,1,0,63,F,RS010,R50.9,99.19,1,4,0,8234891,2024-08-17,2024-12-20,manual,1000000,8.234891
6616595234784072,1,1,7,M,RS007,E11,99.10,3,1,1,3493190,2024-05-03,2024-12-20,manual,2500000,1.397276
9125910376308540,1,1,64,F,RS005,K21.0,45.16,1,1,3,1206460,2024-03-26,2024-12-20,auto,1400000,0.8617571428571429
6840835586996761,1,1,8,F,RS006,E11,99.10,2,2,1,4173398,2024-12-16,2024-12-20,auto,2500000,1.6693592
7202313982194516,0,0,38,F,RS010,I25.1,99.24,1,3,5,8865032,2024-01-16,2024-12-20,auto,5000000,1.7730064
4282157632154773,1,1,79,F,RS006,A09,45.23,2,2,0,4543386,2024-09-06,2024-12-20,manual,1300000,3.494912307692308
7417378451318095,0,1,56,M,RS007,J18.9,93.94,1,3,4,2017289,2024-12-12,2024-12-20,manual,4200000,0.48030690476190474
6151670937396524,1,1,77,M,RS004,Z03.8,93.91,2,1,0,8688078,2024-08-01,2024-12-21,manual,1200000,7.240065
6840835586996761,1,1,8,F,RS006,E66.9,99.28,3,1,1,448018,2024-02-26,2024-12-21,auto,1000000,0.448018
2949852026368660,1,1,50,M,RS002,Z34.0,73.0,3,1,4,980382,2024-07-12,2024-12-21,auto,800000,1.2254775
9004069315388532,1,1,31,M,RS008,J00,93.9,3,4,0,3214932,2024-09-16,2024-12-21,auto,500000,6.429864
6482197167666239,1,1,34,M,RS003,J18.9,96.04,3,3,0,6936527,2024-08-01,2024-12-23,manual,4200000,1.6515540476190476
0268505676828986,0,0,60,M,RS002,J45.9,93.96,1,1,0,9080737,2024-11-06,2024-12-23,manual,2300000,3.9481465217391305
2827645188709924,1,1,11,F,RS008,J18.9,96.04,3,1,2,3712251,2024-05-13,2024-12-23,manual,4200000,0.8838692857142857
8434095265576607,0,1,44,M,RS006,M54.5,93.39,3,1,0,4324724,2024-04-25,2024-12-23,auto,1800000,2.4026244444444442
6697322318801868,1,1,6,M,RS009,I25.1,36.15,1,2,4,2357814,2024-09-02,2024-12-23,auto,5000000,0.4715628
9487517218764614,1,1,51,M,RS010,E66.9,99.28,3,3,0,4974214,2024-11-12,2024-12-23,auto,1000000,4.974214
3081739327505515,1,0,80,M,RS004,J18.9,96.04,1,3,0,6199377,2024-11-18,2024-12-23,auto,4200000,1.4760421428571429
2758768572288769,1,1,64,F,RS009,K21.0,45.16,2,1,1,9394477,2024-07-23,2024-12-23,manual,1400000,6.7103407142857145
4246634379700811,1,1,68,M,RS007,E11,99.10,2,4,0,9972903,2024-11-16,2024-12-23,manual,2500000,3.9891612
1191541857843508,1,1,79,M,RS002,J00,93.9,1,1,1,2602985,2024-08-13,2024-12-23,manual,500000,5.20597
1323345054784032,1,1,85,M,RS009,N39.0,57.98,3,3,0,8736608,2024-11-05,2024-12-23,manual,2200000,3.9711854545454544
4479698720698979,1,1,13,F,RS004,J45.9,93.96,1,3,0,5552850,2024-07-17,2024-12-24,manual,2300000,2.414282608695652
7619641967097948,1,1,77,M,RS004,I10,99.04,3,4,3,1778563,2024-12-27,2024-12-29,auto,2000000,0.8892815
9631316160005272,1,0,74,F,RS004,E66.9,99.28,3,3,3,3851473,2024-08-24,2024-12-24,auto,1000000,3.851473
6227300849406605,0,1,52,F,RS002,R10.4,87.09,2,4,1,3483715,2024-09-11,2024-12-24,manual,1200000,2.9030958333333334
8831120919280719,0,1,72,F,RS004,R50.9,99.19,1,3,0,427927,2024-11-01,2024-12-24,auto,1000000,0.427927
7824943251185450,1,1,41,M,RS004,R10.4,87.09,3,3,0,9697381,2024-12-03,2024-12-24,auto,1200000,8.081150833333334
6215083829932378,0,1,1,F,RS003,R10.4,87.09,3,1,0,4429612,2024-01-16,2024-12-25,manual,1200000,3.691343333333333
0656666842337095,1,1,88,M,RS005,H25.9,13.1,2,1,0,7061958,2024-04-04,2024-12-25,auto,7500000,0.9415944
0234597382655658,1,1,13,M,RS009,N39.0,57.98,3,1,0,9708556,2024-05-31,2024-12-25,manual,2200000,4.41298
4885705463339435,0,0,54,F,RS010,A09,45.23,1,3,0,8023421,2024-08-21,2024-12-25,manual,1300000,6.171862307692308
8565032210064819,1,1,36,F,RS005,M54.5,93.39,1,3,1,9047670,2024-08-28,2024-12-25,manual,1800000,5.026483333333333
5387759687669314,0,0,84,M,RS007,O80,72.0,2,4,2,3144123,2024-01-18,2024-12-25,manual,3500000,0.8983208571428571
5731760137436461,1,1,80,M,RS003,Z03.8,93.91,3,4,0,5660015,2024-07-03,2024-12-25,auto,1200000,4.716679166666666
2251905287892247,1,1,76,M,RS005,M54.5,93.39,2,4,0,7150691,2024-03-01,2024-12-25,auto,1800000,3.9726061111111113
0049974084799674,1,0,30,F,RS007,H25.9,13.5,2,4,0,6339646,2024-07-31,2024-12-25,manual,7500000,0.8452861333333334
9652556984279852,0,0,70,F,RS009,H25.9,13.4,1,2,0,9661182,2024-03-13,2024-12-25,manual,7500000,1.2881576
5019660706350533,0,1,70,F,RS010,Z03.8,93.91,3,2,0,4105656,2024-08-28,2024-12-25,manual,1200000,3.42138
0820915394333076,1,1,13,M,RS002,I10,99.04,2,1,1,4683010,2024-10-14,2024-12-25,auto,2000000,2.341505
9575395982033969,0,1,56,F,RS005,E66.9,99.28,2,4,4,5984535,2024-09-27,2024-12-25,manual,1000000,5.984535
7175183682674203,1,1,77,F,RS006,E66.9,99.28,1,2,2,2752755,2024-07-06,2024-12-25,manual,1000000,2.752755
0157144473428759,1,0,10,M,RS009,A09,45.23,2,2,0,4195196,2024-12-17,2024-12-25,auto,1300000,3.227073846153846
9347210202087893,0,1,13,F,RS004,J18.9,96.04,1,3,0,3110204,2024-05-07,2024-12-25,auto,4200000,0.7405247619047619
4899470070491249,1,1,45,M,RS004,I25.1,36.15,3,3,2,9066505,2024-05-03,2024-12-25,auto,5000000,1.813301
0365877148380329,1,1,25,M,RS004,K29.7,45.16,3,4,2,4143029,2024-08-05,2024-12-25,auto,1700000,2.437075882352941
7333761625268544,1,1,85,F,RS007,N39.0,57.98,3,3,3,8050805,2024-06-19,2024-12-25,manual,2200000,3.6594568181818183
8202998881568925,0,1,50,F,RS001,J45.9,93.96,1,1,0,8939540,2024-12-04,2024-12-25,manual,2300000,3.88675652173913
1634455937541773,0,1,12,F,RS004,E66.9,99.28,1,4,2,5843266,2024-04-15,2024-12-25,auto,1000000,5.843266
4659500056511315,1,1,27,M,RS001,O80,72.0,3,3,1,4545469,2024-11-16,2024-12-26,manual,3500000,1.2987054285714286
0110945917184723,1,1,87,F,RS008,K29.7,45.16,3,3,0,6939484,2024-08-14,2024-12-26,auto,1700000,4.0820494117647055
9382308773967750,1,1,58,M,RS010,J18.9,96.04,2,3,1,8606224,2024-07-13,2024-12-26,manual,4200000,2.0491009523809525
0612598515468775,1,1,19,M,RS001,Z34.0,73.0,2,1,2,3482292,2024-11-14,2024-12-26,auto,800000,4.352865
7564809414736917,1,0,71,F,RS006,J18.9,93.94,1,4,0,8285316,2024-04-10,2024-12-26,auto,4200000,1.9726942857142857
7052530558642372,1,0,9,F,RS005,Z34.0,73.0,1,1,1,3566876,2024-10-15,2024-12-26,manual,800000,4.458595
7251822732631399,1,0,3,M,RS006,H25.9,13.5,3,1,0,3808378,2024-12-21,2024-12-26,auto,7500000,0.5077837333333334
3237797253149966,0,1,25,F,RS002,Z03.8,93.91,3,3,0,1797788,2024-06-21,2024-12-26,auto,1200000,1.4981566666666666
4307467540743433,0,0,31,M,RS002,K29.7,45.16,2,1,2,6701336,2024-05-22,2024-12-26,auto,1700000,3.9419623529411765
2699632373607150,1,1,2,F,RS004,I25.1,36.15,3,2,1,8929237,2024-06-01,2024-12-27,manual,5000000,1.7858474
4583549720373922,1,1,53,M,RS006,K29.7,45.16,1,2,3,9305710,2024-07-13,2024-12-27,manual,1700000,5.473947058823529
7543249735035842,1,0,52,F,RS008,J45.9,93.96,2,1,1,2661001,2024-08-15,2024-12-27,manual,2300000,1.156956956521739
3726747116370957,1,1,17,M,RS006,K21.0,45.16,1,3,2,5208108,2024-05-13,2024-12-27,auto,1400000,3.720077142857143
4816540025427372,0,0,16,M,RS008,J18.9,93.94,2,1,1,2843831,2024-04-08,2024-12-27,auto,4200000,0.677102619047619
0469014998071474,1,1,29,F,RS008,I25.1,36.15,2,3,4,4920748,2024-08-16,2024-12-27,manual,5000000,0.9841496
0129205103690581,1,1,77,F,RS008,Z34.0,73.0,3,1,2,8019814,2024-04-26,2024-12-27,manual,800000,10.0247675
3854635058387141,1,0,69,F,RS009,Z00.0,93.99,2,3,0,1681643,2024-09-07,2024-12-27,manual,700000,2.402347142857143
4759901074054856,1,1,62,M,RS010,M54.5,93.39,2,3,0,2616326,2024-07-30,2024-12-27,auto,1800000,1.4535144444444446
9817980362437691,1,0,5,F,RS007,Z00.0,93.99,1,1,0,8311607,2024-08-13,2024-12-27,manual,700000,11.873724285714285
3511172641904173,0,0,62,M,RS004,O80,72.0,3,1,2,3590872,2024-05-28,2024-12-27,manual,3500000,1.0259634285714285
0387800063120347,0,1,87,F,RS007,R50.9,99.19,3,1,0,4627292,2024-10-14,2024-12-27,auto,1000000,4.627292
0641897662052663,0,1,42,F,RS006,H25.9,13.5,2,4,0,8479477,2024-01-20,2024-12-27,auto,7500000,1.1305969333333334
0397132073198070,1,1,6,M,RS009,E11,99.10,2,4,2,7331881,2024-05-27,2024-12-27,manual,2500000,2.9327524
3705483788553762,1,1,8,F,RS007,R50.9,99.19,3,3,0,4108428,2024-10-29,2024-12-27,auto,1000000,4.108428
3243438170546401,1,1,64,F,RS006,E66.9,99.28,3,3,1,8848064,2024-12-06,2024-12-28,auto,1000000,8.848064
6979995941258665,1,1,17,F,RS002,J18.9,96.04,3,1,1,7140599,2024-06-28,2024-12-28,manual,4200000,1.700142619047619
8175660262711503,0,1,87,M,RS010,R10.4,87.09,2,2,0,9899272,2024-01-18,2024-12-28,manual,1200000,8.249393333333334
2518929604608639,1,1,58,F,RS005,A09,45.23,3,4,3,7939709,2024-11-21,2024-12-28,manual,1300000,6.107468461538462
6670844971338769,1,1,33,F,RS008,R50.9,99.19,3,2,0,536672,2024-09-07,2024-12-28,auto,1000000,0.536672
8671513348445146,1,0,40,F,RS004,K29.7,45.16,2,1,1,1803278,2024-07-16,2024-12-30,auto,1700000,1.0607517647058824
1558484465965654,1,1,79,F,RS002,I25.1,36.15,3,4,1,4608198,2024-06-08,2024-12-30,auto,5000000,0.9216396
5500057006681866,1,1,84,F,RS001,Z34.0,73.0,2,1,2,3430269,2024-11-21,2024-12-30,manual,800000,4.28783625
3258444071717633,1,0,47,M,RS010,J45.9,93.96,1,3,0,4078407,2024-10-25,2024-12-30,manual,2300000,1.7732204347826086
1161494074524667,1,0,57,F,RS001,Z03.8,93.91,2,3,0,3605786,2024-06-07,2024-12-30,manual,1200000,3.0048216666666665
0236677577819089,1,1,22,F,RS001,A09,45.23,3,3,0,9455888,2024-11-16,2024-12-31,auto,1300000,7.27376
1090001843714456,1,1,80,M,RS004,R10.4,45.23,2,1,0,4433859,2024-07-03,2024-12-31,auto,1200000,3.6948825
3661451854977825,0,1,68,F,RS001,K29.7,45.16,2,1,0,2560744,2024-03-19,2024-12-31,manual,1700000,1.50632
7011948972527272,1,1,72,M,RS003,J18.9,96.04,3,4,0,1975946,2024-01-04,2024-12-31,auto,4200000,0.47046333333333334
8795930822768118,0,1,16,M,RS004,I10,99.04,3,2,3,3826852,2024-11-18,2024-12-31,manual,2000000,1.913426
8078806926248836,1,1,78,F,RS006,E11,99.10,1,4,2,3589454,2024-11-23,2024-12-31,auto,2500000,1.4357816
9071190770953741,0,1,67,M,RS007,Z00.0,93.99,3,3,0,9626012,2024-10-19,2024-12-31,auto,700000,13.751445714285714
9873752149437503,1,0,42,F,RS010,Z00.0,93.99,3,3,0,4898909,2024-06-14,2024-12-31,manual,700000,6.998441428571429
4142774471819460,0,1,71,F,RS001,K21.0,45.16,2,1,0,3235100,2024-12-19,2024-12-31,manual,1400000,2.310785714285714
3081739327505515,1,0,80,M,RS004,J18.9,93.94,2,3,0,528851,2024-11-18,2024-12-31,auto,4200000,0.12591690476190476
7579017205455543,1,0,17,F,RS007,K29.7,45.16,2,2,2,8964440,2024-07-19,2024-12-31,auto,1700000,5.2732
3789653646467583,1,1,68,M,RS005,A09,45.23,3,4,0,3473202,2024-08-15,2024-12-31,manual,1300000,2.671693846153846
6486974534734204,1,1,69,M,RS001,A09,45.23,1,3,0,1099964,2024-08-10,2025-01-01,manual,1300000,0.8461261538461539
7947417475230811,0,1,77,F,RS001,K29.7,45.16,1,2,0,8863424,2024-08-22,2025-01-01,manual,1700000,5.213778823529411
8235477733525745,1,0,28,F,RS001,Z00.0,93.99,3,1,0,5161941,2024-11-08,2025-01-01,manual,700000,7.374201428571428
5982381906123751,1,1,30,M,RS002,K21.0,45.16,3,3,1,9463051,2024-11-21,2025-01-02,manual,1400000,6.759322142857143
7477463114859568,1,1,59,M,RS001,I10,99.04,1,4,3,2585639,2024-06-26,2025-01-02,auto,2000000,1.2928195
2905646745646148,1,0,13,M,RS003,R50.9,99.19,3,1,0,6147633,2024-04-08,2025-01-02,manual,1000000,6.147633
3188465804186084,1,0,80,M,RS005,E11,99.10,3,2,1,5260885,2024-09-26,2025-01-02,auto,2500000,2.104354
7227646236717450,0,1,76,M,RS009,Z34.0,73.0,2,1,4,7991473,2024-11-20,2025-01-02,auto,800000,9.98934125
0808443078577059,0,1,69,M,RS006,N39.0,57.98,2,2,3,5828034,2024-04-20,2025-01-02,manual,2200000,2.6491063636363634
0460171138262880,1,1,14,M,RS008,N39.0,57.94,1,3,1,6088729,2024-10-22,2025-01-02,manual,2200000,2.767604090909091
3724967259078654,1,0,54,M,RS003,H25.9,13.1,1,2,0,5403652,2024-02-01,2025-01-03,auto,7500000,0.7204869333333334
2171050541740581,1,1,71,M,RS003,M54.5,93.39,1,2,0,6799011,2024-04-20,2025-01-03,manual,1800000,3.7772283333333334
3639243551209284,0,0,5,M,RS004,M54.5,93.39,1,2,0,3390848,2024-03-15,2025-01-03,manual,1800000,1.8838044444444444
2229598609262457,0,1,84,M,RS003,R50.9,99.19,2,2,0,905229,2024-06-29,2025-01-03,manual,1000000,0.905229
5177232162896585,1,0,34,F,RS007,K21.0,45.16,3,2,1,1069524,2024-09-27,2025-01-03,manual,1400000,0.7639457142857143
5057408363979261,1,1,14,F,RS010,E66.9,99.28,1,1,5,9551132,2024-07-29,2025-01-03,auto,1000000,9.551132
7006475652516925,1,1,27,F,RS001,K21.0,45.16,2,3,0,4881107,2024-06-12,2025-01-03,manual,1400000,3.486505
9905810790061006,0,1,64,F,RS001,J45.9,93.96,2,4,0,1640766,2024-03-08,2025-01-03,manual,2300000,0.7133765217391305
9310857938702230,1,1,60,M,RS004,A09,45.23,2,2,1,3356599,2024-04-26,2025-01-03,manual,1300000,2.581999230769231
5567647471165465,0,1,43,M,RS004,I25.1,36.15,2,4,6,15132043,2024-04-08,2025-01-03,manual,5000000,1.610328
6476747739829272,1,1,20,F,RS010,N39.0,57.98,3,3,0,599600,2024-04-02,2025-01-03,auto,2200000,0.27254545454545454
1921389090047487,1,1,41,F,RS009,Z34.0,73.0,1,3,2,4416126,2024-06-07,2025-01-03,manual,800000,5.5201575
0652949135187316,1,0,13,F,RS009,R50.9,99.19,2,1,0,7836091,2024-05-08,2025-01-04,manual,1000000,7.836091
7667132867591279,1,1,8,F,RS003,Z34.0,73.0,3,3,2,7612697,2024-09-02,2025-01-04,manual,800000,9.51587125
7261573962287152,1,0,28,M,RS001,Z03.8,93.91,2,3,0,6131796,2024-05-09,2025-01-04,manual,1200000,5.10983
6247945305457062,1,1,85,F,RS005,O80,72.0,3,3,1,7183852,2024-11-25,2025-01-04,auto,3500000,2.052529142857143
2565240766557267,0,1,16,F,RS010,I25.1,99.24,2,3,0,1912884,2024-01-30,2025-01-04,auto,5000000,0.3825768
7584245698953132,0,1,57,M,RS004,A09,45.23,2,4,1,5795398,2024-02-05,2025-01-06,auto,1300000,4.457998461538462
3634853207244082,0,1,28,M,RS007,K21.0,45.16,3,2,2,3505265,2024-11-20,2025-01-06,auto,1400000,2.5037607142857143
2849295304957500,1,1,47,F,RS008,K29.7,45.16,1,4,1,3254073,2024-03-12,2025-01-06,manual,1700000,1.9141605882352941
3354413650232491,1,1,82,M,RS008,J18.9,96.04,3,4,0,7357501,2024-12-23,2025-01-06,auto,4200000,1.7517859523809525
9572252825974371,0,1,49,F,RS008,M54.5,93.39,3,3,0,9771194,2024-11-01,2025-01-06,auto,1800000,5.428441111111111
7541578413730750,0,1,70,F,RS005,R50.9,99.19,3,3,0,4751358,2024-10-23,2025-01-06,manual,1000000,4.751358
8344414157880930,1,1,17,F,RS001,I10,99.04,3,4,3,1670290,2024-03-26,2025-01-06,auto,2000000,0.835145
3360391963575311,0,1,28,F,RS001,J00,93.9,2,2,0,7656069,2024-12-19,2025-01-06,auto,500000,15.312138
6545333595574259,1,1,28,M,RS007,I10,99.04,1,2,3,2971971,2024-02-17,2025-01-06,auto,2000000,1.4859855
4122659775484940,1,1,42,F,RS008,R50.9,99.19,1,3,0,6780186,2024-06-22,2025-01-06,auto,1000000,6.780186
2504997695517251,0,1,67,M,RS006,K29.7,45.16,2,4,0,5978997,2024-09-30,2025-01-07,manual,1700000,3.5170570588235295
3059375334204064,0,1,8,M,RS006,Z03.8,93.91,2,4,0,2271169,2024-05-06,2025-01-07,auto,1200000,1.8926408333333333
9818970679821685,1,1,31,M,RS002,I10,99.04,1,2,3,5638101,2024-03-26,2025-01-07,manual,2000000,2.8190505
9985542567456655,1,1,41,M,RS003,H25.9,13.4,3,1,0,8481180,2024-02-22,2025-01-07,manual,7500000,1.130824
3844110475690086,1,1,75,F,RS008,I10,99.04,2,4,2,9564232,2024-08-26,2025-01-07,auto,2000000,4.782116
7977134773277334,1,1,31,M,RS008,J00,93.9,2,2,1,8254329,2024-01-02,2025-01-07,auto,500000,16.508658
5784937413457399,0,0,39,M,RS003,Z34.0,73.0,3,1,2,8428459,2024-02-29,2025-01-07,auto,800000,10.53557375
6462214513185217,1,1,14,M,RS002,H25.9,13.4,3,1,0,8768138,2024-09-26,2025-01-08,auto,7500000,1.1690850666666666
7260672358332250,1,0,60,F,RS008,A09,45.23,3,1,0,7119553,2024-12-24,2025-01-08,manual,1300000,5.4765792307692305
9868037317108449,1,1,15,F,RS004,A09,45.23,2,4,1,6595266,2024-09-26,2025-01-08,auto,1300000,5.073281538461538
9527515718531974,1,1,59,M,RS003,M54.5,93.39,3,4,0,709345,2024-02-05,2025-01-08,manual,1800000,0.39408055555555555
9256411682449471,0,1,50,M,RS006,N39.0,57.94,3,1,1,4267516,2024-09-05,2025-01-09,auto,2200000,1.93978
7886179660491873,0,0,54,F,RS010,N39.0,57.94,3,2,1,696274,2024-02-16,2025-01-09,manual,2200000,0.31648818181818184
4110746312800349,1,1,72,M,RS009,Z34.0,73.0,1,2,2,7909888,2024-12-21,2025-01-09,manual,800000,9.88736
7683924049915803,1,0,46,F,RS008,I25.1,36.15,2,1,4,7665348,2024-07-17,2025-01-09,auto,5000000,1.5330696
9873752149437503,1,0,42,F,RS002,Z00.0,93.99,3,4,1,6940401,2024-05-17,2025-01-09,auto,700000,9.91485857142857
8706521065904296,1,1,57,M,RS008,M54.5,93.39,1,2,1,810566,2024-06-13,2025-01-09,manual,1800000,0.45031444444444446
7803232851504055,1,1,76,M,RS001,R50.9,99.19,2,4,0,2957811,2025-01-03,2025-01-09,auto,1000000,2.957811
1309726032011272,1,1,87,F,RS008,E11,99.10,2,3,1,2967338,2024-03-07,2025-01-09,auto,2500000,1.1869352
5704362668634470,1,1,86,F,RS003,J18.9,93.94,3,3,0,6289342,2024-03-22,2025-01-09,auto,4200000,1.497462380952381
2857095073058460,1,0,90,M,RS002,E11,99.10,2,2,3,5040455,2024-12-11,2025-01-10,manual,2500000,2.016182
7104698512848497,1,1,24,M,RS010,E11,99.10,1,3,1,7675141,2024-10-26,2025-01-10,auto,2500000,3.0700564
5443030136654180,1,1,61,M,RS002,K21.0,45.16,3,1,0,6033979,2024-12-12,2025-01-10,auto,1400000,4.309985
6651978914319758,1,1,55,F,RS006,J45.9,93.96,2,3,0,6701332,2024-12-17,2025-01-10,auto,2300000,2.9136226086956523
8572175922835570,1,1,9,M,RS002,J45.9,93.96,2,3,0,2707853,2024-02-10,2025-01-10,auto,2300000,1.1773273913043478
4647107566004102,0,1,55,F,RS005,R10.4,45.23,3,2,0,7765117,2024-02-13,2025-01-10,auto,1200000,6.470930833333333
8765410831707621,1,1,14,M,RS005,Z34.0,73.0,2,4,3,5235637,2024-04-30,2025-01-10,manual,800000,6.54454625
8481778852171589,1,0,73,F,RS002,J00,93.9,3,2,1,5303839,2024-05-03,2025-01-10,manual,500000,10.607678
9603082917161492,1,1,33,F,RS003,J45.9,93.96,3,3,2,4781043,2024-06-08,2025-01-10,auto,2300000,2.0787143478260868
9799485508606529,0,1,10,F,RS004,R10.4,45.23,1,1,1,9394747,2024-12-16,2025-01-10,auto,1200000,7.828955833333334
6841144134715880,1,1,68,F,RS002,Z34.0,73.0,2,4,2,2180654,2024-12-20,2025-01-10,auto,800000,2.7258175
7554000018774508,0,1,40,M,RS004,R50.9,99.19,3,2,0,7324004,2024-09-25,2025-01-10,auto,1000000,7.324004
3311804666529293,1,0,41,F,RS010,J45.9,93.96,3,4,0,9791268,2024-06-20,2025-01-11,auto,2300000,4.257073043478261
1695286776041495,0,1,78,M,RS005,R50.9,99.19,1,3,2,2117333,2024-09-21,2025-01-11,auto,1000000,2.117333
6410016264897675,1,1,15,F,RS006,E11,99.10,2,4,1,5395757,2024-02-03,2025-01-11,auto,2500000,2.1583028
3609320359676737,1,1,30,F,RS003,J45.9,93.96,3,3,0,3928395,2024-02-14,2025-01-11,manual,2300000,1.7079978260869566
0003011918936614,0,1,87,F,RS006,N39.0,57.98,1,4,4,1736679,2024-10-29,2025-01-11,manual,2200000,0.7893995454545455
9816813951567314,0,1,78,M,RS006,K29.7,45.16,1,2,2,5670843,2024-04-05,2025-01-11,auto,1700000,3.33579
3789653646467583,1,1,68,M,RS005,A09,45.23,1,1,0,6589738,2024-08-22,2025-01-11,manual,1300000,5.069029230769231
4843249552723524,1,1,89,M,RS002,I10,99.04,1,1,1,5792392,2024-12-16,2025-01-11,manual,2000000,2.896196
1986540312006229,1,1,66,F,RS002,J45.9,93.96,2,3,3,9744562,2024-05-31,2025-01-13,manual,2300000,4.236766086956521
8305563943499235,0,0,52,F,RS003,Z03.8,93.91,2,4,0,7014153,2024-09-03,2025-01-13,auto,1200000,5.8451275
0004221685143663,1,1,71,M,RS009,J18.9,96.04,2,4,2,5061318,2024-09-27,2025-01-13,auto,4200000,1.2050757142857143
9229996914739664,0,0,84,F,RS004,N39.0,57.98,1,3,1,4465277,2024-12-16,2025-01-13,auto,2200000,2.0296713636363637
1520714846199201,0,1,77,F,RS007,J00,93.9,2,2,0,6604508,2024-09-18,2025-01-13,manual,500000,13.209016
6834967941500665,1,0,18,M,RS003,A09,45.23,3,3,4,2242286,2024-12-14,2025-01-13,manual,1300000,1.7248353846153845
5813951965610035,0,0,70,M,RS010,R50.9,99.19,1,3,0,3683703,2024-12-31,2025-01-13,manual,1000000,3.683703
4082835171662349,1,1,2,M,RS010,R50.9,99.19,2,3,0,1475586,2025-01-06,2025-01-14,auto,1000000,1.475586
3254151096670571,1,0,70,M,RS007,J00,93.9,3,4,1,6597534,2024-11-12,2025-01-14,auto,500000,13.195068
2879367754077574,1,1,21,M,RS002,R50.9,99.19,1,2,0,1285607,2024-10-12,2025-01-14,manual,1000000,1.285607
7696011005087758,1,0,18,F,RS003,H25.9,13.4,2,1,0,3329062,2025-01-02,2025-01-14,manual,7500000,0.44387493333333333
6359534663487435,1,0,76,F,RS001,J45.9,93.96,3,4,0,7157631,2024-04-26,2025-01-14,manual,2300000,3.1120134782608697
0974452209400816,1,1,58,M,RS004,I25.1,36.15,3,4,4,1637934,2024-03-25,2025-01-14,auto,5000000,0.3275868
9574164019195810,0,1,89,F,RS004,K29.7,45.16,2,2,4,9331678,2024-04-06,2025-01-14,manual,1700000,5.4892223529411766
8672465786135253,1,1,57,F,RS001,H25.9,13.5,2,3,0,4759376,2024-11-29,2025-01-15,auto,7500000,0.6345834666666667
4388572784162310,1,0,2,M,RS007,Z00.0,93.99,1,1,0,1395060,2024-10-31,2025-01-15,auto,700000,1.9929428571428571
7888242528122755,1,0,55,M,RS009,J18.9,93.94,2,2,0,1094715,2024-06-03,2025-01-15,auto,4200000,0.26064642857142856
7768280343339046,1,0,85,F,RS006,O80,72.0,3,2,2,8317074,2024-04-06,2025-01-15,manual,3500000,2.376306857142857
6934901989164228,1,1,26,M,RS004,N39.0,57.94,1,2,0,1997871,2024-09-27,2025-01-16,auto,2200000,0.9081231818181819
4325763296609102,1,1,11,M,RS008,J18.9,96.04,3,3,0,9306363,2024-03-06,2025-01-16,manual,4200000,2.2158007142857143
4546861063008706,0,1,81,F,RS007,I25.1,36.15,3,3,1,2686763,2024-11-04,2025-01-16,auto,5000000,0.5373526
3076636346937053,1,0,3,M,RS009,M54.5,93.39,3,1,0,3901250,2024-12-12,2025-01-16,auto,1800000,2.167361111111111
5956344265567032,1,1,17,M,RS004,Z03.8,93.91,3,4,0,8522197,2024-11-27,2025-01-16,manual,1200000,7.1018308333333335
9786737746073421,1,0,2,F,RS008,A09,45.23,1,1,2,5630896,2024-01-27,2025-01-16,manual,1300000,4.331458461538461
6713021505662344,1,1,9,M,RS005,R10.4,99.19,2,1,1,1684345,2024-12-07,2025-01-16,manual,1000000,1.684345
0259202450639427,0,1,20,M,RS009,O80,72.0,1,3,2,4637854,2024-02-22,2025-01-17,manual,3500000,1.3251011428571429
4719037266815746,1,0,59,F,RS007,R10.4,87.09,3,2,0,4823733,2024-04-18,2025-01-17,auto,1200000,4.0197775
1869366304469810,0,1,66,M,RS002,E66.9,99.28,2,1,3,4466728,2024-08-08,2025-01-17,auto,1000000,4.466728
9864465826280716,1,1,50,M,RS010,I10,99.04,1,1,1,1363955,2024-08-09,2025-01-17,auto,2000000,0.6819775
6468396150861957,0,1,22,M,RS006,O80,72.0,2,3,2,1512301,2025-01-08,2025-01-17,auto,3500000,0.432086
7388236962230045,1,1,73,M,RS003,N39.0,57.98,1,2,2,6192964,2024-07-01,2025-01-17,auto,2200000,2.8149836363636362
4453182788104814,0,1,48,M,RS009,Z03.8,93.91,2,1,0,3199066,2024-08-20,2025-01-17,manual,1200000,2.665888333333333
0738732715696048,1,1,25,M,RS005,N39.0,57.98,1,3,0,2862022,2024-05-06,2025-01-17,auto,2200000,1.3009190909090909
9116931109207361,1,1,88,M,RS002,I10,99.04,1,1,2,2277477,2024-10-01,2025-01-17,manual,2000000,1.1387385
0656666842337095,1,1,88,M,RS005,H25.9,13.4,3,4,1,2573779,2024-06-07,2025-01-17,manual,7500000,0.34317053333333336
1908988265088379,1,1,26,M,RS005,Z03.8,93.91,3,2,0,9871491,2024-11-02,2025-01-17,manual,1200000,8.2262425
3396758507509830,1,1,77,M,RS001,K29.7,45.16,3,4,1,6561197,2024-12-31,2025-01-17,manual,1700000,3.8595276470588233
2278189608055610,1,1,8,F,RS009,J18.9,96.04,3,3,0,9807679,2024-12-31,2025-01-17,manual,4200000,2.3351616666666666
1179721150512224,1,1,60,F,RS003,I10,99.04,2,1,2,2216522,2024-05-28,2025-01-17,auto,2000000,1.108261
1555805379314284,1,0,42,F,RS003,E11,99.10,3,4,1,2560035,2024-07-10,2025-01-18,manual,2500000,1.024014
9703640857687958,1,1,45,M,RS001,I25.1,36.15,1,4,2,2354059,2024-10-02,2025-01-18,manual,5000000,0.4708118
8821019473111585,0,1,41,F,RS008,O80,72.0,2,2,1,2641629,2024-12-18,2025-01-18,auto,3500000,0.7547511428571428
5124039520614457,1,1,39,F,RS005,O80,72.0,3,1,2,5759045,2024-11-11,2025-01-18,auto,3500000,1.6454414285714285
4277807931088504,1,0,58,M,RS005,J45.9,93.96,3,4,0,1929889,2024-08-13,2025-01-18,auto,2300000,0.8390821739130435
2693409025539426,1,1,44,F,RS004,Z00.0,93.99,1,1,1,3671057,2024-09-05,2025-01-18,auto,700000,5.244367142857143
1624824136308085,1,1,32,M,RS006,E11,99.10,3,3,0,2425018,2024-09-26,2025-01-18,auto,2500000,0.9700072
0487521962762816,1,1,18,F,RS005,O80,72.0,1,2,2,4005637,2024-11-27,2025-01-18,manual,3500000,1.1444677142857143
4568027264530974,1,0,76,F,RS001,I10,99.04,3,2,3,2990421,2024-08-22,2025-01-18,auto,2000000,1.4952105
5114278161223081,1,1,70,M,RS008,I25.1,36.15,1,3,3,2809047,2024-07-11,2025-01-18,manual,5000000,0.5618094
8235412019447657,1,1,18,F,RS010,I10,99.04,2,4,0,1868315,2024-09-14,2025-01-20,manual,2000000,0.9341575
2420132681019047,1,1,61,M,RS004,R50.9,99.19,3,4,1,6830095,2024-05-13,2025-01-20,manual,1000000,6.830095
8671513348445146,1,0,40,F,RS004,K29.7,45.16,3,1,0,7740960,2024-12-26,2025-01-20,auto,1700000,4.553505882352941
2858522158951699,0,1,12,M,RS008,Z00.0,93.99,1,4,0,8877517,2024-06-19,2025-01-20,manual,700000,12.682167142857143
0673374816293677,1,1,81,M,RS010,E66.9,99.28,1,2,1,9000266,2024-12-18,2025-01-20,auto,1000000,9.000266
7284777290540942,0,1,74,F,RS004,J00,93.9,2,3,0,9282505,2024-07-10,2025-01-20,manual,500000,18.56501
2499656119154846,1,1,52,M,RS002,R10.4,45.23,3,1,1,1858556,2024-04-16,2025-01-20,manual,1200000,1.5487966666666666
9412277256326621,1,1,32,M,RS003,H25.9,13.1,1,4,0,1074841,2024-01-06,2025-01-20,auto,7500000,0.14331213333333334
1082739201779474,0,0,69,F,RS010,Z34.0,73.0,2,2,1,2559300,2024-12-07,2025-01-20,manual,800000,3.199125
6151670937396524,1,1,77,M,RS004,Z00.0,93.99,1,4,0,6365317,2024-02-27,2025-01-20,manual,700000,9.09331
4780248338263618,1,1,1,F,RS009,J00,93.9,3,2,0,1771309,2024-08-15,2025-01-20,auto,500000,3.542618
4925824115009407,1,1,46,M,RS008,I25.1,36.15,2,2,2,7891926,2024-11-18,2025-01-20,auto,5000000,1.5783852
4948997898514829,1,1,16,F,RS006,E66.9,99.28,1,2,1,4319160,2024-10-14,2025-01-20,auto,1000000,4.31916
6738251208699809,1,0,78,M,RS009,K21.0,45.16,1,1,1,6306724,2024-09-19,2025-01-20,auto,1400000,4.504802857142857
0270780469986356,0,1,31,M,RS005,J45.9,93.96,2,4,0,1515799,2024-01-12,2025-01-20,auto,2300000,0.6590430434782608
0241800280516070,1,1,10,M,RS004,Z03.8,93.91,3,1,2,6344798,2024-12-24,2025-01-21,auto,1200000,5.287331666666667
6570832744863866,1,0,32,M,RS008,O80,72.0,3,4,2,4855331,2024-04-01,2025-01-21,manual,3500000,1.3872374285714286
6114470252394502,1,0,3,M,RS010,I10,99.04,1,3,2,7369766,2024-12-06,2025-01-21,manual,2000000,3.684883
5843707418947067,1,1,71,M,RS006,J00,93.9,1,4,3,4006542,2024-12-05,2025-01-21,auto,500000,8.013084
1262264311427630,1,1,70,M,RS001,J18.9,93.94,2,1,0,1504075,2024-12-23,2025-01-21,manual,4200000,0.35811309523809526
1341603970729269,1,0,59,F,RS003,M54.5,93.39,1,2,0,4372735,2024-07-26,2025-01-21,auto,1800000,2.4292972222222224
7790703841468464,1,1,68,M,RS001,J18.9,96.04,3,3,0,7203217,2024-01-12,2025-01-22,auto,4200000,1.7150516666666666
6084597393084693,1,0,69,F,RS004,J18.9,96.04,1,1,0,3286041,2024-05-14,2025-01-22,auto,4200000,0.7823907142857143
3042017637079859,1,1,42,F,RS001,K21.0,45.16,1,2,0,2328265,2024-01-12,2025-01-22,manual,1400000,1.6630464285714286
7964973566431670,0,1,34,M,RS002,K21.0,45.16,3,2,2,529219,2024-02-03,2025-01-22,manual,1400000,0.37801357142857145
3584259371813630,1,0,76,F,RS010,O80,72.0,3,3,2,2397458,2024-05-30,2025-01-22,manual,3500000,0.684988
8999781406121512,0,1,18,F,RS010,E66.9,99.28,3,3,1,3927800,2025-01-02,2025-01-22,manual,1000000,3.9278
2817608546896121,1,1,28,M,RS006,R50.9,99.19,1,1,0,4964159,2024-11-28,2025-01-22,manual,1000000,4.964159
4536346179659780,1,1,47,F,RS004,N39.0,57.94,3,4,0,1109045,2024-07-19,2025-01-23,auto,2200000,0.5041113636363637
6870740317422122,1,1,58,M,RS001,I25.1,36.15,1,2,3,750247,2024-04-22,2025-01-23,manual,5000000,0.1500494
7834441145195136,1,0,86,F,RS006,H25.9,13.5,1,2,0,7250132,2024-08-14,2025-01-23,auto,7500000,0.9666842666666666
3617481897877767,0,1,1,M,RS005,I25.1,99.24,3,2,4,6913052,2024-12-07,2025-01-23,manual,5000000,1.3826104
0926870718558999,1,1,43,F,RS008,Z34.0,73.0,1,4,2,1185427,2024-08-16,2025-01-23,manual,800000,1.48178375
0023274748396172,1,0,57,M,RS001,Z00.0,93.99,1,1,0,2139308,2024-09-12,2025-01-23,manual,700000,3.056154285714286
0313004035377088,1,1,44,M,RS003,J18.9,93.94,2,3,2,5335475,2024-11-18,2025-01-23,manual,4200000,1.2703511904761904
3253519945745998,1,1,44,M,RS005,I10,99.04,3,1,4,1424077,2024-11-04,2025-01-23,manual,2000000,0.7120385
3339973951529335,1,1,83,F,RS004,A09,45.23,2,4,0,1731815,2024-03-16,2025-01-23,auto,1300000,1.3321653846153847
2435704389682589,1,1,81,M,RS002,K29.7,45.16,1,4,0,7981225,2024-01-13,2025-01-23,auto,1700000,4.694838235294117
2995696536115960,1,0,15,M,RS005,Z03.8,93.91,2,1,0,7064359,2024-09-13,2025-01-23,manual,1200000,5.886965833333333
2339245047006120,0,1,77,F,RS009,I10,99.04,1,3,4,9182213,2024-05-20,2025-01-23,auto,2000000,4.5911065
8942003607029330,1,1,10,F,RS005,J18.9,96.04,1,2,3,6740538,2024-08-09,2025-01-24,auto,4200000,1.60489
4823989868065507,1,1,23,M,RS002,R10.4,45.23,1,4,0,5560216,2024-05-14,2025-01-24,manual,1200000,4.633513333333333
7032311513807658,0,1,55,M,RS004,J00,93.9,3,2,0,4968957,2024-04-17,2025-01-24,manual,500000,9.937914
2566203662555990,1,0,78,F,RS005,I10,99.04,1,3,2,8519962,2025-01-09,2025-01-24,manual,2000000,4.259981
6806054474577039,1,1,10,F,RS007,A09,45.23,2,2,1,9163213,2024-10-31,2025-01-24,auto,1300000,7.048625384615384
1872810840669855,1,0,28,F,RS002,K21.0,45.16,2,1,0,5243742,2025-01-20,2025-01-25,manual,1400000,3.74553
6455805154229264,0,1,66,M,RS003,R10.4,87.09,3,2,0,4576417,2024-03-19,2025-01-25,auto,1200000,3.813680833333333
5561134190346425,1,1,26,M,RS001,E11,99.10,1,3,1,6133104,2024-12-20,2025-01-25,auto,2500000,2.4532416
3358180556372134,0,0,7,F,RS010,I25.1,36.15,2,3,3,8328293,2024-04-20,2025-01-25,auto,5000000,1.6656586
7843065073438614,1,1,46,F,RS009,E66.9,99.28,3,4,2,4584986,2024-10-26,2025-01-25,manual,1000000,4.584986
3893037865770408,1,1,8,F,RS002,R50.9,99.19,2,1,1,7366761,2024-11-05,2025-01-25,manual,1000000,7.366761
1768728326038367,1,1,20,F,RS010,E66.9,99.28,2,2,2,2519490,2024-08-07,2025-01-25,manual,1000000,2.51949
0003011918936614,0,1,87,F,RS006,N39.0,57.98,2,1,3,1027158,2024-02-08,2025-01-25,auto,2200000,0.46689
5260422762330264,1,1,36,M,RS010,N39.0,57.98,1,3,1,5382728,2024-02-28,2025-01-27,manual,2200000,2.4466945454545455
6027000885549999,0,1,71,M,RS002,J00,93.9,3,2,0,5512178,2024-03-13,2025-01-27,manual,500000,11.024356
3365828762666386,1,1,77,F,RS002,H25.9,13.5,2,3,0,7098433,2024-11-12,2025-01-27,auto,7500000,0.9464577333333334
0838203725807919,1,1,10,M,RS010,I25.1,36.15,1,4,0,656505,2024-11-28,2025-01-27,manual,5000000,0.131301
3619229409759881,1,1,80,M,RS006,I25.1,99.24,2,1,1,8350152,2024-05-07,2025-01-27,auto,5000000,1.6700304
7652027525984731,1,1,45,M,RS006,I10,99.04,1,4,1,567412,2024-12-27,2025-01-27,manual,2000000,0.283706
9160390588799943,1,1,32,F,RS008,A09,45.23,2,2,0,2598006,2024-12-04,2025-01-27,manual,1300000,1.998466153846154
5387759687669314,0,0,84,M,RS007,O80,72.0,1,2,3,9759163,2024-08-26,2025-01-27,manual,3500000,2.7883322857142856
2464990556319126,1,1,25,M,RS003,E66.9,99.28,3,4,1,6065513,2024-11-18,2025-01-27,manual,1000000,6.065513
5353799018471819,0,0,6,M,RS003,Z00.0,93.99,2,3,0,532341,2024-05-09,2025-01-28,auto,700000,0.7604871428571428
5018385476171653,1,1,27,F,RS009,J00,93.9,3,1,0,7657272,2024-05-01,2025-01-28,manual,500000,15.314544
7251822732631399,1,0,3,M,RS006,H25.9,13.1,1,1,0,9068671,2024-11-09,2025-01-28,auto,7500000,1.2091561333333334
0808443078577059,0,1,69,M,RS006,N39.0,57.98,2,1,3,4418207,2024-03-19,2025-01-28,manual,2200000,2.008275909090909
0825062666171844,0,0,89,F,RS002,J45.9,93.96,3,1,0,2054646,2024-10-24,2025-01-28,manual,2300000,0.8933243478260869
9567304089524802,1,0,3,M,RS003,H25.9,13.1,2,1,0,2867686,2025-01-24,2025-01-28,auto,7500000,0.38235813333333335
9240968058118329,1,0,22,F,RS006,K21.0,45.23,3,4,0,1917073,2024-12-11,2025-01-28,auto,1200000,1.5975608333333333
4142774471819460,0,1,71,F,RS010,K21.0,45.16,1,2,1,1795424,2024-04-15,2025-01-28,manual,1400000,1.2824457142857142
3547174386777341,1,1,35,F,RS004,J45.9,93.96,2,4,0,898363,2024-06-10,2025-01-29,manual,2300000,0.39059260869565215
2570178347088778,1,0,4,M,RS008,M54.5,93.39,2,1,0,8619489,2024-10-26,2025-01-29,auto,1800000,4.788605
7198099579289186,1,1,37,M,RS004,R10.4,87.09,3,4,0,4215242,2024-08-09,2025-01-29,manual,1200000,3.5127016666666666
9447103060373529,0,1,81,M,RS004,M54.5,93.39,1,3,0,8672710,2024-12-23,2025-01-29,auto,1800000,4.8181722222222225
6568142014131842,0,1,2,F,RS001,E66.9,99.28,2,4,1,5152082,2024-10-25,2025-01-29,manual,1000000,5.152082
3956719867816458,1,0,80,M,RS010,K29.7,45.16,3,3,0,6979873,2024-06-28,2025-01-29,auto,1700000,4.105807647058824
1776468854172736,1,1,43,M,RS003,I10,99.04,2,2,3,2993985,2024-12-02,2025-01-29,auto,2000000,1.4969925
0649318456777289,1,0,11,F,RS002,H25.9,13.1,2,2,0,1741687,2024-01-08,2025-01-29,manual,7500000,0.23222493333333333
2174596819423931,1,0,2,M,RS004,R50.9,99.19,3,4,1,1371995,2024-01-06,2025-01-29,manual,1000000,1.371995
7783057971395830,0,1,35,M,RS002,R10.4,87.09,3,1,0,6441193,2024-06-19,2025-01-29,manual,1200000,5.367660833333334
6806491483796398,1,1,57,F,RS002,R50.9,99.19,1,3,0,2389811,2024-08-09,2025-01-29,auto,1000000,2.389811
8679786533209225,1,1,8,F,RS003,M54.5,93.39,2,4,2,2210483,2024-04-10,2025-01-29,auto,1800000,1.2280461111111112
8993612319161018,0,1,80,F,RS001,J45.9,93.96,1,3,0,3344384,2024-03-13,2025-01-29,manual,2300000,1.45408
7616923159994668,0,1,27,F,RS009,J18.9,96.04,3,1,0,9644915,2024-03-07,2025-01-29,manual,4200000,2.2964083333333334
9512583533637524,1,1,22,F,RS002,O80,72.0,3,2,1,9802152,2024-09-06,2025-01-30,manual,3500000,2.800614857142857
6609815197198117,1,0,77,F,RS004,Z34.0,73.0,3,1,2,2451458,2024-12-04,2025-01-30,auto,800000,3.0643225
8098545643558590,1,0,10,F,RS010,N39.0,57.98,2,4,0,8245999,2024-03-23,2025-01-30,manual,2200000,3.7481813636363635
6971066983248847,0,1,69,M,RS003,E66.9,99.28,1,3,5,7629177,2024-08-15,2025-01-30,manual,1000000,7.629177
6431099747463069,1,1,21,M,RS004,I25.1,99.24,3,4,3,7494218,2024-12-02,2025-01-30,manual,5000000,1.4988436
4830091898335094,1,0,47,F,RS002,R50.9,99.19,1,3,0,6882228,2025-01-17,2025-01-30,auto,1000000,6.882228
3385727074198254,1,1,13,M,RS005,E11,99.10,2,1,1,8727520,2024-06-04,2025-01-30,manual,2500000,3.491008
5797874382609444,1,1,67,M,RS004,Z03.8,93.91,3,2,0,3041280,2024-10-30,2025-01-30,manual,1200000,2.5344
6364424588460427,1,1,64,F,RS006,J18.9,96.04,2,3,3,4182162,2024-07-19,2025-01-30,manual,4200000,0.9957528571428571
0875142694809400,1,0,5,M,RS007,J18.9,96.04,2,2,3,8147739,2024-06-10,2025-01-31,auto,4200000,1.9399378571428572
3187365129560139,1,0,59,M,RS008,M54.5,93.39,3,4,0,9881763,2024-01-11,2025-01-31,manual,1800000,5.489868333333333
1106762168572706,1,1,75,M,RS010,J45.9,93.96,2,2,0,3537313,2024-08-16,2025-01-31,manual,2300000,1.5379621739130436
4982397445932366,1,1,43,M,RS006,Z34.0,73.0,1,1,3,9783419,2024-12-25,2025-01-31,manual,800000,12.22927375
8074272655952659,0,1,52,M,RS003,E66.9,99.28,3,1,4,3260750,2024-04-30,2025-01-31,auto,1000000,3.26075
9879803914199190,1,1,54,M,RS007,Z34.0,73.0,3,3,2,2783777,2024-02-01,2025-01-31,auto,800000,3.47972125
4189652918698162,1,1,37,M,RS010,R10.4,45.23,1,4,0,2128685,2024-11-13,2025-01-31,auto,1200000,1.7739041666666666
1201398862894144,1,1,74,F,RS002,J00,93.9,3,4,1,5429868,2025-01-09,2025-01-31,auto,500000,10.859736
7803232851504055,1,1,76,M,RS001,Z03.8,93.91,3,4,0,5068645,2024-01-11,2025-01-31,manual,1200000,4.223870833333334
1695286776041495,0,1,78,M,RS005,R50.9,99.19,1,4,0,6102112,2024-08-02,2025-01-31,manual,1000000,6.102112
4340669572950009,1,1,3,F,RS008,Z34.0,73.0,3,3,1,9333723,2024-12-11,2025-01-31,auto,800000,11.66715375
8621957618239294,1,0,3,F,RS006,E11,99.10,1,1,1,6162244,2024-07-13,2025-01-31,auto,2500000,2.4648976
8310456410787226,1,1,79,M,RS007,R10.4,87.09,2,2,0,2806948,2024-05-30,2025-01-31,auto,1200000,2.339123333333333
4862518211759183,1,0,62,M,RS005,E66.9,99.28,1,2,1,7779354,2024-04-10,2025-01-31,auto,1000000,7.779354
7734113203894465,0,1,62,M,RS001,Z00.0,93.99,1,4,0,4692218,2024-03-18,2025-02-01,manual,700000,6.703168571428572
4180101645269836,0,1,16,F,RS008,Z03.8,93.91,3,2,2,9808726,2024-11-14,2025-02-01,manual,1200000,8.173938333333334
7856009475027780,1,1,30,F,RS008,Z03.8,93.91,1,2,0,9071039,2025-01-21,2025-02-01,manual,1200000,7.559199166666667
4586715196777985,0,1,26,M,RS001,E66.9,99.28,2,1,5,9986329,2025-01-25,2025-02-01,auto,1000000,9.986329
2499656119154846,1,1,52,M,RS002,R10.4,45.23,3,1,0,7281645,2024-04-05,2025-02-01,manual,1200000,6.0680375
2923959800363212,1,1,15,M,RS007,J18.9,93.94,3,1,0,4308194,2024-02-29,2025-02-01,auto,4200000,1.0257604761904762
6749755793511452,1,0,82,F,RS007,H25.9,13.5,2,1,0,9083201,2024-11-12,2025-02-01,manual,7500000,1.2110934666666666
6340037842034656,0,1,58,F,RS005,I10,99.04,2,3,3,1331703,2024-11-13,2025-02-01,manual,2000000,0.6658515
9799485508606529,0,1,10,F,RS004,R10.4,87.09,1,3,0,6046646,2024-10-21,2025-02-01,auto,1200000,5.038871666666667
4653360519755402,1,0,8,F,RS003,J45.9,93.96,2,4,0,6288572,2024-12-24,2025-02-01,auto,2300000,2.734161739130435
2914399596931199,1,0,86,F,RS006,Z03.8,93.91,2,1,1,5279094,2024-12-17,2025-02-01,manual,1200000,4.399245
8259449936742787,1,1,72,M,RS004,K29.7,45.16,3,2,2,421494,2024-10-02,2025-02-01,auto,1700000,0.24793764705882354
2171050541740581,1,1,71,M,RS003,M54.5,93.39,1,3,1,9381330,2025-01-08,2025-02-01,auto,1800000,5.21185
9753687805279427,1,1,85,F,RS009,R10.4,87.09,2,1,0,1324374,2024-09-19,2025-02-01,manual,1200000,1.103645
3492025524091001,1,0,42,F,RS008,J45.9,93.96,1,2,2,2715162,2024-08-09,2025-02-01,auto,2300000,1.1805052173913044
4527342938448643,1,1,42,F,RS007,I25.1,99.24,2,3,3,4262482,2024-12-24,2025-02-03,manual,5000000,0.8524964
4569961068833771,1,1,54,M,RS003,K21.0,45.16,1,2,0,6132363,2024-10-11,2025-02-03,manual,1400000,4.380259285714286
2540420245592927,1,1,36,F,RS007,J18.9,96.04,3,2,0,2276848,2024-04-03,2025-02-03,manual,4200000,0.5421066666666666
6364424588460427,1,1,64,F,RS006,J18.9,93.94,3,2,1,3780855,2024-09-07,2025-02-03,auto,4200000,0.9002035714285714
3160728153550173,0,1,87,F,RS010,Z34.0,73.0,1,2,2,6337786,2024-11-18,2025-02-03,auto,800000,7.9222325
7104698512848497,1,1,24,M,RS010,E11,99.10,2,1,4,9513999,2024-10-01,2025-02-03,auto,2500000,3.8055996
0397987216459530,0,1,57,M,RS005,J45.9,93.96,2,2,0,3930439,2024-07-11,2025-02-03,manual,2300000,1.7088865217391305
1391135425667237,0,1,19,F,RS001,A09,45.23,2,3,1,3560570,2024-05-08,2025-02-03,manual,1300000,2.7389
0392405087961834,1,0,9,F,RS005,E66.9,99.28,1,4,2,5755165,2024-03-08,2025-02-03,auto,1000000,5.755165
7068130882293285,0,1,83,F,RS007,K29.7,45.16,2,3,0,3718485,2024-10-09,2025-02-03,auto,1700000,2.1873441176470587
8746775700561102,1,1,22,M,RS003,K21.0,45.16,1,3,2,7975334,2024-11-05,2025-02-03,auto,1400000,5.696667142857143
8518136758959613,1,1,11,F,RS006,J18.9,93.94,2,1,0,1693880,2024-10-14,2025-02-03,auto,4200000,0.4033047619047619
8116413472566121,0,0,36,M,RS005,J45.9,93.96,2,1,1,5894566,2024-06-22,2025-02-03,auto,2300000,2.562854782608696
7977134773277334,1,1,31,M,RS008,J00,93.9,2,1,0,878622,2024-10-18,2025-02-03,manual,500000,1.757244
8914872947098870,1,1,14,F,RS006,Z34.0,73.0,2,3,3,1996692,2024-10-09,2025-02-03,auto,800000,2.495865
3584259371813630,1,0,76,F,RS010,O80,72.0,3,4,2,9950541,2025-01-16,2025-02-03,auto,3500000,2.8430117142857143
2189849099081889,1,0,42,M,RS007,H25.9,13.5,2,4,0,5172588,2024-11-26,2025-02-03,auto,7500000,0.6896784
3960286269178819,1,1,76,M,RS004,K29.7,45.16,2,1,0,827243,2024-08-27,2025-02-03,auto,1700000,0.4866135294117647
0875142694809400,1,0,5,M,RS007,J00,93.9,2,2,0,419800,2025-01-09,2025-02-03,manual,500000,0.8396
3789653646467583,1,1,68,M,RS005,A09,45.23,3,3,1,6621764,2024-10-09,2025-02-04,manual,1300000,5.093664615384616
2402606470461297,1,0,57,M,RS009,N39.0,57.98,1,2,5,1282185,2024-11-01,2025-02-04,manual,2200000,0.5828113636363637
2509494660329666,1,1,20,M,RS010,K21.0,45.16,2,1,1,3725877,2024-09-17,2025-02-04,manual,1400000,2.661340714285714
7618120138254049,1,1,58,F,RS009,H25.9,13.1,2,1,0,3972743,2024-07-06,2025-02-04,manual,7500000,0.5296990666666667
7374001504949100,1,1,60,F,RS002,Z34.0,73.0,3,3,3,7376446,2024-05-10,2025-02-04,auto,800000,9.2205575
8718965530463553,1,0,24,F,RS003,K29.7,45.16,1,4,0,7907858,2024-10-23,2025-02-04,auto,1700000,4.651681176470588
2018595464108504,1,1,39,M,RS001,R10.4,45.23,2,4,0,3682253,2025-01-09,2025-02-04,manual,1200000,3.068544166666667
0524849759093907,1,1,50,F,RS004,A09,45.23,2,1,1,9292632,2024-01-05,2025-02-04,manual,1300000,7.148178461538461
4446723060228537,1,1,39,F,RS002,R10.4,45.23,2,4,0,2493285,2024-04-25,2025-02-04,manual,1200000,2.0777375
9868037317108449,1,1,15,F,RS004,K21.0,45.16,2,1,2,5697294,2024-06-26,2025-02-04,manual,1400000,4.069495714285714
7388236962230045,1,1,73,M,RS003,N39.0,57.94,3,2,0,7433703,2025-01-06,2025-02-04,manual,2200000,3.378955909090909
0429671617048262,0,1,33,F,RS009,M54.5,93.39,1,3,0,5925115,2024-04-01,2025-02-04,manual,1800000,3.2917305555555556
1927186885164968,0,1,38,F,RS001,I10,99.04,3,2,2,4051877,2025-01-22,2025-02-04,manual,2000000,2.0259385
8518924512506640,0,1,43,M,RS008,K21.0,45.16,3,1,0,8716317,2024-09-24,2025-02-04,auto,1400000,6.225940714285715
3327615954845661,1,1,14,M,RS004,E11,99.10,2,1,3,6187344,2024-11-14,2025-02-04,manual,2500000,2.4749376
9407839972700139,1,0,80,M,RS002,I25.1,99.24,1,4,2,5425550,2024-01-16,2025-02-05,manual,5000000,1.08511
9240968058118329,1,0,22,F,RS006,R10.4,45.23,1,4,0,5429570,2025-01-17,2025-02-05,manual,1200000,4.524641666666667
9164367987483129,0,1,62,M,RS004,J00,93.9,1,2,2,2956940,2025-01-25,2025-02-05,auto,500000,5.91388
4581014690311437,0,0,88,F,RS008,M54.5,93.39,2,1,0,9590600,2024-11-08,2025-02-05,auto,1800000,5.328111111111111
9958327336498786,0,1,32,F,RS004,N39.0,57.98,1,4,1,6733622,2024-11-01,2025-02-05,manual,2200000,3.060737272727273
9732458967890419,1,1,79,M,RS001,K29.7,45.16,3,4,0,1398955,2024-12-25,2025-02-05,auto,1700000,0.8229147058823529
7531794404588024,0,0,22,M,RS007,I25.1,36.15,1,2,5,1999685,2024-11-30,2025-02-05,auto,5000000,0.399937
2630136003057836,0,1,26,M,RS003,J00,93.9,3,1,1,882585,2024-11-06,2025-02-05,auto,500000,1.76517
8574599827098542,1,1,38,F,RS007,J18.9,96.04,1,2,2,7772904,2025-01-15,2025-02-06,manual,4200000,1.8506914285714287
5091345093594288,1,0,22,M,RS008,K21.0,45.16,3,3,0,818253,2024-12-17,2025-02-06,manual,1400000,0.5844664285714286
9552685389578814,1,0,74,F,RS007,A09,45.23,2,2,2,8559484,2024-11-26,2025-02-06,manual,1300000,6.584218461538462
9235098062820264,1,1,21,M,RS001,K21.0,45.16,3,4,1,3740056,2024-01-16,2025-02-06,auto,1400000,2.6714685714285715
1756839619701697,1,1,33,F,RS005,I10,99.04,1,4,1,8630182,2025-01-07,2025-02-06,manual,2000000,4.315091
1320383327716598,0,1,38,M,RS006,E66.9,99.28,2,3,1,9779870,2024-03-08,2025-02-06,manual,1000000,9.77987
8913879578703433,1,0,15,M,RS005,I25.1,99.24,1,3,2,6942236,2024-02-12,2025-02-06,auto,5000000,1.3884472
8669133342632378,0,1,24,F,RS007,Z34.0,73.0,2,4,2,3439043,2024-06-06,2025-02-06,manual,800000,4.29880375
9159999735260574,1,0,46,F,RS008,O80,72.0,1,4,2,6009132,2024-09-13,2025-02-06,manual,3500000,1.716894857142857
9637808046560203,1,1,81,M,RS004,H25.9,13.1,3,1,0,7516123,2024-07-09,2025-02-06,manual,7500000,1.0021497333333333
8116413472566121,0,0,36,M,RS005,J00,93.9,2,2,1,9304574,2024-05-29,2025-02-06,manual,500000,18.609148
7708695437550438,1,1,33,M,RS004,J18.9,96.04,3,2,0,2032152,2025-01-24,2025-02-06,auto,4200000,0.48384571428571427
6500701680322492,1,1,45,M,RS010,E11,99.10,3,4,3,3243754,2024-02-13,2025-02-06,auto,2500000,1.2975016
2905646745646148,1,0,13,M,RS003,R50.9,99.19,2,2,0,2439653,2025-01-25,2025-02-06,manual,1000000,2.439653
2691967737658266,0,1,12,M,RS002,O80,72.0,1,3,2,6446008,2024-12-28,2025-02-07,manual,3500000,1.8417165714285715
7260672358332250,1,0,60,F,RS008,A09,45.23,3,4,1,843860,2024-03-26,2025-02-07,manual,1300000,0.6491230769230769
3091768739568114,1,1,23,M,RS004,O80,72.0,2,2,2,1852595,2024-04-02,2025-02-07,manual,3500000,0.5293128571428571
6114470252394502,1,0,3,M,RS010,I25.1,99.24,3,3,4,9449987,2024-08-15,2025-02-07,auto,5000000,1.8899974
0055571247379283,0,1,2,M,RS004,J00,93.9,1,1,0,6139741,2024-06-08,2025-02-07,auto,500000,12.279482
8219600145167686,1,1,28,M,RS009,I10,99.04,2,1,3,8438880,2024-07-31,2025-02-07,manual,2000000,4.21944
8333345912105993,1,0,76,M,RS003,M54.5,93.39,1,2,0,5130883,2024-08-19,2025-02-07,manual,1800000,2.8504905555555555
0853312808902937,1,0,21,F,RS005,E11,99.10,3,3,2,5950667,2024-10-16,2025-02-07,auto,2500000,2.3802668
2988416978253776,1,0,66,M,RS007,N39.0,57.94,3,2,4,5358432,2025-01-03,2025-02-08,auto,2200000,2.435650909090909
5926062375973350,0,1,28,M,RS005,R10.4,87.09,2,4,0,5816113,2024-06-05,2025-02-08,manual,1200000,4.846760833333334
3412006613222126,0,1,59,M,RS005,J00,93.9,3,1,0,4101823,2024-12-05,2025-02-08,auto,500000,8.203646
9679841648167002,1,1,59,M,RS007,Z00.0,93.99,2,4,0,6131731,2024-12-07,2025-02-08,auto,700000,8.759615714285715
5445263605743361,1,0,89,M,RS006,J18.9,93.94,1,2,1,3030355,2024-07-18,2025-02-08,auto,4200000,0.7215130952380953
9922832200918599,1,1,29,F,RS009,E66.9,99.28,3,1,0,4544997,2024-03-22,2025-02-08,auto,1000000,4.544997
3330471275212830,1,1,54,F,RS005,Z00.0,93.99,2,1,0,3252331,2024-11-20,2025-02-08,manual,700000,4.646187142857143
6875639298000694,1,0,1,M,RS001,M54.5,93.39,2,2,0,8327481,2024-09-06,2025-02-08,manual,1800000,4.626378333333333
5378585533521299,1,0,25,M,RS006,E11,99.10,1,1,1,9374042,2025-01-11,2025-02-08,manual,2500000,3.7496168
4858548926897241,0,0,6,F,RS006,Z03.8,93.91,2,1,0,3313631,2024-07-18,2025-02-08,manual,1200000,2.761359166666667
4754782086099000,0,1,49,F,RS004,M54.5,93.39,2,2,0,2474835,2024-11-06,2025-02-08,auto,1800000,1.3749083333333334
9753687805279427,1,1,85,F,RS009,R10.4,45.23,3,3,0,5018568,2024-05-27,2025-02-08,manual,1200000,4.18214
8098545643558590,1,0,10,F,RS010,N39.0,57.98,2,1,3,1036151,2024-11-16,2025-02-08,auto,2200000,0.4709777272727273
8054090674153817,1,0,62,M,RS001,H25.9,13.5,2,4,0,4259619,2025-01-13,2025-02-08,manual,7500000,0.5679492
1796665644423815,1,1,8,F,RS004,I10,99.04,3,3,7,1144005,2024-01-18,2025-02-08,auto,2000000,0.5720025
1764240686273313,1,1,77,M,RS007,J00,93.9,2,2,1,1330044,2024-05-14,2025-02-10,manual,500000,2.660088
0731313064084018,1,1,45,F,RS005,A09,45.23,2,4,1,1666358,2024-09-09,2025-02-10,manual,1300000,1.2818138461538462
2377252093917046,0,1,3,F,RS008,H25.9,13.4,3,1,0,824402,2024-04-06,2025-02-10,manual,7500000,0.10992026666666667
6089237954325745,1,0,5,M,RS003,H25.9,13.1,2,2,0,1739552,2024-04-25,2025-02-10,auto,7500000,0.23194026666666667
0610606685488164,1,0,12,M,RS008,Z00.0,93.99,3,1,0,1024618,2024-06-07,2025-02-10,auto,700000,1.46374
2905646745646148,1,0,13,M,RS003,R50.9,99.19,3,1,0,7398504,2024-02-19,2025-02-10,manual,1000000,7.398504
5234881349321831,1,0,5,M,RS004,Z00.0,93.99,2,4,0,9995487,2025-01-16,2025-02-10,auto,700000,14.279267142857142
7384393666094545,1,1,71,M,RS004,J18.9,96.04,3,2,0,2636880,2024-04-19,2025-02-10,manual,4200000,0.6278285714285714
5343769046245881,1,1,80,F,RS001,J45.9,93.96,3,3,2,8864230,2024-10-11,2025-02-10,auto,2300000,3.8540130434782607
7690027297350589,1,1,62,F,RS009,I25.1,99.24,2,1,5,7267190,2024-11-01,2025-02-10,manual,5000000,1.453438
1730922787057384,1,1,63,F,RS005,I25.1,99.24,1,3,3,5638258,2024-07-18,2025-02-10,manual,5000000,1.1276516
8518924512506640,0,1,43,M,RS008,R10.4,45.23,3,1,1,7755639,2024-05-30,2025-02-10,auto,1200000,6.4630325
7104644616545903,1,0,1,M,RS007,H25.9,13.5,2,4,0,1298677,2024-10-15,2025-02-10,manual,7500000,0.17315693333333335
6551677932525974,0,1,86,M,RS002,M54.5,93.39,2,1,1,2626907,2024-03-04,2025-02-11,manual,1800000,1.4593927777777778
0841004995119686,1,0,76,F,RS010,J00,93.9,1,2,0,5693574,2024-10-12,2025-02-11,manual,500000,11.387148
6972176147787868,0,0,4,F,RS008,J18.9,93.94,1,3,0,3767908,2024-06-15,2025-02-11,manual,4200000,0.8971209523809524
2997725283611160,1,0,28,F,RS005,K29.7,45.16,3,4,2,8329923,2025-02-06,2025-02-11,auto,1700000,4.899954705882353
4850587547042431,1,1,74,F,RS005,E11,99.10,2,4,1,3791506,2024-06-11,2025-02-11,manual,2500000,1.5166024
0049974084799674,1,0,30,F,RS007,H25.9,13.5,2,2,1,1686763,2024-09-24,2025-02-11,manual,7500000,0.22490173333333333
8825307890787648,1,1,46,F,RS004,I10,99.04,3,2,3,1550072,2024-09-26,2025-02-11,auto,2000000,0.775036
3121247992137668,1,1,16,F,RS001,R50.9,99.19,2,4,1,6107948,2024-04-25,2025-02-11,auto,1000000,6.107948
4850587547042431,1,1,74,F,RS005,E66.9,99.28,1,3,1,7150753,2024-12-19,2025-02-11,auto,1000000,7.150753
9603082917161492,1,1,33,F,RS003,J45.9,93.96,1,3,0,7647733,2024-11-26,2025-02-11,auto,2300000,3.325101304347826
9369774358721116,1,0,80,F,RS004,K29.7,45.16,1,4,0,4770850,2024-07-19,2025-02-12,manual,1700000,2.8063823529411764
2085565637037701,1,1,88,F,RS002,Z00.0,93.99,2,1,0,9766229,2024-03-15,2025-02-12,manual,700000,13.951755714285714
7297573114568543,1,1,24,M,RS009,I10,99.04,3,3,0,7393154,2024-03-04,2025-02-12,auto,2000000,3.696577
1309556189550311,1,1,71,M,RS001,I10,99.04,2,2,2,5297243,2024-06-27,2025-02-12,manual,2000000,2.6486215
3412006613222126,0,1,59,M,RS005,J00,93.9,3,1,1,6691705,2024-06-10,2025-02-12,auto,500000,13.38341
5726444905695800,1,1,54,M,RS007,O80,72.0,1,2,2,9015577,2024-11-04,2025-02-12,manual,3500000,2.575879142857143
4904092844055756,0,0,17,F,RS009,Z00.0,93.99,1,3,0,1409740,2024-12-18,2025-02-12,auto,700000,2.0139142857142858
3279707258493046,1,1,60,M,RS004,A09,45.23,2,1,2,1399482,2024-09-26,2025-02-12,manual,1300000,1.0765246153846153
8202998881568925,0,1,50,F,RS001,J18.9,93.94,1,4,0,5814548,2024-08-29,2025-02-12,manual,4200000,1.3844161904761905
0120678118987099,1,1,59,F,RS001,R50.9,99.19,3,1,0,2155673,2024-11-15,2025-02-12,auto,1000000,2.155673
3584259371813630,1,0,76,F,RS006,Z34.0,73.0,3,2,2,2029738,2024-06-27,2025-02-12,manual,800000,2.5371725
2550310383756406,1,1,57,M,RS010,J45.9,93.96,2,3,1,684543,2024-12-23,2025-02-12,auto,2300000,0.29762739130434784
2441630707957154,1,1,26,M,RS001,R10.4,87.09,3,2,0,1279799,2025-01-27,2025-02-12,manual,1200000,1.0664991666666668
2056022773544311,1,1,33,M,RS009,J45.9,93.96,2,4,0,7783570,2024-08-28,2025-02-12,manual,2300000,3.3841608695652172
5436043092783054,1,1,20,F,RS009,I10,99.04,1,2,2,4829914,2024-02-26,2025-02-12,manual,2000000,2.414957
2480889522254336,1,1,69,F,RS010,K29.7,45.16,3,4,2,3460235,2024-01-19,2025-02-13,auto,1700000,2.0354323529411764
5380818416306672,1,1,72,F,RS009,M54.5,93.39,3,4,0,7328925,2024-12-18,2025-02-13,auto,1800000,4.071625
0202653286426839,0,1,29,F,RS004,R50.9,99.19,2,3,1,2123392,2024-06-05,2025-02-13,auto,1000000,2.123392
3857188412076817,1,0,87,M,RS001,J18.9,93.94,2,1,2,1237282,2024-07-20,2025-02-13,manual,4200000,0.2945909523809524
8018956407690134,1,0,4,F,RS010,R10.4,45.23,3,2,0,9642629,2024-11-20,2025-02-13,auto,1200000,8.035524166666667
6841144134715880,1,1,68,F,RS002,O80,72.0,2,1,2,6403364,2024-10-22,2025-02-13,auto,3500000,1.8295325714285715
1361776136193140,1,1,44,M,RS004,Z00.0,93.99,3,2,0,5842147,2024-11-26,2025-02-13,manual,700000,8.345924285714286
1768728326038367,1,1,20,F,RS010,E66.9,99.28,2,1,0,7780378,2024-04-08,2025-02-13,manual,1000000,7.780378
7834441145195136,1,0,86,F,RS006,H25.9,13.1,2,1,0,7155003,2024-06-11,2025-02-13,auto,7500000,0.9540004
4570728802913996,0,1,26,M,RS004,K29.7,45.16,1,4,2,5862341,2025-01-02,2025-02-13,manual,1700000,3.4484358823529413
6067664148201174,0,1,56,F,RS009,H25.9,13.5,3,3,0,7019182,2024-10-12,2025-02-13,auto,7500000,0.9358909333333333
2180245092072134,1,1,75,F,RS010,J18.9,93.94,2,1,0,4362000,2025-01-06,2025-02-13,manual,4200000,1.0385714285714285
7090606701733834,0,1,7,F,RS008,K21.0,45.16,2,4,3,7909791,2025-02-01,2025-02-14,auto,1400000,5.649850714285714
7984732877511492,0,1,69,F,RS010,R10.4,87.09,3,4,0,5696574,2024-11-16,2025-02-14,manual,1200000,4.747145
5201789267133296,0,1,76,F,RS008,Z03.8,93.91,3,2,0,7614903,2024-06-11,2025-02-14,manual,1200000,6.3457525
9824588365947704,1,1,65,F,RS010,K29.7,45.16,3,1,1,4554540,2024-09-17,2025-02-14,auto,1700000,2.6791411764705884
3149982322344495,1,1,70,F,RS009,M54.5,93.39,3,3,0,8238113,2024-03-26,2025-02-14,manual,1800000,4.576729444444444
0802369540465812,0,1,76,M,RS001,R50.9,99.19,3,3,0,6262229,2024-08-27,2025-02-14,auto,1000000,6.262229
2536282448977249,1,1,37,M,RS005,Z34.0,73.0,2,4,1,3404087,2024-03-02,2025-02-14,manual,800000,4.25510875
1543134656282455,1,1,68,F,RS001,I25.1,99.24,3,2,5,3982349,2024-01-19,2025-02-14,auto,5000000,0.7964698
7592529427228462,0,0,22,M,RS004,I25.1,99.24,3,4,5,5530187,2024-05-10,2025-02-15,manual,5000000,1.1060374
4142774471819460,0,1,71,F,RS001,K21.0,45.16,1,4,0,5363607,2024-07-26,2025-02-15,manual,1400000,3.831147857142857
1308381474915778,0,1,55,F,RS003,Z34.0,73.0,3,4,3,1249691,2025-01-13,2025-02-15,auto,800000,1.56211375
0158332536779803,1,1,73,F,RS002,E11,99.10,1,4,2,5966735,2024-07-02,2025-02-15,manual,2500000,2.386694
3547174386777341,1,1,35,F,RS004,J45.9,93.96,2,2,2,6338240,2024-10-23,2025-02-15,auto,2300000,2.7557565217391304
4570723345505603,1,1,41,F,RS002,J45.9,93.96,2,4,0,3683752,2024-06-05,2025-02-15,auto,2300000,1.601631304347826
1153292039224282,1,1,27,M,RS009,M54.5,93.39,1,1,1,6932076,2024-01-22,2025-02-15,manual,1800000,3.8511533333333334
9816813951567314,0,1,78,M,RS006,K29.7,45.16,3,4,2,5278999,2024-04-08,2025-02-15,manual,1700000,3.1052935294117647
8027814497831028,1,1,24,M,RS009,Z00.0,93.99,1,4,1,1266604,2024-03-15,2025-02-15,auto,700000,1.8094342857142858
4566336639334941,0,1,8,M,RS010,N39.0,57.94,2,2,0,1898519,2024-12-11,2025-02-15,manual,2200000,0.8629631818181818
5398001300308113,0,1,1,M,RS005,E11,99.10,1,1,1,5999049,2024-07-30,2025-02-15,manual,2500000,2.3996196
5321224236188223,1,1,60,F,RS002,Z34.0,73.0,3,1,1,6383550,2024-01-13,2025-02-15,auto,800000,7.9794375
3727989503261230,1,1,82,M,RS004,K21.0,45.16,3,3,0,8953236,2024-06-24,2025-02-17,manual,1400000,6.395168571428571
9786737746073421,1,0,2,F,RS008,K21.0,45.16,2,4,0,6517546,2024-01-20,2025-02-17,manual,1400000,4.65539
7674459252684860,0,0,87,F,RS002,E66.9,99.28,1,1,4,9888825,2024-04-15,2025-02-17,manual,1000000,9.888825
0982327551538289,0,1,87,M,RS007,E11,99.10,2,3,2,724421,2024-05-30,2025-02-17,auto,2500000,0.2897684
5212949694053875,1,1,73,F,RS009,J00,93.9,1,2,1,8137503,2024-01-30,2025-02-17,manual,500000,16.275006
9199474680587550,1,1,42,F,RS002,J00,93.9,1,3,0,1651887,2024-05-11,2025-02-17,auto,500000,3.303774
9240270630048667,1,0,39,M,RS001,R50.9,99.19,3,3,0,7425810,2024-08-03,2025-02-17,manual,1000000,7.42581
0837377191805336,1,1,83,M,RS009,R50.9,99.19,3,1,0,7471409,2025-02-04,2025-02-17,manual,1000000,7.471409
8548188175771481,1,0,4,M,RS004,Z03.8,93.91,3,2,0,9380380,2024-12-31,2025-02-17,auto,1200000,7.816983333333333
8420807372907986,0,1,37,F,RS009,H25.9,13.4,3,2,1,3144254,2024-10-17,2025-02-17,auto,7500000,0.4192338666666667
3619229409759881,1,1,80,M,RS006,J18.9,93.94,2,4,0,6279140,2024-12-16,2025-02-17,manual,4200000,1.4950333333333334
8333345912105993,1,0,76,M,RS003,M54.5,93.39,1,1,0,6774141,2024-07-10,2025-02-17,auto,1800000,3.763411666666667
6723026238887574,1,1,57,M,RS004,J45.9,93.96,2,3,1,3105119,2024-05-09,2025-02-18,manual,2300000,1.3500517391304347
7917852985551246,0,0,4,F,RS005,J18.9,96.04,3,1,1,5389997,2024-04-04,2025-02-18,manual,4200000,1.283332619047619
7529783699025813,1,1,71,F,RS002,A09,45.23,3,3,2,7646128,2024-12-13,2025-02-18,auto,1300000,5.881636923076923
7226578348736665,1,1,28,F,RS004,R50.9,99.19,3,4,1,4245952,2025-01-24,2025-02-18,auto,1000000,4.245952
9643876977252852,1,0,13,F,RS010,Z03.8,93.91,3,3,0,3475383,2024-03-05,2025-02-18,manual,1200000,2.8961525
2058288071391914,1,1,40,M,RS007,R50.9,99.19,2,2,0,4775273,2024-10-05,2025-02-18,manual,1000000,4.775273
0433683946592596,0,0,71,M,RS005,I10,99.04,3,3,0,6433856,2024-12-07,2025-02-19,auto,2000000,3.216928
3639243551209284,0,0,5,M,RS004,O80,72.0,2,1,3,6873521,2024-08-19,2025-02-19,auto,3500000,1.963863142857143
2288138832112223,1,0,72,M,RS010,K29.7,45.16,1,3,0,4733490,2024-07-02,2025-02-19,manual,1700000,2.7844058823529414
7032311513807658,0,1,55,M,RS004,J00,93.9,3,4,1,6929673,2024-10-12,2025-02-19,auto,500000,13.859346
9910939395799357,1,1,55,M,RS001,K21.0,45.16,3,2,0,4892172,2024-03-08,2025-02-19,auto,1400000,3.4944085714285715
7947417475230811,0,1,77,F,RS001,K29.7,45.16,3,4,1,3833948,2024-08-01,2025-02-19,auto,1700000,2.255263529411765
7214269751176882,1,1,23,M,RS009,J18.9,93.94,2,3,0,5309079,2024-01-26,2025-02-19,auto,4200000,1.2640664285714285
2180245092072134,1,1,75,F,RS010,J00,93.9,2,1,1,8156087,2025-02-05,2025-02-19,manual,500000,16.312174
9579270123728644,1,1,29,F,RS003,A09,45.23,2,1,2,6180724,2024-09-23,2025-02-19,manual,1300000,4.754403076923077
4162175195764334,1,1,17,M,RS008,O80,72.0,2,3,2,9445325,2024-08-01,2025-02-19,auto,3500000,2.6986642857142855
1647419784293670,1,1,45,F,RS002,K21.0,45.16,2,1,3,2135251,2024-01-19,2025-02-19,manual,1400000,1.5251792857142856
3975242147979573,1,1,74,M,RS005,J18.9,93.94,1,1,3,5900401,2024-08-22,2025-02-19,manual,4200000,1.404857380952381
9348377310065652,1,1,4,F,RS010,J00,93.9,3,3,3,7418414,2024-03-12,2025-02-19,manual,500000,14.836828
6530098641902510,1,0,13,M,RS010,Z03.8,93.91,2,1,0,8936181,2024-11-12,2025-02-19,auto,1200000,7.4468175
5870719206323855,1,1,35,M,RS002,Z03.8,93.91,3,2,0,5886985,2024-04-02,2025-02-19,auto,1200000,4.905820833333333
0567665094814298,1,1,54,M,RS010,R10.4,45.23,1,3,0,4793855,2024-01-05,2025-02-19,auto,1200000,3.9948791666666668
6581180888853200,1,0,42,F,RS007,Z00.0,93.99,2,1,0,6154066,2024-12-09,2025-02-20,manual,700000,8.791522857142857
4446720547167035,0,1,81,M,RS006,H25.9,13.1,3,3,1,3761622,2025-01-17,2025-02-20,auto,7500000,0.5015496
1695286776041495,0,1,78,M,RS005,R50.9,99.19,3,1,0,3607211,2025-01-13,2025-02-20,manual,1000000,3.607211
4581348501650664,0,0,19,F,RS005,E66.9,99.28,1,3,1,9395814,2024-10-26,2025-02-20,manual,1000000,9.395814
9752565089782370,1,1,79,M,RS002,I25.1,36.15,1,4,4,2765646,2024-07-12,2025-02-20,auto,5000000,0.5531292
9953539385167889,1,1,7,M,RS002,E66.9,99.28,1,3,2,749597,2024-07-10,2025-02-20,auto,1000000,0.749597
3293263389821759,1,1,41,M,RS009,Z00.0,93.99,2,3,0,1081257,2024-03-12,2025-02-20,manual,700000,1.544652857142857
1798236253049940,1,1,80,F,RS002,A09,45.23,1,2,0,6713154,2024-04-13,2025-02-20,manual,1300000,5.163964615384615
9321573699244178,1,1,3,M,RS002,O80,72.0,2,3,2,3406643,2024-05-20,2025-02-20,auto,3500000,0.9733265714285714
3475767716014049,1,1,19,M,RS004,I10,99.04,1,1,4,8588460,2024-05-23,2025-02-20,auto,2000000,4.29423
6084293758120625,1,1,77,F,RS004,J00,93.9,2,2,1,6288667,2024-11-06,2025-02-21,manual,500000,12.577334
5765147635522208,1,0,18,F,RS010,Z34.0,73.0,3,4,2,8773072,2024-11-02,2025-02-21,manual,800000,10.96634
4555408795340648,0,1,55,M,RS001,K29.7,45.16,1,1,1,1402907,2025-01-08,2025-02-21,auto,1700000,0.8252394117647058
0555142737081896,1,1,11,F,RS009,N39.0,57.94,3,3,0,2909675,2024-11-01,2025-02-21,manual,2200000,1.3225795454545455
8574599827098542,1,1,38,F,RS010,J45.9,93.96,2,3,1,9214860,2024-10-22,2025-02-21,manual,2300000,4.006460869565218
6030927872148976,1,1,7,F,RS006,J18.9,96.04,1,3,0,7139236,2024-12-17,2025-02-21,manual,4200000,1.6998180952380952
9357517341908657,1,0,46,M,RS004,K21.0,45.16,2,2,0,1219908,2024-09-14,2025-02-21,auto,1400000,0.8713628571428571
9642444787991293,1,1,50,M,RS001,R50.9,99.19,3,2,0,3514272,2024-08-22,2025-02-21,auto,1000000,3.514272
5722967829365145,0,1,38,M,RS006,Z03.8,93.91,3,4,0,5255699,2024-10-25,2025-02-21,manual,1200000,4.379749166666667
2959587947260739,1,1,79,M,RS009,E66.9,99.28,3,4,4,9062322,2024-08-29,2025-02-22,auto,1000000,9.062322
7626748403754406,1,1,43,F,RS001,Z34.0,73.0,3,1,3,6710992,2025-02-07,2025-02-22,auto,800000,8.38874
2781943886548829,1,0,12,F,RS009,Z00.0,93.99,1,1,0,5394283,2024-05-11,2025-02-22,auto,700000,7.706118571428571
4546861063008706,0,1,81,F,RS007,I10,99.04,1,4,3,6616045,2024-07-19,2025-02-22,manual,2000000,3.3080225
2599124358910743,1,1,54,F,RS006,J45.9,93.96,1,1,1,2976662,2024-08-10,2025-02-22,manual,2300000,1.2942008695652174
6783988416654665,1,1,73,M,RS009,H25.9,13.5,2,2,0,6662192,2024-04-25,2025-02-22,auto,7500000,0.8882922666666667
7546063553438211,1,1,50,M,RS001,J18.9,96.04,1,3,0,2801956,2025-02-12,2025-02-22,auto,4200000,0.6671323809523809
5731760137436461,1,1,80,M,RS008,Z03.8,93.91,2,3,0,1335568,2025-02-10,2025-02-22,auto,1200000,1.1129733333333334
4124204508930280,1,1,65,M,RS001,Z03.8,93.91,3,1,0,2721915,2024-06-25,2025-02-22,auto,1200000,2.2682625
3526277230336093,0,1,8,M,RS005,J45.9,93.96,3,1,0,2478870,2025-01-24,2025-02-22,manual,2300000,1.0777695652173913
9324484402579378,1,1,16,F,RS005,E11,99.10,1,1,2,1505365,2025-02-08,2025-02-22,manual,2500000,0.602146
2381821715702997,1,1,23,F,RS003,A09,45.23,1,3,0,4590089,2024-01-03,2025-02-22,manual,1300000,3.5308376923076925
4162175195764334,1,1,17,M,RS008,O80,72.0,3,3,1,1156377,2024-02-16,2025-02-22,manual,3500000,0.33039342857142856
8574599827098542,1,1,38,F,RS010,J18.9,96.04,1,2,0,4603737,2024-03-18,2025-02-24,manual,4200000,1.0961278571428572
0173984806822654,0,1,39,M,RS003,E66.9,99.28,2,4,2,5704242,2024-07-16,2025-02-24,manual,1000000,5.704242
3871876486378992,1,0,90,M,RS001,Z00.0,93.99,1,4,0,9694354,2024-12-17,2025-02-24,auto,700000,13.849077142857142
0610606685488164,1,0,12,M,RS008,Z00.0,93.99,1,1,0,8596376,2024-04-24,2025-02-24,manual,700000,12.280537142857144
5711219656369910,0,1,29,F,RS003,R10.4,45.23,1,4,0,5312065,2025-01-17,2025-02-24,auto,1200000,4.426720833333333
7084479290251865,0,0,62,F,RS009,A09,45.23,1,2,0,8581856,2024-06-05,2025-02-24,auto,1300000,6.601427692307692
7777231551141194,1,0,71,F,RS009,I25.1,36.15,3,4,0,580394,2024-08-19,2025-02-24,auto,5000000,0.1160788
4701448618730918,0,0,32,M,RS005,R10.4,45.23,1,2,1,3378976,2024-01-08,2025-02-24,auto,1200000,2.8158133333333333
4341233127895153,1,1,33,F,RS001,E66.9,99.28,2,2,2,8625973,2024-12-21,2025-02-24,manual,1000000,8.625973
4333693941290091,1,0,52,M,RS002,I25.1,36.15,1,1,3,3163072,2024-07-09,2025-02-24,auto,5000000,0.6326144
0321629857983778,1,1,88,F,RS002,N39.0,57.94,3,2,0,2237631,2024-04-27,2025-02-24,auto,2200000,1.017105
7964973566431670,0,1,34,M,RS002,O80,72.0,3,3,4,3895906,2024-08-15,2025-02-24,manual,3500000,1.113116
8086989462965946,1,1,76,F,RS001,J18.9,93.94,3,2,1,6513945,2024-09-13,2025-02-25,manual,4200000,1.5509392857142856
1666226553338808,0,1,27,F,RS010,J45.9,93.96,1,1,0,1623031,2025-01-02,2025-02-25,auto,2300000,0.7056656521739131
8498191070090501,0,1,65,F,RS001,J45.9,93.96,1,1,3,1995230,2024-08-26,2025-02-25,auto,2300000,0.8674913043478261
7382626710142900,1,0,59,F,RS004,R10.4,87.09,2,4,0,7003798,2025-02-20,2025-02-25,manual,1200000,5.836498333333333
1920995916802177,1,1,21,M,RS007,Z03.8,93.91,3,4,0,3586918,2025-01-15,2025-02-25,auto,1200000,2.989098333333333
6500701680322492,1,1,45,M,RS010,E11,99.10,2,1,4,5617446,2024-05-11,2025-02-25,auto,2500000,2.2469784
7038578589303999,0,1,76,F,RS005,M54.5,93.39,2,3,1,988327,2024-06-21,2025-02-25,manual,1800000,0.5490705555555555
3631487520772749,1,1,72,M,RS010,N39.0,57.94,2,2,0,6544316,2024-09-07,2025-02-25,auto,2200000,2.974689090909091
3448410486653596,1,1,22,M,RS005,N39.0,57.98,1,2,0,3958274,2025-02-17,2025-02-25,auto,2200000,1.7992154545454546
5882313632040384,0,1,13,M,RS010,J45.9,93.96,1,1,1,7353079,2025-02-17,2025-02-25,auto,2300000,3.1969908695652176
9927502670697756,0,1,67,M,RS004,K21.0,45.16,2,2,2,8681467,2024-06-04,2025-02-25,auto,1400000,6.201047857142857
3441134935642077,1,1,59,F,RS004,J18.9,96.04,3,2,0,886310,2025-01-31,2025-02-25,auto,4200000,0.21102619047619048
0268505676828986,0,0,60,M,RS002,J18.9,93.9,3,3,0,3511367,2025-01-04,2025-02-25,manual,500000,7.022734
3682712925299963,1,0,26,F,RS002,Z03.8,93.91,1,3,0,4832934,2024-11-08,2025-02-25,manual,1200000,4.027445
3164222684055563,1,1,21,F,RS005,E66.9,99.28,1,1,0,6361094,2024-09-17,2025-02-25,manual,1000000,6.361094
4150966194478088,1,1,73,M,RS003,N39.0,57.98,2,1,0,632906,2024-09-30,2025-02-25,auto,2200000,0.28768454545454547
5562659195568358,1,1,43,M,RS008,J00,93.9,2,3,1,8410677,2024-03-11,2025-02-26,manual,500000,16.821354
8018675692363227,0,1,37,M,RS001,N39.0,57.98,2,1,1,4652281,2025-02-11,2025-02-26,manual,2200000,2.1146731818181816
4566336639334941,0,1,8,M,RS010,N39.0,57.94,2,4,3,3901681,2024-11-07,2025-02-26,manual,2200000,1.7734913636363636
5936992247522874,1,1,44,M,RS002,H25.9,13.5,2,1,0,1977527,2024-09-30,2025-02-26,manual,7500000,0.26367026666666665
1730922787057384,1,1,63,F,RS005,I25.1,36.15,2,4,3,7842118,2024-07-29,2025-02-26,auto,5000000,1.5684236
0250691975058839,1,1,84,M,RS009,M54.5,93.39,3,4,0,5592113,2024-03-27,2025-02-26,auto,1800000,3.1067294444444444
2377252093917046,0,1,3,F,RS006,H25.9,13.5,2,2,0,1010330,2024-03-01,2025-02-26,manual,7500000,0.13471066666666667
2914399596931199,1,0,86,F,RS006,E66.9,99.28,2,1,5,6278792,2024-01-05,2025-02-26,auto,1000000,6.278792
7939617567102819,1,1,63,F,RS001,E11,99.10,1,3,2,7802171,2024-03-13,2025-02-26,auto,2500000,3.1208684
0869872944635375,1,1,73,F,RS006,I10,99.04,2,1,2,6296299,2025-02-07,2025-02-26,manual,2000000,3.1481495
2377252093917046,0,1,3,F,RS006,H25.9,13.1,2,2,0,3893185,2024-10-26,2025-02-27,manual,7500000,0.5190913333333333
1624824136308085,1,1,32,M,RS001,E11,99.10,1,3,1,3766182,2024-10-23,2025-02-27,auto,2500000,1.5064728
1368794128349689,1,1,61,F,RS008,R10.4,87.09,2,3,0,3401739,2024-06-15,2025-02-27,auto,1200000,2.8347825
0670006354699483,1,0,80,F,RS001,E66.9,99.28,1,2,2,2791812,2024-03-09,2025-02-27,manual,1000000,2.791812
7744547414875528,1,1,15,M,RS006,Z34.0,73.0,1,2,2,1911757,2024-07-13,2025-02-27,auto,800000,2.38969625
5810166096727822,1,1,77,M,RS009,K21.0,45.16,1,2,1,9540938,2024-12-11,2025-02-27,auto,1400000,6.8149557142857144
8283636540494355,1,1,69,F,RS004,I25.1,99.24,3,2,1,717095,2024-07-23,2025-02-27,manual,5000000,0.143419
2978530033833550,1,1,11,M,RS004,K21.0,45.16,3,4,3,7944899,2024-04-22,2025-02-27,auto,1400000,5.674927857142857
6742743580318968,0,1,69,F,RS001,K29.7,45.16,1,3,3,6912088,2024-04-02,2025-02-27,auto,1700000,4.065934117647059
6321337633047226,1,1,60,M,RS007,N39.0,57.94,1,4,1,8443252,2024-01-01,2025-02-27,manual,2200000,3.8378418181818184
9786737746073421,1,0,2,F,RS008,K29.7,45.23,2,2,0,3972593,2024-03-26,2025-02-27,manual,1300000,3.055840769230769
7863586716373907,1,1,85,F,RS001,E11,99.10,3,2,1,8446506,2024-02-20,2025-02-27,auto,2500000,3.3786024
8661118590863985,1,1,85,M,RS010,Z00.0,93.99,3,1,0,1480510,2024-07-09,2025-02-27,manual,700000,2.1150142857142855
5704342100938651,1,0,69,F,RS001,R10.4,45.23,3,3,0,6178562,2024-07-17,2025-02-27,auto,1200000,5.1488016666666665
1316035841729272,1,1,22,M,RS003,J00,93.9,3,3,2,4247938,2024-01-29,2025-02-27,manual,500000,8.495876
6369737580902041,0,1,45,F,RS001,E66.9,99.28,1,1,1,4829399,2024-10-19,2025-02-27,manual,1000000,4.829399
1319383808572015,1,1,74,F,RS009,M54.5,93.39,1,1,2,8438975,2024-04-10,2025-02-27,manual,1800000,4.688319444444445
1921389090047487,1,1,41,F,RS009,Z34.0,73.0,1,4,3,6757151,2024-03-13,2025-02-27,manual,800000,8.44643875
5091345093594288,1,0,22,M,RS008,K21.0,45.16,3,4,1,2560874,2024-02-09,2025-02-27,auto,1400000,1.8291957142857143
4448971013075441,1,1,27,F,RS006,E66.9,99.28,1,3,2,758702,2025-01-01,2025-02-28,auto,1000000,0.758702
0241800280516070,1,1,10,M,RS004,Z03.8,93.91,2,3,0,6085675,2024-02-15,2025-02-28,auto,1200000,5.071395833333334
6151670937396524,1,1,77,M,RS004,Z00.0,93.99,2,2,0,7985027,2024-09-25,2025-02-28,manual,700000,11.407181428571429
6973907079817372,1,1,81,M,RS009,H25.9,13.4,2,1,1,4852547,2025-01-15,2025-02-28,auto,7500000,0.6470062666666667
1100486984081003,1,0,43,M,RS010,M54.5,93.39,1,1,0,9353313,2024-10-08,2025-02-28,manual,1800000,5.196285
7929733803903486,1,1,22,F,RS002,H25.9,13.1,3,3,1,6556084,2024-06-10,2025-02-28,auto,7500000,0.8741445333333333
0110945917184723,1,1,87,F,RS008,K29.7,45.16,1,3,0,8309768,2024-01-08,2025-02-28,manual,1700000,4.888098823529412
9310857938702230,1,1,60,M,RS001,A09,45.23,2,3,0,5481337,2024-08-15,2025-02-28,manual,1300000,4.216413076923077
9868037317108449,1,1,15,F,RS004,K21.0,45.16,3,4,0,992620,2024-07-20,2025-02-28,auto,1400000,0.7090142857142857
0155953542838491,1,0,57,F,RS009,J00,93.9,3,1,1,6446005,2024-09-10,2025-02-28,manual,500000,12.89201
5350968252973234,0,1,65,F,RS007,E11,99.10,2,3,1,4216481,2024-08-28,2025-02-28,auto,2500000,1.6865924
6026617086952876,1,1,17,M,RS002,E66.9,99.28,3,2,4,8942061,2024-10-17,2025-02-28,auto,1000000,8.942061
5018876619281607,1,1,21,M,RS005,I25.1,99.24,1,4,4,8097199,2024-06-18,2025-02-28,manual,5000000,1.6194398
8456416039069914,1,1,50,F,RS004,R10.4,87.09,3,4,0,490782,2024-04-09,2025-02-28,auto,1200000,0.408985
5733366470320008,1,1,41,F,RS005,J45.9,93.96,1,3,1,3966623,2025-02-08,2025-02-28,auto,2300000,1.7246186956521738
6512189042247367,1,1,59,M,RS005,R50.9,99.19,2,2,0,1539884,2025-01-14,2025-03-01,auto,1000000,1.539884
3678197704238312,1,1,13,M,RS010,R50.9,99.19,1,4,0,4568350,2024-06-14,2025-03-01,manual,1000000,4.56835
1124148893738432,1,1,35,M,RS004,Z03.8,93.91,3,4,1,4348518,2025-01-30,2025-03-01,auto,1200000,3.623765
2731468749979310,1,1,27,F,RS008,I10,99.04,3,4,4,2598011,2024-09-28,2025-03-01,auto,2000000,1.2990055
7843065073438614,1,1,46,F,RS009,E66.9,99.28,1,2,2,7830701,2025-02-05,2025-03-01,auto,1000000,7.830701
6710404581844859,1,0,22,M,RS005,J45.9,93.96,1,3,1,2998414,2025-02-12,2025-03-01,auto,2300000,1.3036582608695653
2320200927976298,0,0,40,F,RS004,H25.9,13.4,1,4,0,1761270,2024-06-17,2025-03-01,auto,7500000,0.234836
7516429427270316,1,1,28,M,RS005,O80,72.0,2,2,3,16146980,2024-11-16,2025-03-01,auto,3500000,2.3226554285714287
9924102417031956,1,1,33,F,RS008,J18.9,96.04,3,2,0,2549563,2024-09-06,2025-03-01,auto,4200000,0.6070388095238095
9071514789184427,0,1,10,M,RS007,H25.9,13.1,3,2,0,2214514,2024-02-07,2025-03-03,auto,7500000,0.29526853333333336
6071469708144548,1,0,32,F,RS004,A09,45.23,1,2,1,2925287,2024-12-09,2025-03-03,manual,1300000,2.2502207692307694
4067324326111909,1,0,55,F,RS009,K21.0,45.16,3,2,0,4314249,2024-08-30,2025-03-03,manual,1400000,3.0816064285714284
6026617086952876,1,1,17,M,RS002,E66.9,99.28,2,1,2,8843608,2024-11-07,2025-03-03,auto,1000000,8.843608
2509494660329666,1,1,20,M,RS010,K29.7,45.16,2,1,2,9897557,2025-02-19,2025-03-03,auto,1700000,5.822092352941176
6127807157175443,1,1,79,F,RS008,Z34.0,73.0,1,1,2,8181495,2025-01-20,2025-03-03,auto,800000,10.22686875
2849295304957500,1,1,47,F,RS008,I25.1,36.15,1,1,7,8186737,2025-02-25,2025-03-03,auto,5000000,1.6373474
8707395504446685,1,1,50,M,RS003,A09,45.23,1,2,3,5960262,2024-02-22,2025-03-03,auto,1300000,4.584816923076923
5894985616931757,1,1,15,M,RS005,R10.4,45.23,3,3,0,4142029,2024-11-14,2025-03-04,auto,1200000,3.451690833333333
4332560075499912,0,1,25,M,RS002,H25.9,13.4,2,1,1,7016927,2024-10-18,2025-03-04,manual,7500000,0.9355902666666667
8873413036874400,1,1,49,M,RS005,E66.9,99.28,1,1,1,7885650,2024-06-03,2025-03-04,manual,1000000,7.88565
2386590318287135,1,1,88,F,RS005,H25.9,13.4,3,2,1,6156931,2024-11-05,2025-03-04,manual,7500000,0.8209241333333334
5797874382609444,1,1,67,M,RS004,Z03.8,93.91,1,1,0,5747963,2024-08-24,2025-03-04,manual,1200000,4.789969166666666
8943195251932499,0,0,29,M,RS010,Z00.0,93.99,2,2,0,1477525,2024-09-17,2025-03-04,auto,700000,2.11075
4336979296302095,1,1,37,F,RS003,K21.0,45.16,1,1,0,3394043,2025-01-27,2025-03-04,manual,1400000,2.4243164285714287
2728377674825579,1,0,31,F,RS005,H25.9,13.1,2,2,1,8979010,2024-03-13,2025-03-04,manual,7500000,1.1972013333333333
8092679456933417,1,1,57,M,RS004,K29.7,45.16,2,1,0,4855423,2024-11-08,2025-03-04,manual,1700000,2.8561311764705883
6428102438434685,1,1,46,F,RS008,R10.4,45.23,3,1,0,8208227,2024-08-08,2025-03-05,auto,1200000,6.840189166666667
7863586716373907,1,1,85,F,RS001,E11,99.10,2,3,4,8439971,2025-02-14,2025-03-05,manual,2500000,3.3759884
3935392790190888,1,1,75,M,RS009,Z00.0,93.99,2,4,0,8660858,2025-01-31,2025-03-05,auto,700000,12.372654285714285
3678197704238312,1,1,13,M,RS010,K21.0,45.16,2,4,1,8170753,2025-02-18,2025-03-05,auto,1400000,5.836252142857143
0470465187969650,1,1,81,F,RS010,I10,99.04,2,4,2,9215701,2025-01-07,2025-03-05,manual,2000000,4.6078505
7744547414875528,1,1,15,M,RS006,O80,72.0,2,4,1,2241335,2024-06-01,2025-03-05,auto,3500000,0.6403814285714285
7737742232257082,0,1,7,M,RS004,M54.5,93.39,2,4,0,808711,2024-11-27,2025-03-05,manual,1800000,0.44928388888888887
9781273842889154,1,1,77,M,RS009,Z34.0,73.0,3,1,2,7057592,2025-01-14,2025-03-05,auto,800000,8.82199
6707844389464178,1,0,6,F,RS002,R50.9,99.19,2,3,0,7204339,2024-12-30,2025-03-05,auto,1000000,7.204339
1304020365350044,1,1,59,F,RS005,K29.7,45.16,3,2,0,6647538,2024-10-11,2025-03-05,manual,1700000,3.9103164705882354
4973829775419812,0,1,25,M,RS005,O80,72.0,1,2,4,2290528,2024-10-23,2025-03-05,auto,3500000,0.6544365714285715
3287558779877850,1,1,68,F,RS004,I25.1,99.24,3,3,3,6062282,2024-06-01,2025-03-05,auto,5000000,1.2124564
8231782736277653,1,1,5,M,RS007,N39.0,57.98,1,2,0,8785050,2025-02-18,2025-03-05,manual,2200000,3.9932045454545455
1323345054784032,1,1,85,M,RS009,N39.0,57.94,1,1,0,3859578,2025-02-13,2025-03-05,auto,2200000,1.7543536363636363
3975242147979573,1,1,74,M,RS003,E66.9,99.28,1,2,2,4548236,2025-01-04,2025-03-05,auto,1000000,4.548236
7166026159058753,1,1,6,M,RS001,M54.5,93.39,1,1,2,7960789,2024-07-10,2025-03-05,auto,1800000,4.422660555555556
7775453601718401,1,0,19,M,RS006,O80,72.0,2,3,1,3749457,2024-09-23,2025-03-05,manual,3500000,1.0712734285714285
0871431231304485,1,1,40,M,RS003,K29.7,45.16,3,3,0,6041053,2024-03-16,2025-03-06,manual,1700000,3.5535605882352943
7251822732631399,1,0,3,M,RS006,H25.9,13.1,1,2,0,9669475,2024-11-05,2025-03-06,manual,7500000,1.2892633333333334
2857487166885947,1,1,33,F,RS004,N39.0,57.94,1,1,2,1963294,2024-06-28,2025-03-06,manual,2200000,0.8924063636363636
5575277090222754,0,1,9,F,RS006,K21.0,45.16,2,2,3,9160921,2024-12-23,2025-03-06,manual,1400000,6.543515
2320546260898625,1,1,65,M,RS001,R10.4,87.09,1,4,0,2307288,2024-11-12,2025-03-06,manual,1200000,1.92274
8342180232557825,1,1,24,F,RS005,O80,72.0,1,1,2,1537913,2024-12-17,2025-03-06,manual,3500000,0.4394037142857143
1584431824682229,0,1,30,F,RS008,Z00.0,93.99,2,4,1,3147332,2024-09-23,2025-03-06,manual,700000,4.496188571428571
9221730252048830,1,1,15,F,RS006,K29.7,45.16,2,4,1,485129,2024-03-15,2025-03-06,auto,1700000,0.28537
5585057886922438,0,1,67,F,RS001,J45.9,93.96,3,1,0,7321403,2024-11-11,2025-03-06,auto,2300000,3.1832186956521737
3169561572032847,1,1,9,M,RS010,Z00.0,93.99,1,3,0,6588423,2024-11-11,2025-03-06,auto,700000,9.412032857142858
9367137590159353,1,1,41,M,RS010,A09,45.23,3,4,0,9292238,2024-09-03,2025-03-06,manual,1300000,7.147875384615385
1920995916802177,1,1,21,M,RS007,R10.4,87.09,2,2,1,4756196,2024-10-05,2025-03-06,manual,1200000,3.9634966666666664
0841004995119686,1,0,76,F,RS010,J18.9,93.94,3,3,1,5272797,2024-10-21,2025-03-06,auto,4200000,1.2554278571428572
3448410486653596,1,1,22,M,RS008,N39.0,57.94,1,3,2,7923997,2025-02-06,2025-03-06,manual,2200000,3.601816818181818
4948997898514829,1,1,16,F,RS006,E66.9,99.28,3,2,6,3408745,2024-07-20,2025-03-06,auto,1000000,3.408745
3265097665690756,1,0,41,F,RS007,E11,99.10,3,2,2,8914263,2024-05-21,2025-03-06,manual,2500000,3.5657052
6359534663487435,1,0,76,F,RS001,J45.9,93.96,1,3,0,1624701,2024-12-09,2025-03-07,auto,2300000,0.7063917391304347
8943195251932499,0,0,29,M,RS010,Z00.0,93.99,3,1,0,977571,2025-02-08,2025-03-07,manual,700000,1.39653
6857860143558473,1,0,8,F,RS008,K21.0,45.16,3,2,1,3823239,2024-08-06,2025-03-07,auto,1400000,2.730885
4659131653908156,1,0,58,F,RS004,M54.5,93.39,1,1,0,8030642,2024-04-04,2025-03-07,auto,1800000,4.461467777777778
3341963468496054,1,1,21,M,RS005,K29.7,45.16,2,4,1,7277290,2024-07-09,2025-03-07,auto,1700000,4.280758823529411
7208006203087617,1,0,28,M,RS003,E11,99.10,2,3,3,1720653,2024-09-12,2025-03-07,auto,2500000,0.6882612
1908988265088379,1,1,26,M,RS005,R10.4,45.23,3,2,1,5920188,2024-06-27,2024-08-10,manual,1200000,4.93349
6468396150861957,0,1,22,M,RS006,O80,72.0,2,4,1,7492690,2024-09-12,2025-03-07,auto,3500000,2.1407685714285716
0673374816293677,1,1,81,M,RS010,E11,99.10,2,4,0,5276531,2025-01-03,2025-03-07,auto,2500000,2.1106124
5524124982632812,1,1,49,F,RS006,K29.7,45.16,3,1,2,9637921,2024-01-03,2025-03-07,manual,1700000,5.669365294117647
0285322132812752,1,1,27,F,RS005,J45.9,93.96,2,2,2,8904766,2024-04-15,2025-03-07,auto,2300000,3.871637391304348
8661118590863985,1,1,85,M,RS010,Z00.0,93.99,1,4,0,8169124,2025-02-27,2025-03-07,auto,700000,11.670177142857144
3584259371813630,1,0,76,F,RS010,O80,72.0,2,3,2,4565201,2024-08-09,2025-03-07,manual,3500000,1.3043431428571428
0649318456777289,1,0,11,F,RS002,H25.9,13.5,2,1,0,1235973,2024-07-16,2025-03-07,auto,7500000,0.1647964
6967751291864984,1,1,6,M,RS002,E11,99.10,1,1,2,9639588,2025-02-21,2025-03-07,auto,2500000,3.8558352
2443512873555792,1,1,51,M,RS008,Z03.8,93.91,3,3,0,4388006,2024-08-20,2025-03-08,manual,1200000,3.6566716666666665
3684285175529169,0,0,1,M,RS005,Z00.0,93.99,1,4,2,7549730,2024-12-19,2025-03-08,auto,700000,10.785328571428572
8993612319161018,0,1,80,F,RS001,J45.9,93.96,2,2,2,8931439,2024-06-17,2025-03-08,manual,2300000,3.883234347826087
1627168483346554,1,1,47,F,RS010,J00,93.9,3,1,1,1662914,2024-07-29,2025-03-08,manual,500000,3.325828
2653051756039798,0,0,41,M,RS007,E11,99.10,2,1,0,3158233,2024-09-24,2025-03-08,auto,2500000,1.2632932
4203956225951371,1,1,87,M,RS008,R50.9,99.19,3,1,1,3970408,2024-11-07,2025-03-08,manual,1000000,3.970408
3879706923493545,1,1,84,M,RS009,Z34.0,73.0,3,3,3,8116849,2024-06-17,2025-03-08,auto,800000,10.14606125
6431099747463069,1,1,21,M,RS004,I25.1,99.24,3,1,1,1729681,2025-02-28,2025-03-08,manual,5000000,0.3459362
0996193571832522,1,1,27,F,RS009,J45.9,93.96,2,2,0,6705104,2024-04-01,2025-03-08,manual,2300000,2.9152626086956523
2460536736511679,1,1,81,M,RS003,Z03.8,93.91,1,1,1,611486,2024-02-26,2025-03-08,manual,1200000,0.5095716666666666
4948997898514829,1,1,16,F,RS006,E66.9,99.28,3,3,1,4935316,2025-02-17,2025-03-08,auto,1000000,4.935316
2141842434092736,0,1,44,F,RS006,K21.0,45.16,3,4,0,6167023,2025-02-03,2025-03-08,auto,1400000,4.405016428571429
5704343130905244,0,0,53,F,RS001,I10,99.04,1,1,3,6357796,2024-10-01,2025-03-08,manual,2000000,3.178898
8565032210064819,1,1,36,F,RS005,M54.5,93.39,1,2,0,7425494,2024-07-06,2025-03-08,auto,1800000,4.125274444444444
9910939395799357,1,1,55,M,RS001,K21.0,45.16,1,4,2,7287526,2024-11-14,2025-03-08,auto,1400000,5.205375714285714
6588470576318035,1,1,17,M,RS008,J45.9,93.96,3,4,0,492454,2025-02-11,2025-03-08,auto,2300000,0.2141104347826087
7803232851504055,1,1,76,M,RS001,R50.9,99.19,3,1,0,1396925,2025-02-25,2025-03-08,manual,1000000,1.396925
1289414060437165,1,1,33,M,RS004,K21.0,45.16,1,3,1,9503723,2025-02-27,2025-03-10,auto,1400000,6.788373571428571
2699632373607150,1,1,2,F,RS004,I10,99.04,1,1,6,1363318,2024-03-05,2025-03-10,manual,2000000,0.681659
0808276677765355,1,1,51,M,RS006,E66.9,99.28,1,1,3,4502619,2024-12-23,2025-03-10,manual,1000000,4.502619
9978096339206956,1,1,58,M,RS008,K29.7,45.16,1,1,0,5276052,2025-01-29,2025-03-10,auto,1700000,3.10356
1090001843714456,1,1,80,M,RS005,R10.4,45.23,2,1,1,585174,2024-03-22,2025-03-10,auto,1200000,0.487645
6492230574670109,1,1,36,M,RS009,J18.9,96.04,1,4,1,9945647,2024-09-04,2025-03-10,auto,4200000,2.3680111904761905
1616504384422484,0,0,83,F,RS003,Z00.0,93.99,3,3,0,3692150,2024-07-05,2025-03-10,auto,700000,5.2745
7412739805401343,1,0,36,F,RS005,Z34.0,73.0,1,2,2,6844210,2025-02-28,2025-03-10,auto,800000,8.5552625
2727632677892605,1,1,84,F,RS006,I25.1,36.15,3,4,1,1100710,2024-10-05,2025-03-10,auto,5000000,0.220142
3127588357665686,1,1,11,M,RS009,O80,72.0,3,1,2,1242376,2024-12-23,2025-03-10,auto,3500000,0.3549645714285714
3341963468496054,1,1,21,M,RS005,J18.9,96.04,2,2,0,5530593,2025-03-10,2025-03-10,manual,4200000,1.3168078571428572
5281676812688291,1,1,41,F,RS003,N39.0,57.98,1,1,3,1346238,2025-01-14,2025-03-10,auto,2200000,0.6119263636363637
7832241239816722,1,0,4,F,RS007,J45.9,93.96,3,4,2,1085622,2024-11-12,2025-03-10,manual,2300000,0.4720095652173913
9924102417031956,1,1,33,F,RS008,K29.7,45.16,1,3,2,6782749,2024-10-15,2025-03-10,manual,1700000,3.9898523529411767
5882313632040384,0,1,13,M,RS010,J45.9,93.96,1,4,0,6898279,2024-08-15,2025-03-10,manual,2300000,2.9992517391304347
1107508655077476,1,1,23,F,RS008,Z34.0,73.0,3,1,2,987367,2024-07-06,2025-03-10,manual,800000,1.23420875
6723026238887574,1,1,57,M,RS004,J45.9,93.96,3,2,0,554998,2024-05-31,2025-03-10,manual,2300000,0.24130347826086956
7856009475027780,1,1,30,F,RS008,Z03.8,93.91,1,4,0,3583742,2024-12-17,2025-03-10,auto,1200000,2.9864516666666665
9160390588799943,1,1,32,F,RS008,K21.0,45.16,2,2,0,8793583,2024-12-23,2025-03-11,manual,1400000,6.281130714285714
8746775700561102,1,1,22,M,RS003,K21.0,45.16,3,2,0,5982771,2024-10-31,2025-03-11,manual,1400000,4.273407857142857
6545333595574259,1,1,28,M,RS007,I10,99.04,3,1,2,3878859,2024-05-24,2025-03-11,auto,2000000,1.9394295
1481381214925734,1,1,15,M,RS005,R10.4,45.23,1,1,1,4686096,2025-02-25,2025-03-11,manual,1200000,3.90508
1869366304469810,0,1,66,M,RS002,E66.9,99.28,2,4,2,8054381,2024-10-18,2025-03-11,auto,1000000,8.054381
1265300890824899,1,1,7,M,RS004,A09,45.23,1,2,0,1197216,2024-04-06,2025-03-11,auto,1300000,0.9209353846153846
2727632677892605,1,1,84,F,RS006,I25.1,99.24,1,1,3,4931175,2024-04-22,2025-03-11,manual,5000000,0.986235
6601744282501159,1,1,13,M,RS004,K21.0,45.16,3,2,3,8518794,2025-02-26,2025-03-11,manual,1400000,6.084852857142857
1265114964492096,1,1,24,F,RS007,I10,99.04,2,2,3,5641084,2024-11-07,2025-03-11,auto,2000000,2.820542
2857095073058460,1,0,90,M,RS002,A09,45.23,1,1,1,9389497,2024-11-12,2025-03-11,manual,1300000,7.22269
0717704436007496,1,0,67,M,RS006,M54.5,93.39,3,2,0,9432011,2024-08-23,2025-03-11,auto,1800000,5.240006111111111
9389866854122713,1,1,55,M,RS001,Z00.0,93.99,1,1,0,8371272,2024-10-31,2025-03-11,auto,700000,11.95896
9601782874278555,1,1,87,M,RS009,J18.9,96.04,1,2,0,2169599,2025-01-06,2025-03-11,auto,4200000,0.5165711904761905
9786613118787270,1,0,83,M,RS008,E11,99.10,3,4,3,6648573,2025-02-18,2025-03-11,auto,2500000,2.6594292
0015577376411542,1,1,30,M,RS004,N39.0,57.94,1,3,5,9605443,2024-11-02,2025-03-11,auto,2200000,4.3661104545454545
2630802643475483,1,1,21,F,RS007,I10,99.04,2,2,3,1879349,2024-02-22,2025-03-11,manual,2000000,0.9396745
1966130377363425,1,1,56,F,RS002,J00,93.9,2,2,0,8206684,2024-06-29,2025-03-11,manual,500000,16.413368
1262264311427630,1,1,70,M,RS001,J18.9,93.94,2,2,0,4172029,2025-02-13,2025-03-11,auto,4200000,0.9933402380952381
4305813375729016,1,1,14,F,RS006,J00,93.9,1,4,3,7945063,2025-01-02,2025-03-11,manual,500000,15.890126
6581180888853200,1,0,42,F,RS007,Z00.0,93.99,1,4,0,1919380,2025-03-07,2025-03-12,manual,700000,2.7419714285714285
3278602931629557,1,0,66,M,RS009,E11,99.10,2,2,0,8238008,2025-02-17,2025-03-12,auto,2500000,3.2952032
6081450729362168,1,0,15,M,RS004,I25.1,99.24,2,1,5,8785722,2024-11-02,2025-03-12,auto,5000000,1.7571444
7052178650490800,1,1,17,F,RS003,J45.9,93.96,3,2,0,2118294,2025-02-22,2025-03-12,auto,2300000,0.9209973913043479
1319383808572015,1,1,74,F,RS009,M54.5,93.39,1,1,1,4221869,2024-03-19,2025-03-12,auto,1800000,2.345482777777778
9572252825974371,0,1,49,F,RS008,M54.5,93.39,3,2,0,2865961,2024-09-18,2025-03-12,manual,1800000,1.5922005555555556
7708695437550438,1,1,33,M,RS004,J45.9,93.96,3,1,0,4119793,2024-10-01,2025-03-12,auto,2300000,1.791214347826087
8088580042537141,1,1,14,M,RS009,E11,99.10,3,3,1,6568218,2024-04-26,2025-03-12,auto,2500000,2.6272872
3042648763683951,1,1,86,M,RS005,J00,93.9,3,4,1,6962970,2024-08-28,2025-03-12,manual,500000,13.92594
8148903064875444,1,1,9,F,RS002,I25.1,36.15,2,4,1,8895514,2024-12-04,2025-03-12,auto,5000000,1.7791028
7845021326359850,1,0,65,F,RS007,Z00.0,93.99,3,3,0,7232366,2024-03-07,2025-03-13,manual,700000,10.33195142857143
7412739805401343,1,0,36,F,RS010,Z34.0,73.0,3,2,2,1969691,2025-01-02,2025-03-13,auto,800000,2.46211375
6840835586996761,1,1,8,F,RS006,E11,99.10,2,4,1,7334982,2025-02-26,2025-03-13,auto,2500000,2.9339928
2443512873555792,1,1,51,M,RS008,Z03.8,93.91,3,1,0,9087404,2024-11-26,2025-03-13,auto,1200000,7.572836666666666
9270727056704384,1,1,76,M,RS006,Z03.8,93.91,2,1,0,7103156,2025-02-05,2025-03-13,manual,1200000,5.919296666666667
0802369540465812,0,1,76,M,RS001,R50.9,99.19,3,1,0,5093851,2024-04-04,2025-03-14,auto,1000000,5.093851
8567432163067710,1,0,28,M,RS001,R10.4,87.09,2,3,0,9357163,2024-05-11,2025-03-14,auto,1200000,7.7976358333333335
0593813304887826,1,1,25,M,RS001,J00,93.9,2,4,1,617612,2024-10-28,2025-03-14,auto,500000,1.235224
0172339358491304,1,0,49,M,RS008,A09,45.23,1,4,2,1446415,2025-02-06,2025-03-14,auto,1300000,1.112626923076923
3789653646467583,1,1,68,M,RS005,A09,45.23,1,3,2,5053667,2024-02-24,2025-03-14,auto,1300000,3.8874361538461537
8679786533209225,1,1,8,F,RS003,M54.5,93.39,2,2,0,3449917,2024-03-01,2025-03-14,auto,1800000,1.9166205555555555
2509494660329666,1,1,20,M,RS010,K21.0,45.16,1,1,1,7929581,2024-03-05,2025-03-14,manual,1400000,5.6639864285714285
8166715159168790,1,0,29,F,RS006,E66.9,99.28,2,1,2,9869881,2024-02-15,2025-03-14,manual,1000000,9.869881
2622200344233010,1,1,44,M,RS003,R10.4,45.23,1,2,0,4716360,2025-02-17,2025-03-14,auto,1200000,3.9303
1472002978083637,1,1,20,M,RS004,M54.5,93.39,1,4,0,864176,2025-03-07,2025-03-14,manual,1800000,0.4800977777777778
4780248338263618,1,1,1,F,RS009,J00,93.9,1,2,1,6579639,2024-01-22,2025-03-14,manual,500000,13.159278
3686063535694953,1,0,2,M,RS002,N39.0,57.94,3,3,3,2141839,2024-04-06,2025-03-14,auto,2200000,0.9735631818181818
3841999087286045,1,1,32,F,RS002,R50.9,99.19,1,2,0,1224560,2024-12-31,2025-03-15,auto,1000000,1.22456
0301139450379884,1,1,23,M,RS003,I10,99.04,1,4,1,4111140,2024-07-11,2025-03-15,auto,2000000,2.05557
5504354604799675,1,0,1,M,RS005,E11,99.10,3,4,2,4087666,2024-07-04,2025-03-15,manual,2500000,1.6350664
6115881525948628,1,1,39,M,RS002,H25.9,13.1,3,3,0,4611688,2024-03-07,2025-03-15,manual,7500000,0.6148917333333334
2678864573794008,1,1,51,M,RS009,R50.9,99.19,1,1,1,6392769,2024-03-13,2025-03-15,manual,1000000,6.392769
0511909183562140,1,1,73,M,RS010,R50.9,99.19,1,3,0,8103563,2024-09-12,2025-03-15,auto,1000000,8.103563
0055571247379283,0,1,2,M,RS006,J00,93.9,1,4,0,5787845,2024-12-25,2025-03-15,manual,500000,11.57569
5707893723657223,1,1,77,F,RS006,R10.4,45.23,3,4,0,712546,2024-07-02,2025-03-15,auto,1200000,0.5937883333333334
6932234675712369,1,1,58,M,RS004,H25.9,13.4,1,3,0,9699553,2025-02-08,2025-03-15,manual,7500000,1.2932737333333333
8433157679439861,1,1,70,F,RS001,Z03.8,93.91,2,2,1,976515,2024-12-28,2025-03-15,manual,1200000,0.8137625
5867891051675743,0,1,37,M,RS006,K29.7,45.16,2,4,0,4077737,2025-01-27,2025-03-17,manual,1700000,2.3986688235294116
2892068707193095,1,0,86,F,RS010,H25.9,13.1,2,4,0,500772,2024-03-23,2025-03-17,auto,7500000,0.0667696
1262264311427630,1,1,70,M,RS001,J18.9,93.94,1,1,0,433078,2025-02-15,2025-03-17,auto,4200000,0.10311380952380952
5169024515220406,1,0,34,F,RS001,O80,72.0,2,3,2,1225991,2024-11-01,2025-03-17,auto,3500000,0.35028314285714285
6588470576318035,1,1,17,M,RS008,J45.9,93.96,3,1,0,1888014,2025-01-01,2025-03-17,manual,2300000,0.820875652173913
2650256788656680,1,1,17,F,RS003,A09,45.23,2,1,0,1464295,2024-11-21,2025-03-17,auto,1300000,1.1263807692307692
5418188134217819,1,1,36,F,RS005,H25.9,13.1,3,3,0,8611054,2024-11-14,2025-03-17,manual,7500000,1.1481405333333334
2453869735707110,0,1,83,M,RS007,I10,99.04,3,3,5,2859360,2024-05-23,2025-03-17,manual,2000000,1.42968
2141842434092736,0,1,44,F,RS006,K21.0,45.16,2,1,2,7737219,2024-10-24,2025-03-17,auto,1400000,5.526585
9574164019195810,0,1,89,F,RS004,K29.7,45.16,2,1,0,4946177,2024-07-15,2025-03-17,manual,1700000,2.9095158823529412
3369629799338385,1,0,22,M,RS010,E66.9,99.28,3,3,2,4316404,2025-03-08,2025-03-17,auto,1000000,4.316404
2373856542486538,0,1,57,M,RS009,I25.1,99.24,3,1,3,5196080,2025-02-10,2025-03-17,manual,5000000,1.039216
8166715159168790,1,0,29,F,RS001,E66.9,99.28,1,4,0,9021103,2024-01-12,2025-03-17,auto,1000000,9.021103
7208006203087617,1,0,28,M,RS003,E11,99.10,1,4,2,2579100,2024-12-10,2025-03-17,manual,2500000,1.03164
0869872944635375,1,1,73,F,RS006,I10,99.04,1,3,3,5488632,2025-01-06,2025-03-17,manual,2000000,2.744316
7264428727970607,1,0,60,M,RS001,J18.9,93.94,1,4,0,7911247,2024-09-30,2025-03-17,auto,4200000,1.883630238095238
6697322318801868,1,1,6,M,RS009,Z03.8,93.91,2,4,0,5462382,2025-01-31,2025-03-18,auto,1200000,4.551985
8283463129859529,1,1,48,M,RS003,K29.7,45.16,3,2,0,8925435,2024-07-09,2025-03-18,auto,1700000,5.250255882352941
7204848919566770,1,0,55,F,RS004,M54.5,93.39,3,2,1,2495488,2024-10-26,2025-03-18,manual,1800000,1.3863822222222222
9910939395799357,1,1,55,M,RS001,K21.0,45.16,3,4,0,6773714,2025-02-03,2025-03-18,manual,1400000,4.838367142857143
8807876339093834,1,1,31,F,RS001,O80,72.0,3,2,1,9645869,2024-09-10,2025-03-18,auto,3500000,2.7559625714285714
8163781968018378,1,0,52,F,RS010,Z03.8,93.91,3,2,0,4059866,2024-12-05,2025-03-18,manual,1200000,3.3832216666666666
8562187625702599,1,1,10,F,RS006,N39.0,57.98,3,4,2,2651761,2024-08-30,2025-03-18,manual,2200000,1.205345909090909
8493060587390848,0,0,36,F,RS001,O80,72.0,1,2,1,2774153,2024-02-20,2025-03-18,auto,3500000,0.7926151428571429
5867891051675743,0,1,37,M,RS006,K29.7,45.16,2,3,0,5369933,2024-07-01,2025-03-18,manual,1700000,3.158784117647059
2518929604608639,1,1,58,F,RS005,K21.0,45.16,1,2,0,9517233,2025-02-07,2025-03-18,auto,1400000,6.798023571428572
5545316017799861,1,0,8,F,RS008,I25.1,36.15,2,3,2,3740403,2024-07-24,2025-03-18,manual,5000000,0.7480806
9415904837885328,1,0,27,F,RS010,E66.9,99.28,2,2,1,3076281,2025-01-15,2025-03-18,auto,1000000,3.076281
9385626458536316,1,1,73,M,RS002,I10,99.04,1,1,3,2416212,2025-01-18,2025-03-18,auto,2000000,1.208106
7415917182276067,1,1,34,M,RS006,J18.9,96.04,1,1,2,850688,2024-02-28,2025-03-19,manual,4200000,0.2025447619047619
7011948972527272,1,1,72,M,RS003,J18.9,93.94,2,3,0,5404344,2024-02-23,2025-03-19,auto,4200000,1.2867485714285714
2876152208513884,1,1,24,F,RS003,I10,99.04,1,1,2,3958394,2024-07-01,2025-03-19,manual,2000000,1.979197
2570178347088778,1,0,4,M,RS008,M54.5,93.39,1,3,1,7012564,2024-06-21,2025-03-19,auto,1800000,3.895868888888889
7604562317114284,1,0,39,F,RS008,J18.9,96.04,1,1,1,4931381,2025-01-28,2025-03-19,auto,4200000,1.1741383333333333
5148252126513267,1,1,73,M,RS003,A09,45.23,2,2,0,7548782,2024-12-18,2025-03-19,auto,1300000,5.806755384615385
1456379441744140,0,1,43,F,RS002,N39.0,57.98,3,1,0,6881905,2024-07-19,2025-03-19,manual,2200000,3.1281386363636363
6227300849406605,0,1,52,F,RS002,R10.4,87.09,2,2,0,8308943,2024-07-04,2025-03-19,manual,1200000,6.924119166666666
8008902163141992,1,0,90,F,RS001,J45.9,93.96,2,3,0,9033116,2024-01-04,2025-03-19,manual,2300000,3.9274417391304346
1254379456796063,1,1,62,M,RS006,N39.0,57.98,3,4,2,4655716,2024-07-24,2025-03-19,auto,2200000,2.1162345454545455
2727632677892605,1,1,84,F,RS006,I25.1,99.24,1,3,0,3968664,2024-08-09,2025-03-19,manual,5000000,0.7937328
4015893336898934,0,1,30,F,RS001,I10,99.04,1,2,2,7679380,2024-12-18,2025-03-20,auto,2000000,3.83969
3993497940265172,0,1,12,F,RS002,A09,45.23,2,3,0,7353268,2025-03-11,2025-03-20,auto,1300000,5.65636
7859935000867847,1,0,67,F,RS001,K29.7,45.16,2,4,4,8029099,2025-03-13,2025-03-20,manual,1700000,4.722999411764706
4272631961327563,0,1,61,M,RS007,I10,99.04,1,4,1,3599851,2025-01-13,2025-03-20,auto,2000000,1.7999255
4332560075499912,0,1,25,M,RS002,H25.9,13.4,2,4,0,6877752,2025-01-18,2025-03-20,manual,7500000,0.9170336
6269287672880053,1,1,33,F,RS010,H25.9,13.4,3,3,0,4414175,2024-09-03,2025-03-20,manual,7500000,0.5885566666666666
2131451356655480,1,1,60,M,RS004,R10.4,45.23,1,2,2,7310446,2024-05-30,2025-03-20,manual,1200000,6.092038333333333
6525350322602392,1,1,28,M,RS007,Z00.0,93.99,1,1,0,9795358,2024-12-05,2025-03-21,auto,700000,13.993368571428572
3439461404879970,1,0,44,F,RS002,H25.9,13.1,2,2,0,5802071,2024-11-08,2025-03-21,auto,7500000,0.7736094666666666
3357649976743084,1,1,38,M,RS003,K21.0,45.16,2,4,1,4185643,2024-10-25,2025-03-21,auto,1400000,2.989745
6118312882326426,1,1,45,F,RS004,J18.9,93.94,2,4,1,8884023,2024-05-29,2025-03-21,auto,4200000,2.1152435714285716
0673374816293677,1,1,81,M,RS010,E11,99.10,3,4,4,9973936,2025-02-18,2025-03-21,auto,2500000,3.9895744
5223021224632928,1,1,65,F,RS002,Z00.0,93.99,3,4,1,2475824,2025-01-28,2025-03-21,manual,700000,3.5368914285714284
4252525526263830,0,1,53,F,RS005,A09,45.23,2,4,2,5449590,2024-05-09,2025-03-21,manual,1300000,4.191992307692308
6476747739829272,1,1,20,F,RS010,N39.0,57.94,1,3,0,3273931,2024-09-21,2025-03-21,auto,2200000,1.4881504545454545
9201150147980678,1,1,73,M,RS003,I10,99.04,3,4,2,3891374,2024-03-15,2025-03-21,auto,2000000,1.945687
4729771751692047,1,1,32,M,RS004,K29.7,45.16,1,4,0,9150635,2024-09-07,2025-03-21,manual,1700000,5.382726470588235
5377350750677917,0,1,87,F,RS010,E66.9,99.28,2,2,6,7160842,2024-03-22,2025-03-21,auto,1000000,7.160842
6840867016380066,1,0,63,F,RS002,Z00.0,93.99,2,1,0,2005062,2024-11-02,2025-03-21,manual,700000,2.8643742857142858
6738251208699809,1,0,78,M,RS009,K21.0,45.16,2,4,1,6828320,2025-03-06,2025-03-21,auto,1400000,4.877371428571428
7370205258922667,1,1,40,M,RS003,K21.0,45.16,3,1,1,5358145,2024-11-08,2025-03-21,manual,1400000,3.8272464285714287
9206978035566899,1,0,2,F,RS009,O80,72.0,1,1,3,898961,2024-08-10,2025-03-21,manual,3500000,0.256846
5556693730990013,0,1,20,M,RS001,I25.1,36.15,3,4,1,1311184,2024-10-07,2025-03-21,auto,5000000,0.2622368
3059375334204064,0,1,8,M,RS006,R10.4,87.09,1,1,1,3002687,2024-11-15,2025-03-21,manual,1200000,2.5022391666666666
5243252278618393,0,1,84,M,RS005,K29.7,45.16,3,1,2,1066115,2024-09-23,2025-03-21,auto,1700000,0.6271264705882353
9407839972700139,1,0,80,M,RS002,I25.1,36.15,1,4,1,9901035,2024-05-06,2025-03-21,auto,5000000,1.980207
6181172426207288,0,1,90,F,RS009,H25.9,13.5,1,2,0,5002401,2025-01-17,2025-03-21,manual,7500000,0.6669868
3853110597860758,1,1,25,M,RS006,M54.5,93.39,2,3,0,5718970,2025-01-31,2025-03-22,manual,1800000,3.1772055555555556
0567665094814298,1,1,54,M,RS010,R10.4,45.23,2,4,1,8344095,2024-07-08,2025-03-22,auto,1200000,6.9534125
1717134770253599,1,1,30,F,RS002,K29.7,45.16,3,1,2,8323550,2024-02-01,2025-03-22,manual,1700000,4.896205882352941
3970197232080283,1,1,8,M,RS008,Z00.0,93.99,3,4,1,3520041,2024-12-03,2025-03-22,manual,700000,5.02863
7915765655931487,0,1,80,M,RS010,R50.9,99.19,3,2,0,7930084,2024-09-11,2025-03-22,auto,1000000,7.930084
8088580042537141,1,1,14,M,RS009,E11,99.10,1,4,2,6200573,2024-08-17,2025-03-22,manual,2500000,2.4802292
4989988882592368,1,0,7,F,RS002,Z34.0,73.0,1,4,4,2765612,2024-11-26,2025-03-22,auto,800000,3.457015
7886983865318938,1,1,70,M,RS008,J18.9,96.04,1,1,1,6052720,2025-02-04,2025-03-22,manual,4200000,1.4411238095238095
6979995941258665,1,1,17,F,RS002,J18.9,96.04,1,3,0,3524610,2025-02-26,2025-03-22,auto,4200000,0.8391928571428572
7959702629151186,0,1,66,M,RS003,R50.9,99.19,1,3,1,6695621,2024-06-28,2025-03-22,auto,1000000,6.695621
1962910109636021,0,1,90,F,RS008,E66.9,99.28,3,3,1,6423061,2024-07-15,2025-03-22,auto,1000000,6.423061
3986029374732558,1,0,73,M,RS008,O80,72.0,2,4,2,922933,2024-07-17,2025-03-22,manual,3500000,0.26369514285714285
9393823443913568,0,1,8,M,RS008,I25.1,36.15,2,1,3,7074539,2024-12-24,2025-03-22,auto,5000000,1.4149078
0074593099459362,1,1,53,M,RS009,Z00.0,93.99,2,1,0,1185004,2024-05-17,2025-03-22,auto,700000,1.6928628571428572
3547174386777341,1,1,35,F,RS004,J45.9,93.96,1,4,2,7310486,2024-01-02,2025-03-22,manual,2300000,3.1784721739130433
2781943886548829,1,0,12,F,RS009,R10.4,45.23,3,4,0,846180,2024-03-08,2025-03-22,manual,1200000,0.70515
2646930161489450,0,1,67,M,RS009,E66.9,99.28,3,2,2,1650473,2024-12-12,2025-03-22,auto,1000000,1.650473
5880119983006952,1,1,82,M,RS001,O80,72.0,2,3,1,4209079,2024-11-07,2025-03-24,auto,3500000,1.202594
7543249735035842,1,0,52,F,RS008,J45.9,93.96,2,3,1,7694125,2024-07-11,2025-03-24,manual,2300000,3.345271739130435
6551677932525974,0,1,86,M,RS002,M54.5,93.39,2,2,2,6842604,2024-03-25,2025-03-24,manual,1800000,3.8014466666666666
6972176147787868,0,0,4,F,RS008,J18.9,93.94,2,1,0,1711568,2024-07-15,2025-03-24,auto,4200000,0.4075161904761905
5882037382651154,1,1,74,M,RS005,H25.9,13.5,1,1,0,1813772,2024-06-05,2025-03-24,auto,7500000,0.24183626666666666
0035668332822258,1,0,17,F,RS004,Z34.0,73.0,3,4,1,1195418,2024-10-28,2025-03-24,manual,800000,1.4942725
5684584675729210,1,1,41,M,RS006,M54.5,93.39,3,4,0,9789832,2025-03-07,2025-03-24,manual,1800000,5.438795555555555
6368083962193216,0,1,85,M,RS004,J45.9,93.96,2,2,2,7735646,2025-01-18,2025-03-24,manual,2300000,3.363324347826087
1869366304469810,0,1,66,M,RS002,E66.9,99.28,1,3,1,5439057,2024-07-09,2025-03-24,auto,1000000,5.439057
3879706923493545,1,1,84,M,RS009,O80,72.0,1,1,2,9214046,2025-02-06,2025-03-24,manual,3500000,2.6325845714285716
5642264161625919,1,1,75,M,RS002,R10.4,45.23,1,3,0,2462991,2024-08-30,2025-03-24,auto,1200000,2.0524925
3960286269178819,1,1,76,M,RS004,R50.9,99.19,1,1,0,7000627,2024-07-13,2025-03-24,auto,1000000,7.000627
3492025524091001,1,0,42,F,RS008,J00,93.9,1,3,0,784104,2024-12-06,2025-03-24,manual,500000,1.568208
5019660706350533,0,1,70,F,RS010,R50.9,99.19,2,3,0,1791524,2024-02-14,2025-03-24,manual,1000000,1.791524
7204848919566770,1,0,55,F,RS004,M54.5,93.39,3,1,2,6534332,2025-03-18,2025-03-24,auto,1800000,3.6301844444444447
6115881525948628,1,1,39,M,RS002,H25.9,13.1,3,1,0,9495967,2024-07-31,2025-03-24,auto,7500000,1.2661289333333334
1265114964492096,1,1,24,F,RS007,Z34.0,73.0,1,1,2,1027864,2024-04-01,2025-03-25,auto,800000,1.28483
5268194515341869,1,1,37,M,RS001,J18.9,93.94,1,2,1,1611050,2024-06-11,2025-03-25,manual,4200000,0.38358333333333333
9400692603642319,1,1,53,F,RS002,K29.7,45.16,3,4,1,4740771,2025-01-07,2025-03-25,auto,1700000,2.788688823529412
8497982321560447,1,0,56,F,RS004,E66.9,99.28,1,2,2,3334212,2024-05-29,2025-03-25,manual,1000000,3.334212
6227300849406605,0,1,52,F,RS002,R10.4,87.09,1,4,0,6721718,2024-09-21,2025-03-25,auto,1200000,5.601431666666667
0830934471641562,1,1,70,F,RS003,O80,72.0,2,2,2,571330,2024-10-08,2025-03-25,manual,3500000,0.16323714285714286
0073075960064860,1,0,46,F,RS005,J45.9,93.96,2,3,2,4462963,2025-02-04,2025-03-25,auto,2300000,1.9404186956521738
9977956565515420,1,1,64,F,RS006,J00,93.9,1,2,1,2480735,2024-08-27,2025-03-25,manual,500000,4.96147
3254151096670571,1,0,70,M,RS007,J45.9,93.96,3,2,0,2042119,2025-02-18,2025-03-26,auto,2300000,0.8878778260869565
6316736861878312,1,1,42,F,RS010,N39.0,57.98,2,2,0,1040970,2025-02-04,2025-03-26,manual,2200000,0.4731681818181818
1250458991857109,1,0,67,F,RS009,J00,93.9,3,4,0,5549213,2024-02-27,2025-03-26,manual,500000,11.098426
3857188412076817,1,0,87,M,RS001,J18.9,93.94,1,3,1,3704152,2024-12-16,2025-03-26,auto,4200000,0.8819409523809524
6492230574670109,1,1,36,M,RS009,J18.9,93.94,1,2,1,3105302,2024-04-05,2025-03-26,manual,4200000,0.7393576190476191
4675563490293494,1,1,90,F,RS007,K21.0,45.16,3,4,0,9765359,2025-03-18,2025-03-26,auto,1400000,6.975256428571429
7260672358332250,1,0,60,F,RS008,K29.7,45.16,3,4,0,8151217,2025-02-20,2025-03-26,manual,1700000,4.794833529411765
7554000018774508,0,1,40,M,RS004,R50.9,99.19,2,4,0,4321339,2024-12-03,2025-03-26,manual,1000000,4.321339
4809536727004661,1,1,46,F,RS008,Z00.0,93.99,2,4,0,3196058,2024-06-20,2025-03-26,auto,700000,4.565797142857143
6967751291864984,1,1,6,M,RS002,E11,99.10,3,3,1,8955571,2024-01-16,2025-03-26,auto,2500000,3.5822284
6528030147928783,0,1,30,M,RS008,J18.9,93.94,1,2,0,5170650,2024-04-16,2025-03-26,manual,4200000,1.231107142857143
8571711790200830,1,1,50,F,RS002,O80,72.0,3,4,1,6257695,2024-01-20,2025-03-26,manual,3500000,1.787912857142857
6859008503910194,0,1,51,F,RS004,R50.9,99.19,2,4,0,4885934,2024-12-30,2025-03-26,manual,1000000,4.885934
6468365133375780,1,0,83,M,RS002,Z00.0,93.99,1,2,0,1940538,2025-02-07,2025-03-26,manual,700000,2.772197142857143
2373856542486538,0,1,57,M,RS009,K21.0,45.16,1,1,0,4112632,2025-01-13,2025-03-27,manual,1400000,2.937594285714286
9098795917075574,1,1,9,F,RS006,E66.9,99.28,1,3,6,5409225,2024-12-11,2025-03-27,manual,1000000,5.409225
6282537592461841,0,0,34,M,RS010,J45.9,93.96,1,3,0,1636072,2024-01-03,2025-03-27,manual,2300000,0.711335652173913
8019789750485204,1,1,9,F,RS003,R10.4,87.09,2,3,0,2824970,2024-09-20,2025-03-27,auto,1200000,2.3541416666666666
4862135644456267,1,1,79,M,RS002,O80,72.0,1,4,3,8010519,2025-01-25,2025-03-27,auto,3500000,2.288719714285714
9214532694438167,1,0,18,M,RS009,E66.9,99.28,3,3,1,8406152,2024-11-22,2025-03-27,auto,1000000,8.406152
9031034793383396,0,1,53,F,RS010,M54.5,93.39,2,4,0,2814534,2024-12-19,2025-03-27,manual,1800000,1.56363
8746775700561102,1,1,22,M,RS008,K21.0,45.16,1,4,2,1734017,2024-04-24,2025-03-27,manual,1400000,1.2385835714285713
5245956282140742,1,1,64,F,RS007,I10,99.04,2,3,5,2273090,2024-11-29,2025-03-27,auto,2000000,1.136545
4203956225951371,1,1,87,M,RS008,R50.9,99.19,2,2,0,1374793,2024-05-27,2025-03-27,auto,1000000,1.374793
4736925328653281,1,1,10,M,RS008,I10,99.04,1,1,4,1672915,2024-08-13,2025-03-27,manual,2000000,0.8364575
0157144473428759,1,0,10,M,RS009,K29.7,45.16,1,4,2,8646433,2025-03-04,2025-03-28,manual,1700000,5.086137058823529
6647485949473660,1,1,63,F,RS006,K21.0,45.16,2,1,1,1406411,2024-11-01,2025-03-28,auto,1400000,1.0045792857142857
1011684999041449,1,1,78,F,RS008,O80,72.0,3,1,2,4209555,2024-10-28,2025-03-28,manual,3500000,1.20273
4924563452745917,1,0,76,F,RS007,E66.9,99.28,2,3,0,8576975,2025-01-17,2025-03-28,manual,1000000,8.576975
2673426467034379,1,0,37,M,RS001,Z34.0,73.0,2,4,2,2190299,2024-12-23,2025-03-28,auto,800000,2.73787375
0158332536779803,1,1,73,F,RS002,E66.9,99.28,3,3,2,8461336,2024-09-19,2025-03-28,manual,1000000,8.461336
1828085982130590,1,0,35,F,RS010,K29.7,45.16,3,2,0,1221128,2025-01-08,2025-03-28,auto,1700000,0.7183105882352941
6468396150861957,0,1,22,M,RS006,O80,72.0,2,1,1,995756,2025-02-14,2025-03-28,manual,3500000,0.2845017142857143
5319134666351263,1,1,22,F,RS003,R50.9,99.19,1,4,0,5589681,2025-02-28,2025-03-28,auto,1000000,5.589681
2453869735707110,0,1,83,M,RS007,I25.1,36.15,1,4,3,3832853,2024-09-25,2025-03-28,manual,5000000,0.7665706
8893924231794477,1,1,16,F,RS005,R10.4,45.23,3,2,0,8010228,2024-09-16,2025-03-28,manual,1200000,6.67519
7056707931595140,1,1,70,M,RS006,A09,45.23,2,1,0,9083163,2025-02-11,2025-03-28,manual,1300000,6.987048461538461
5685188568122260,1,1,87,M,RS007,I10,99.04,2,3,3,8259022,2024-05-21,2025-03-28,auto,2000000,4.129511
4740569431901294,1,1,17,F,RS003,A09,45.23,2,2,1,2381767,2024-10-21,2025-03-28,manual,1300000,1.8321284615384614
3671485102522417,1,1,76,F,RS008,R10.4,87.09,2,3,2,3282089,2025-01-20,2025-03-28,manual,1200000,2.7350741666666667
0004221685143663,1,1,71,M,RS009,J45.9,93.96,1,2,1,6662841,2024-12-23,2025-03-28,auto,2300000,2.896887391304348
3306596369955052,0,1,39,F,RS003,N39.0,57.94,1,2,2,3354889,2024-12-30,2025-03-28,auto,2200000,1.5249495454545454
3030519942786973,1,1,44,F,RS004,Z34.0,73.0,2,4,2,4900870,2024-11-07,2025-03-28,manual,800000,6.1260875
4089367439635600,0,1,29,F,RS004,R10.4,45.23,3,4,0,5181809,2024-05-01,2025-03-28,manual,1200000,4.318174166666667
5985548016474506,0,1,72,M,RS002,M54.5,93.39,3,4,2,7126986,2024-02-29,2025-03-29,manual,1800000,3.9594366666666665
3844110475690086,1,1,75,F,RS008,E11,99.10,3,2,0,1018821,2024-12-23,2025-03-29,manual,2500000,0.4075284
9302399826770945,1,1,11,F,RS001,E66.9,99.28,2,2,3,1141635,2024-11-21,2025-03-29,manual,1000000,1.141635
8323890495103520,0,1,13,M,RS010,Z00.0,93.99,1,4,0,6314378,2025-02-14,2025-03-29,auto,700000,9.02054
3127588357665686,1,1,11,M,RS009,O80,72.0,2,3,2,3687300,2024-11-09,2025-03-29,manual,3500000,1.0535142857142856
7417378451318095,0,1,56,M,RS003,J45.9,93.96,2,4,0,5284217,2024-05-20,2025-03-29,auto,2300000,2.297485652173913
2189849099081889,1,0,42,M,RS007,H25.9,13.4,2,4,0,2283316,2025-01-18,2025-03-29,auto,7500000,0.3044421333333333
2622200344233010,1,1,44,M,RS003,R50.9,99.19,3,1,0,5647445,2025-03-19,2025-03-29,manual,1000000,5.647445
2275913440801967,1,1,65,F,RS004,R50.9,99.19,3,4,0,2912247,2025-02-24,2025-03-29,auto,1000000,2.912247
1393356349247128,1,1,66,F,RS005,M54.5,93.39,1,3,0,1982043,2024-04-06,2025-03-29,manual,1800000,1.101135
5350968252973234,0,1,65,F,RS007,A09,45.23,3,3,1,7675106,2024-06-24,2025-03-29,manual,1300000,5.903927692307692
3492025524091001,1,0,42,F,RS008,J00,93.9,1,4,1,3139596,2024-09-09,2025-03-29,auto,500000,6.279192
1177206678366892,1,1,15,M,RS008,Z00.0,93.99,1,3,0,3857931,2024-12-18,2025-03-29,auto,700000,5.51133
5321224236188223,1,1,60,F,RS002,O80,72.0,3,4,2,1280103,2024-01-02,2025-03-29,auto,3500000,0.3657437142857143
0203488158070261,1,1,47,M,RS003,O80,72.0,3,1,2,3821046,2024-05-08,2025-03-31,manual,3500000,1.0917274285714287
6151670937396524,1,1,77,M,RS004,Z00.0,93.99,1,1,0,9322756,2025-03-03,2025-03-31,auto,700000,13.318222857142857
9633153199749701,0,1,90,M,RS007,N39.0,57.98,3,3,3,9239937,2025-02-03,2025-03-31,manual,2200000,4.199971363636363
4082835171662349,1,1,2,M,RS010,R10.4,87.09,1,2,1,8044391,2024-11-15,2025-03-31,manual,1200000,6.703659166666666
4084317206466757,0,0,47,M,RS001,H25.9,13.4,2,2,0,1567898,2025-01-04,2025-03-31,manual,7500000,0.20905306666666668
0995702283263215,1,1,31,M,RS005,K21.0,45.16,1,4,0,4602488,2024-09-03,2025-03-31,manual,1400000,3.2874914285714287
8648762568643602,1,0,88,F,RS009,Z34.0,73.0,1,1,1,8824253,2024-12-10,2025-03-31,manual,800000,11.03031625
9786737746073421,1,0,2,F,RS008,A09,45.23,2,1,0,7282315,2024-01-27,2025-03-31,auto,1300000,5.6017807692307695
7593630920755779,1,1,5,F,RS008,R10.4,45.23,2,4,0,4629115,2024-10-26,2025-03-31,manual,1200000,3.8575958333333333
4119567913929519,1,0,89,M,RS006,I25.1,99.24,2,4,1,1353794,2024-06-24,2025-03-31,manual,5000000,0.2707588
1916747103841103,0,1,49,F,RS007,Z03.8,93.91,2,3,0,698787,2024-03-12,2025-03-31,manual,1200000,0.5823225
4759901074054856,1,1,62,M,RS010,M54.5,93.39,2,1,0,4003801,2024-08-22,2025-03-31,manual,1800000,2.224333888888889
0263099918250448,1,1,88,M,RS004,R10.4,87.09,2,1,0,6720482,2025-01-22,2025-03-31,auto,1200000,5.6004016666666665
5238975004133386,1,1,33,F,RS004,H25.9,13.4,1,4,0,7424470,2024-09-05,2025-03-31,manual,7500000,0.9899293333333333
2625979664172984,1,0,90,F,RS005,I25.1,36.15,3,1,3,8414402,2024-05-08,2025-03-31,auto,5000000,1.6828804
9071190770953741,0,1,67,M,RS007,Z03.8,93.91,3,2,2,5889458,2024-03-11,2025-04-01,auto,1200000,4.9078816666666665
8980523665791244,1,1,80,F,RS001,N39.0,57.98,3,2,3,4948980,2024-12-02,2025-04-01,auto,2200000,2.2495363636363637
3420702734844499,1,1,65,M,RS004,K29.7,45.16,3,1,1,4386122,2024-11-12,2025-04-01,manual,1700000,2.5800717647058824
0624647003540733,1,0,69,F,RS002,E66.9,99.28,2,4,2,5572090,2024-12-31,2025-04-01,auto,1000000,5.57209
7626748403754406,1,1,43,F,RS001,Z34.0,73.0,2,1,2,4778344,2024-03-04,2025-04-01,auto,800000,5.97293
7261573962287152,1,0,28,M,RS001,Z00.0,93.99,1,4,0,8527557,2024-04-18,2025-04-01,auto,700000,12.182224285714286
4657195907441934,0,1,90,F,RS008,N39.0,57.98,3,4,1,3735107,2025-02-24,2025-04-01,manual,2200000,1.697775909090909
1815559531523603,1,1,57,F,RS006,A09,45.23,3,2,1,7616897,2025-01-17,2025-04-01,auto,1300000,5.859151538461538
0062217216638737,1,1,90,M,RS006,Z34.0,73.0,3,1,4,6946132,2024-12-19,2025-04-01,auto,800000,8.682665
8056839724228373,1,1,46,M,RS003,Z00.0,93.99,1,3,0,5456382,2025-03-25,2025-04-01,manual,700000,7.794831428571428
7075201684049550,0,1,75,F,RS010,J18.9,96.04,2,4,0,8831487,2025-01-16,2025-04-01,manual,4200000,2.102735
7554000018774508,0,1,40,M,RS004,R50.9,99.19,2,1,0,5926147,2025-01-20,2025-04-01,auto,1000000,5.926147
0131467713928828,1,1,23,M,RS002,I10,99.04,2,2,3,2547664,2024-09-07,2025-04-01,auto,2000000,1.273832
4277807931088504,1,0,58,M,RS005,J45.9,93.96,3,1,0,7175115,2024-08-16,2025-04-01,auto,2300000,3.1196152173913045
3850239264906869,1,1,6,F,RS006,Z00.0,93.99,2,4,0,7696235,2024-02-24,2025-04-02,manual,700000,10.99462142857143
1201721208675463,1,0,4,M,RS004,Z03.8,93.91,3,3,0,3447759,2024-04-12,2025-04-02,auto,1200000,2.8731325
5460138326649983,1,0,47,F,RS001,J00,93.9,1,4,0,6026525,2024-01-10,2025-04-02,auto,500000,12.05305
7412739805401343,1,0,36,F,RS005,Z34.0,73.0,2,2,2,6048516,2025-03-28,2025-04-02,auto,800000,7.560645
3365828762666386,1,1,77,F,RS002,H25.9,13.4,1,1,0,9947565,2024-07-05,2025-04-02,auto,7500000,1.326342
9882208242111557,1,1,85,M,RS002,E11,99.10,1,4,0,5171267,2024-06-29,2025-04-02,auto,2500000,2.0685068
6545333595574259,1,1,28,M,RS007,I10,99.04,2,2,2,5020106,2024-07-16,2025-04-02,manual,2000000,2.510053
8202998881568925,0,1,50,F,RS001,J45.9,93.96,2,3,2,7925415,2024-08-07,2025-04-02,manual,2300000,3.4458326086956523
0155953542838491,1,0,57,F,RS009,J18.9,93.9,1,4,1,6673966,2025-02-01,2025-04-02,manual,500000,13.347932
1186061537138410,0,1,83,M,RS009,Z00.0,93.99,3,4,0,4763400,2024-10-10,2025-04-03,manual,700000,6.804857142857143
0926870718558999,1,1,43,F,RS009,Z34.0,73.0,1,2,3,9562011,2024-03-26,2025-04-03,auto,800000,11.95251375
2225364991885311,1,1,48,F,RS001,I10,99.04,1,1,3,4707092,2024-08-24,2025-04-03,auto,2000000,2.353546
0972776666783297,1,1,59,M,RS010,O80,72.0,1,2,4,8909058,2025-01-04,2025-04-03,auto,3500000,2.545445142857143
4776656184534322,1,0,85,F,RS001,N39.0,57.98,1,1,3,6456654,2024-05-25,2025-04-03,auto,2200000,2.934842727272727
9201150147980678,1,1,73,M,RS003,I10,99.04,3,2,2,4186834,2025-03-04,2025-04-03,auto,2000000,2.093417
8221205651521330,0,1,59,F,RS001,M54.5,93.39,1,1,0,9677386,2025-03-24,2025-04-03,auto,1800000,5.376325555555556
0429671617048262,0,1,33,F,RS002,M54.5,93.39,2,4,2,2086763,2024-07-04,2025-04-03,manual,1800000,1.1593127777777779
5621396989972660,0,1,90,F,RS005,J00,93.9,1,1,1,9883921,2024-10-22,2025-04-03,manual,500000,19.767842
6379078397102101,0,1,17,F,RS010,K29.7,45.16,1,3,1,5903126,2024-04-15,2025-04-03,auto,1700000,3.4724270588235293
9978096339206956,1,1,58,M,RS008,K29.7,45.16,2,4,3,7130031,2024-09-05,2025-04-03,auto,1700000,4.194135882352941
6581180888853200,1,0,42,F,RS007,Z03.8,93.91,1,1,0,9148074,2024-04-03,2025-04-03,manual,1200000,7.623395
7818245222117226,1,1,17,F,RS003,I10,99.04,2,2,4,5999981,2024-12-17,2025-04-03,manual,2000000,2.9999905
9364915807080024,1,1,67,F,RS002,Z03.8,93.91,1,3,0,5449481,2024-04-25,2025-04-03,manual,1200000,4.5412341666666665
6071469708144548,1,0,32,F,RS004,K21.0,45.16,1,2,0,9512383,2025-03-21,2025-04-03,manual,1400000,6.794559285714286
0055571247379283,0,1,2,M,RS006,J00,93.9,2,2,1,2948166,2024-03-06,2025-04-03,auto,500000,5.896332
1588339970503141,0,1,76,F,RS006,K29.7,45.16,1,4,0,4394041,2024-07-05,2025-04-03,auto,1700000,2.58473
5780077446410753,1,1,67,M,RS002,J00,93.9,3,1,0,3596213,2025-02-05,2025-04-03,manual,500000,7.192426
0838203725807919,1,1,10,M,RS010,I10,99.04,3,3,3,9556671,2025-01-01,2025-04-04,auto,2000000,4.7783355
4782264168993741,1,1,90,M,RS007,K21.0,45.16,2,4,2,6226662,2024-02-28,2025-04-04,manual,1400000,4.447615714285714
5114278161223081,1,1,70,M,RS008,I25.1,99.24,2,3,3,1978110,2024-09-13,2025-04-04,manual,5000000,0.395622
8074272655952659,0,1,52,M,RS003,E66.9,99.28,1,1,2,2853926,2024-02-14,2025-04-04,manual,1000000,2.853926
7227646236717450,0,1,76,M,RS009,Z34.0,73.0,1,3,2,6519130,2025-03-17,2025-04-04,auto,800000,8.1489125
5813951965610035,0,0,70,M,RS010,R50.9,99.19,1,3,0,786029,2024-11-19,2025-04-04,auto,1000000,0.786029
9347210202087893,0,1,13,F,RS004,K29.7,45.16,2,3,0,7774414,2024-11-21,2025-04-04,auto,1700000,4.573184705882353
1433090523121539,1,0,58,M,RS007,M54.5,93.39,1,3,0,9119679,2025-01-30,2025-04-04,auto,1800000,5.066488333333333
0609162315562941,0,1,7,M,RS003,K21.0,45.16,1,3,2,901041,2024-05-25,2025-04-04,auto,1400000,0.6436007142857143
4432992918096198,0,1,52,F,RS006,J00,93.9,2,4,2,5868158,2024-09-11,2025-04-04,manual,500000,11.736316
4110746312800349,1,1,72,M,RS009,Z34.0,73.0,3,1,3,7843016,2024-09-24,2025-04-04,manual,800000,9.80377
8492417740534511,1,1,31,M,RS009,J45.9,93.96,3,4,1,2068390,2024-03-15,2025-04-04,manual,2300000,0.8993
1418595907574202,1,1,30,F,RS005,J45.9,93.96,2,2,0,6115874,2024-11-11,2025-04-04,manual,2300000,2.659075652173913
7901575477211868,0,1,27,M,RS008,Z03.8,93.91,1,2,0,5112262,2024-10-18,2025-04-04,manual,1200000,4.260218333333333
9924102417031956,1,1,33,F,RS008,J45.9,93.96,1,3,0,6880877,2024-10-30,2025-04-04,auto,2300000,2.991685652173913
4842158416680125,1,1,86,M,RS008,H25.9,13.4,2,4,0,1836173,2024-11-09,2025-04-04,manual,7500000,0.24482306666666667
6799403522212861,1,1,70,M,RS001,O80,72.0,2,1,4,8004960,2024-01-01,2025-04-04,auto,3500000,2.2871314285714286
5429829040066753,0,1,78,M,RS010,I10,99.04,3,3,1,3347316,2025-01-22,2025-04-04,auto,2000000,1.673658
2800803433967044,1,1,87,M,RS004,R50.9,99.19,2,1,1,4830412,2024-01-09,2025-04-04,manual,1000000,4.830412
6697281077434688,1,0,44,M,RS008,J00,93.9,3,2,0,4283492,2024-12-24,2025-04-05,manual,500000,8.566984
8572175922835570,1,1,9,M,RS002,J45.9,93.96,2,4,0,1811467,2024-06-10,2025-04-05,manual,2300000,0.787594347826087
5770859309801493,1,0,37,F,RS005,Z34.0,73.0,2,4,1,5673161,2025-03-19,2025-04-05,auto,800000,7.09145125
4862135644456267,1,1,79,M,RS002,Z34.0,73.0,2,1,2,8356874,2024-08-12,2025-04-05,manual,800000,10.4460925
2913539596413669,1,0,61,M,RS002,I10,99.04,2,2,3,9507027,2024-12-31,2025-04-05,manual,2000000,4.7535135
3127588357665686,1,1,11,M,RS009,O80,72.0,2,1,1,5140333,2024-06-20,2025-04-05,auto,3500000,1.4686665714285714
2088186843718702,1,1,20,M,RS005,J45.9,93.96,1,4,0,5394865,2024-10-22,2025-04-05,auto,2300000,2.3455934782608696
7175183682674203,1,1,77,F,RS006,E66.9,99.28,2,2,2,4787072,2024-12-24,2025-04-05,auto,1000000,4.787072
1252742332606624,0,0,48,M,RS010,J18.9,96.04,2,4,0,1819268,2024-07-19,2025-04-05,manual,4200000,0.4331590476190476
1393356349247128,1,1,66,F,RS005,M54.5,93.39,2,2,0,1146724,2025-03-18,2025-04-05,auto,1800000,0.6370688888888889
3079714227567589,0,1,1,M,RS007,Z00.0,93.99,3,1,0,5647328,2024-11-29,2025-04-05,auto,700000,8.067611428571428
5652778936888672,1,0,79,M,RS004,H25.9,13.5,3,4,0,3163939,2025-03-13,2025-04-05,manual,7500000,0.42185853333333334
8565032210064819,1,1,36,F,RS006,Z03.8,93.91,2,2,0,9219846,2024-07-12,2025-04-05,auto,1200000,7.683205
8827045452732691,1,0,31,M,RS005,H25.9,13.4,3,2,0,9091170,2024-09-26,2025-04-05,auto,7500000,1.212156
0738732715696048,1,1,25,M,RS005,N39.0,57.94,2,1,0,4348152,2024-03-07,2025-04-05,manual,2200000,1.9764327272727273
5880119983006952,1,1,82,M,RS001,O80,72.0,3,3,2,947458,2024-05-25,2025-04-05,manual,3500000,0.27070228571428573
1927186885164968,0,1,38,F,RS001,I10,99.04,3,3,5,1078310,2024-05-14,2025-04-07,manual,2000000,0.539155
9393180743617865,1,0,82,M,RS008,E66.9,99.28,1,3,0,4362897,2025-02-06,2025-04-07,manual,1000000,4.362897
9858623582578531,1,1,53,F,RS002,Z00.0,93.99,2,3,2,7008865,2024-03-02,2025-04-07,manual,700000,10.012664285714285
5556693730990013,0,1,20,M,RS001,I25.1,36.15,3,4,0,5436661,2024-11-15,2025-04-07,auto,5000000,1.0873322
5516293890481535,1,1,48,F,RS002,J18.9,93.94,1,2,0,7971186,2025-01-15,2025-04-07,manual,4200000,1.8979014285714286
1966130377363425,1,1,56,F,RS002,J00,93.9,1,4,0,5343414,2024-11-27,2025-04-07,manual,500000,10.686828
4657195907441934,0,1,90,F,RS008,N39.0,57.94,2,2,2,4297946,2024-08-12,2025-04-07,manual,2200000,1.9536118181818183
5068811175483453,1,0,16,F,RS006,Z34.0,73.0,3,2,2,1927040,2025-02-14,2025-04-07,manual,800000,2.4088
3341963468496054,1,1,21,M,RS005,J45.9,93.96,1,2,2,7739863,2024-06-29,2025-04-07,manual,2300000,3.3651578260869566
3309376725095970,1,1,49,M,RS009,R50.9,99.19,2,1,0,5312473,2024-08-09,2025-04-07,auto,1000000,5.312473
2650256788656680,1,1,17,F,RS003,A09,45.23,3,2,1,7197300,2025-02-10,2025-04-07,manual,1300000,5.536384615384615
7859935000867847,1,0,67,F,RS001,K29.7,45.16,3,3,1,3865936,2025-02-08,2025-04-07,auto,1700000,2.27408
2646930161489450,0,1,67,M,RS009,E66.9,99.28,2,2,1,2571540,2024-07-06,2025-04-08,auto,1000000,2.57154
3357649976743084,1,1,38,M,RS003,K21.0,45.16,1,2,0,4603401,2025-04-05,2025-04-08,auto,1400000,3.2881435714285714
8424988033885567,1,0,25,M,RS001,J45.9,93.96,1,3,0,5627453,2024-10-16,2025-04-08,auto,2300000,2.446718695652174
9910939395799357,1,1,55,M,RS001,K21.0,45.16,1,1,0,6311816,2024-10-18,2025-04-08,auto,1400000,4.50844
8914872947098870,1,1,14,F,RS006,Z34.0,73.0,2,2,2,1290008,2024-10-18,2025-04-08,manual,800000,1.61251
0003011918936614,0,1,87,F,RS006,N39.0,57.98,1,3,3,3420437,2024-06-22,2025-04-08,manual,2200000,1.5547440909090908
1816161180528659,1,1,51,F,RS010,E66.9,99.28,3,2,0,3415652,2024-01-04,2025-04-08,auto,1000000,3.415652
6385962290088984,1,0,14,F,RS008,A09,45.23,3,1,2,2778718,2025-01-22,2025-04-08,auto,1300000,2.1374753846153847
6698353635057411,1,0,21,M,RS004,R50.9,99.19,3,3,0,6239554,2024-07-29,2025-04-08,auto,1000000,6.239554
7832818970023545,1,0,47,M,RS001,Z03.8,93.91,2,3,0,1963671,2024-08-15,2025-04-08,auto,1200000,1.6363925
5769397812079250,0,1,44,M,RS008,A09,45.23,2,2,0,1138662,2024-10-17,2025-04-08,auto,1300000,0.8758938461538461
7214269751176882,1,1,23,M,RS009,J18.9,93.94,2,2,0,4909702,2024-11-05,2025-04-09,auto,4200000,1.1689766666666668
4252525526263830,0,1,53,F,RS005,N39.0,57.94,3,1,0,7085404,2024-05-01,2025-04-09,manual,2200000,3.220638181818182
1224150988666028,1,1,67,F,RS005,O80,72.0,3,3,2,3372139,2025-04-04,2025-04-09,auto,3500000,0.9634682857142857
7356070297812652,1,1,71,M,RS008,J45.9,93.96,2,2,0,3016341,2025-03-20,2025-04-09,manual,2300000,1.3114526086956522
4106861308068869,1,0,26,F,RS005,E11,99.10,1,3,3,2760688,2025-02-17,2025-04-09,manual,2500000,1.1042752
8552871560518504,1,1,20,M,RS009,Z34.0,73.0,3,3,2,5645876,2024-05-17,2025-04-09,auto,800000,7.057345
5472661636036569,1,0,62,M,RS007,O80,72.0,3,4,2,1784370,2024-11-09,2025-04-09,manual,3500000,0.50982
2653051756039798,0,0,41,M,RS007,R10.4,45.23,2,4,0,9376741,2024-04-01,2025-04-09,manual,1200000,7.813950833333333
5704343130905244,0,0,53,F,RS001,I10,99.04,2,4,3,3035704,2024-12-19,2025-04-09,auto,2000000,1.517852
9487517218764614,1,1,51,M,RS010,Z34.0,73.0,2,4,2,5246009,2024-05-17,2025-04-09,manual,800000,6.55751125
5712990863481630,1,1,44,M,RS003,Z03.8,93.91,1,2,0,1928111,2025-03-21,2025-04-09,auto,1200000,1.6067591666666667
3736191394795173,1,1,67,M,RS002,E66.9,99.28,1,2,1,403526,2024-09-03,2025-04-09,manual,1000000,0.403526
8571711790200830,1,1,50,F,RS002,Z03.8,93.91,2,3,0,5187840,2024-10-03,2025-04-09,manual,1200000,4.3232
9256411682449471,0,1,50,M,RS006,N39.0,57.98,1,4,0,2836328,2024-09-23,2025-04-09,manual,2200000,1.28924
3420702734844499,1,1,65,M,RS004,I25.1,36.15,3,1,3,8724023,2024-06-14,2025-04-09,auto,5000000,1.7448046
8822472690099623,1,1,30,F,RS008,Z00.0,93.99,3,1,1,9242721,2025-03-08,2025-04-09,manual,700000,13.203887142857143
3339973951529335,1,1,83,F,RS004,K29.7,45.16,3,2,0,3846279,2024-03-01,2025-04-09,manual,1700000,2.2625170588235295
7790703841468464,1,1,68,M,RS001,J45.9,93.96,2,3,1,5476136,2024-02-13,2025-04-09,manual,2300000,2.380928695652174
2758768572288769,1,1,64,F,RS002,K21.0,45.16,2,3,0,3814728,2024-05-24,2025-04-10,auto,1400000,2.7248057142857145
0113611340144602,1,1,89,F,RS001,R50.9,99.19,2,1,0,4693982,2024-02-07,2025-04-10,manual,1000000,4.693982
0260762035188301,1,0,53,M,RS008,O80,72.0,3,2,2,2006305,2024-08-03,2025-04-10,manual,3500000,0.57323
7417378451318095,0,1,56,M,RS003,J45.9,93.96,3,2,0,5714432,2024-11-22,2025-04-10,auto,2300000,2.4845356521739133
9355094131738508,0,1,61,M,RS009,K21.0,45.16,1,4,2,2352609,2024-12-30,2025-04-10,manual,1400000,1.680435
1053801873199946,1,1,35,F,RS001,Z34.0,73.0,1,4,2,2407965,2024-11-01,2025-04-10,manual,800000,3.00995625
1492954314402453,1,1,54,M,RS006,I10,99.04,2,1,4,5853979,2025-04-02,2025-04-10,auto,2000000,2.9269895
6973907079817372,1,1,81,M,RS009,H25.9,13.4,2,2,0,2561683,2025-01-20,2025-04-10,manual,7500000,0.34155773333333334
2509494660329666,1,1,20,M,RS008,K21.0,45.16,2,4,1,6211857,2024-08-21,2025-04-10,manual,1400000,4.437040714285715
7236719618056497,1,1,13,M,RS006,O80,72.0,1,3,2,3501021,2025-04-11,2025-04-13,manual,3500000,1.0002917142857144
8808508442265323,1,1,9,M,RS008,J00,93.9,2,1,3,7090922,2024-06-07,2025-04-10,manual,500000,14.181844
9326567574111060,1,1,1,M,RS009,Z34.0,73.0,1,3,1,9204655,2025-02-07,2025-04-10,manual,800000,11.50581875
4341233127895153,1,1,33,F,RS005,M54.5,93.39,1,1,0,7887159,2025-03-25,2025-04-10,auto,1800000,4.381755
3975033264938899,1,1,71,M,RS007,J00,93.9,2,4,0,433245,2025-02-27,2025-04-10,manual,500000,0.86649
2303943635627685,1,1,21,M,RS007,E11,99.10,2,2,3,6540634,2025-03-06,2025-04-10,auto,2500000,2.6162536
2006740652609049,1,1,89,F,RS004,K29.7,45.16,1,1,0,6743704,2024-09-09,2025-04-10,manual,1700000,3.966884705882353
7554000018774508,0,1,40,M,RS004,Z00.0,93.99,3,3,0,8956481,2025-01-02,2025-04-10,manual,700000,12.794972857142858
8903231696484346,1,0,72,F,RS010,K21.0,45.16,3,4,0,1443810,2025-01-03,2025-04-10,manual,1400000,1.0312928571428572
2387387147008419,1,1,18,M,RS010,R50.9,99.19,3,4,0,9116401,2024-08-10,2025-04-10,manual,1000000,9.116401
5378585533521299,1,0,25,M,RS006,E66.9,99.28,2,3,2,6482051,2024-09-25,2025-04-11,manual,1000000,6.482051
9894391198243675,1,1,6,M,RS006,Z00.0,93.99,1,3,0,5110871,2025-02-25,2025-04-11,manual,700000,7.301244285714286
3999832223991157,0,1,43,F,RS007,Z34.0,73.0,1,3,3,9862713,2024-06-19,2025-04-11,auto,800000,12.32839125
5552238132440421,0,0,16,M,RS006,J00,93.9,2,3,1,5074793,2025-03-27,2025-04-11,auto,500000,10.149586
0649318456777289,1,0,11,F,RS002,H25.9,13.4,2,4,0,5986484,2025-03-07,2025-04-11,manual,7500000,0.7981978666666667
0583205510295886,1,1,65,M,RS009,J00,93.9,1,1,0,925798,2024-08-20,2025-04-11,auto,500000,1.851596
1689262097121732,1,1,5,F,RS004,R10.4,87.09,2,4,0,489971,2024-08-26,2025-04-11,auto,1200000,0.40830916666666667
1391506379480615,0,0,7,M,RS005,I10,99.04,3,4,4,5167464,2025-03-26,2025-04-11,manual,2000000,2.583732
0073075960064860,1,0,46,F,RS005,J45.9,93.96,2,3,2,6389691,2024-05-10,2025-04-11,auto,2300000,2.7781265217391304
4843249552723524,1,1,89,M,RS002,I25.1,99.24,2,3,2,8625994,2024-07-23,2025-04-11,auto,5000000,1.7251988
9478812641087575,0,1,2,M,RS006,E11,99.10,2,2,1,7349504,2025-04-05,2025-04-11,manual,2500000,2.9398016
5702219468271551,1,1,81,F,RS009,N39.0,57.98,3,2,2,2051687,2024-11-01,2025-04-11,auto,2200000,0.932585
0747479228763775,1,1,55,F,RS008,J45.9,93.96,1,2,1,2780844,2024-07-12,2025-04-11,auto,2300000,1.2090626086956522
3808948296098706,1,0,6,M,RS008,J45.9,93.96,1,3,0,6108902,2024-08-14,2025-04-11,auto,2300000,2.656044347826087
8459165639829967,1,0,28,M,RS004,N39.0,57.98,3,3,1,4495395,2024-07-30,2025-04-11,auto,2200000,2.0433613636363637
4818058220758163,1,1,51,F,RS008,J45.9,93.96,3,1,1,1498024,2024-09-04,2025-04-11,manual,2300000,0.6513147826086957
2923959800363212,1,1,15,M,RS007,J18.9,93.94,2,1,2,6982446,2024-11-14,2025-04-11,manual,4200000,1.6624871428571428
8088580042537141,1,1,14,M,RS004,E11,99.10,3,3,0,3712458,2024-04-02,2025-04-11,auto,2500000,1.4849832
4659500056511315,1,1,27,M,RS001,O80,72.0,2,3,2,4798089,2025-02-15,2025-04-11,manual,3500000,1.3708825714285715
5338457848884388,1,1,72,F,RS005,Z34.0,73.0,1,4,3,8398926,2025-01-31,2025-04-11,auto,800000,10.4986575
5684584675729210,1,1,41,M,RS006,M54.5,93.39,3,4,0,4713193,2024-11-06,2025-04-11,manual,1800000,2.6184405555555554
0593813304887826,1,1,25,M,RS001,J00,93.9,3,4,0,411788,2024-07-18,2025-04-12,auto,500000,0.823576
8482799329010249,0,0,62,M,RS010,J00,93.9,2,1,0,1543334,2024-10-29,2025-04-12,auto,500000,3.086668
5429646830831602,0,1,75,F,RS009,O80,72.0,3,1,2,8385198,2024-08-07,2025-04-12,manual,3500000,2.3957708571428573
1448904801933367,1,0,30,M,RS002,J45.9,93.96,3,1,0,2769519,2024-04-01,2025-04-12,manual,2300000,1.204138695652174
8995946517681429,1,0,72,M,RS002,Z00.0,93.99,1,4,0,4117249,2024-12-18,2025-04-12,manual,700000,5.881784285714286
5733366470320008,1,1,41,F,RS005,J00,93.9,3,1,0,8214931,2024-09-20,2025-04-12,auto,500000,16.429862
6742743580318968,0,1,69,F,RS001,A09,45.23,1,2,1,6684080,2024-05-08,2025-04-12,auto,1300000,5.1416
2858522158951699,0,1,12,M,RS008,Z00.0,93.99,3,3,0,3220705,2025-03-31,2025-04-12,manual,700000,4.601007142857143
0662776982427498,1,1,10,M,RS010,R10.4,45.23,3,4,0,5625162,2025-03-03,2025-04-12,manual,1200000,4.687635
5544288486154092,1,1,43,F,RS010,M54.5,93.39,1,2,0,1192092,2024-05-09,2025-04-12,auto,1800000,0.6622733333333334
2345345797656198,1,0,58,M,RS006,K29.7,45.16,1,3,0,4698368,2024-05-16,2025-04-12,auto,1700000,2.763745882352941
1361776136193140,1,1,44,M,RS004,Z00.0,93.99,3,2,0,9536679,2024-10-11,2025-04-12,auto,700000,13.623827142857143
5812723090310377,1,0,63,M,RS010,E11,99.10,3,1,5,8097586,2025-01-29,2025-04-12,manual,2500000,3.2390344
6368083962193216,0,1,85,M,RS004,J45.9,93.96,1,3,1,3707635,2024-11-06,2025-04-12,manual,2300000,1.6120152173913043
1684642255819389,1,1,64,M,RS001,I25.1,36.15,3,2,1,9546937,2024-06-29,2025-04-12,manual,5000000,1.9093874
9389866854122713,1,1,55,M,RS001,Z03.8,93.91,2,4,1,6593694,2024-09-10,2025-04-14,manual,1200000,5.494745
2540420245592927,1,1,36,F,RS007,J00,93.9,1,2,0,840346,2024-11-08,2025-04-14,auto,500000,1.680692
1674421329270506,1,1,40,M,RS005,E11,99.10,2,1,5,8269496,2024-04-18,2025-04-14,auto,2500000,3.3077984
8170344973886523,1,0,81,F,RS002,J00,93.9,3,2,1,658400,2024-08-23,2025-04-14,auto,500000,1.3168
6285827620470206,1,1,86,M,RS007,R10.4,45.23,1,4,0,909419,2024-12-27,2025-04-14,auto,1200000,0.7578491666666667
0026950361518025,1,0,74,M,RS008,R10.4,45.23,2,3,0,1414443,2024-02-16,2025-04-14,manual,1200000,1.1787025
5046753493628548,1,1,76,M,RS007,M54.5,93.39,2,1,1,9609197,2025-03-15,2025-04-14,manual,1800000,5.338442777777778
1144026668555637,1,0,81,M,RS007,M54.5,93.39,2,2,0,2527354,2024-11-20,2025-04-14,manual,1800000,1.4040855555555556
6439513688041679,1,1,42,M,RS008,A09,45.23,3,1,1,7062637,2025-01-08,2025-04-14,manual,1300000,5.432797692307692
6413845228306411,0,1,1,F,RS007,R50.9,99.19,2,2,0,2598383,2024-12-23,2025-04-14,manual,1000000,2.598383
4659131653908156,1,0,58,F,RS004,M54.5,93.39,2,1,0,8705041,2025-01-15,2025-04-14,auto,1800000,4.836133888888889
7818245222117226,1,1,17,F,RS003,I25.1,36.15,1,1,3,6028079,2024-05-04,2025-04-14,auto,5000000,1.2056158
5607717396813968,1,1,40,M,RS008,Z03.8,93.91,2,3,0,4031530,2024-05-30,2025-04-14,manual,1200000,3.3596083333333335
4195888583274760,1,1,24,F,RS004,E66.9,99.28,1,4,2,6167576,2025-02-28,2025-04-15,auto,1000000,6.167576
1871856155345349,1,0,88,M,RS009,Z00.0,93.99,1,2,0,432575,2024-10-03,2025-04-15,auto,700000,0.6179642857142857
0869802130814989,0,1,10,M,RS001,J45.9,93.96,1,3,0,1471002,2024-08-08,2025-04-15,auto,2300000,0.6395660869565217
7889581571818786,1,1,36,F,RS004,N39.0,57.94,2,2,1,974057,2024-09-17,2025-04-15,auto,2200000,0.4427531818181818
1006997502231594,1,0,38,F,RS004,K29.7,45.16,1,4,2,4280321,2025-03-22,2025-04-15,auto,1700000,2.517835882352941
5769397812079250,0,1,44,M,RS008,A09,45.23,2,1,3,454590,2025-01-29,2025-04-15,auto,1300000,0.34968461538461537
9097259862591078,0,0,89,M,RS006,Z34.0,73.0,2,3,2,488583,2024-02-27,2025-04-15,auto,800000,0.61072875
7888242528122755,1,0,55,M,RS001,O80,72.0,3,2,2,9258726,2024-08-15,2025-04-15,auto,3500000,2.6453502857142857
0049974084799674,1,0,30,F,RS007,H25.9,13.1,2,1,1,9513167,2024-10-03,2025-04-15,manual,7500000,1.2684222666666667
2597558266841110,1,1,88,F,RS002,J45.9,93.96,3,2,0,6374186,2025-01-03,2025-04-15,manual,2300000,2.7713852173913045
6151670937396524,1,1,77,M,RS004,Z00.0,93.99,3,3,1,7733535,2025-03-25,2025-04-15,manual,700000,11.047907142857143
1932837844152572,1,1,80,M,RS001,A09,45.23,2,3,0,6821615,2024-03-09,2025-04-15,auto,1300000,5.247396153846154
2272881307634224,0,1,1,F,RS008,O80,72.0,2,3,3,6209134,2024-09-24,2025-04-15,manual,3500000,1.7740382857142858
2691716812957370,0,1,87,F,RS004,J18.9,93.94,3,2,0,1165130,2024-03-04,2025-04-16,auto,4200000,0.27741190476190475
9134199857726285,0,1,13,M,RS001,R50.9,99.19,3,3,0,3125508,2024-07-12,2025-04-16,manual,1000000,3.125508
5556693730990013,0,1,20,M,RS001,I25.1,99.24,2,1,5,3193422,2025-03-08,2025-04-16,auto,5000000,0.6386844
1097973856153604,1,1,42,M,RS001,Z34.0,73.0,2,2,3,5749255,2024-03-01,2025-04-16,auto,800000,7.18656875
1655676763646571,0,0,77,F,RS006,J00,93.9,3,1,3,8699114,2024-02-22,2025-04-16,auto,500000,17.398228
0982327551538289,0,1,87,M,RS004,E11,99.10,2,4,1,8520467,2024-03-01,2025-04-16,manual,2500000,3.4081868
8247383488180687,1,1,28,M,RS009,K21.0,45.16,3,2,1,4685854,2024-11-06,2025-04-16,manual,1400000,3.3470385714285715
2291642173917775,0,1,75,F,RS002,I25.1,36.15,2,4,2,1871195,2024-04-02,2025-04-16,auto,5000000,0.374239
0959440846731639,0,1,89,M,RS004,M54.5,93.39,2,4,0,1995808,2024-07-17,2025-04-16,manual,1800000,1.1087822222222221
1250458991857109,1,0,67,F,RS009,J00,93.9,1,2,1,1325117,2024-10-01,2025-04-16,manual,500000,2.650234
8555516370383420,0,1,44,M,RS004,J45.9,93.96,1,3,0,8122524,2025-03-27,2025-04-16,auto,2300000,3.5315321739130434
9087092647281041,1,1,23,F,RS009,J00,93.9,2,2,0,9814481,2024-12-04,2025-04-16,manual,500000,19.628962
6354837526236711,1,0,38,M,RS002,M54.5,93.39,3,4,0,7574785,2024-05-10,2025-04-16,manual,1800000,4.2082138888888885
2570178347088778,1,0,4,M,RS001,M54.5,93.39,2,2,0,7141921,2025-03-14,2025-04-16,auto,1800000,3.9677338888888887
7737742232257082,0,1,7,M,RS004,M54.5,93.39,1,4,0,1976487,2024-10-31,2025-04-16,auto,1800000,1.0980483333333333
3773502174197737,0,0,60,M,RS010,Z34.0,73.0,1,2,2,9939411,2024-03-11,2025-04-16,auto,800000,12.42426375
8420621456486243,1,1,43,M,RS009,J45.9,93.96,3,1,1,4838054,2024-07-04,2025-04-16,auto,2300000,2.1035017391304347
8795930822768118,0,1,16,M,RS004,I10,99.04,2,4,1,6408600,2024-10-04,2025-04-16,auto,2000000,3.2043
8879723286564966,1,1,84,M,RS006,J18.9,96.04,3,4,3,8448858,2024-07-08,2025-04-16,manual,4200000,2.0116328571428572
8345854329008913,1,1,44,F,RS004,K29.7,45.16,2,3,0,3120856,2024-12-21,2025-04-16,manual,1700000,1.8357976470588235
5863680176511602,1,1,73,F,RS008,A09,45.23,3,3,3,5684151,2024-03-06,2025-04-16,auto,1300000,4.372423846153846
1630372263107499,1,0,81,M,RS007,O80,72.0,2,2,4,2210967,2024-12-25,2025-04-16,auto,3500000,0.6317048571428572
1627168483346554,1,1,47,F,RS010,J18.9,93.94,3,4,0,8392689,2024-10-23,2025-04-17,auto,4200000,1.9982592857142858
7339285024522402,1,1,75,M,RS008,E66.9,99.28,1,4,2,9947922,2024-12-16,2025-04-17,manual,1000000,9.947922
0802369540465812,0,1,76,M,RS001,R50.9,99.19,1,3,0,464577,2025-03-01,2025-04-17,manual,1000000,0.464577
3042648763683951,1,1,86,M,RS005,J00,93.9,3,4,1,7877879,2025-01-30,2025-04-17,manual,500000,15.755758
6427726418346997,1,0,62,M,RS005,J18.9,96.04,1,4,2,6457878,2024-10-17,2025-04-17,manual,4200000,1.53759
7584245698953132,0,1,57,M,RS004,A09,45.23,2,4,2,1611447,2025-03-22,2025-04-17,auto,1300000,1.2395746153846154
2800803433967044,1,1,87,M,RS004,R10.4,87.09,1,4,0,3415126,2024-06-03,2025-04-17,auto,1200000,2.8459383333333332
2988416978253776,1,0,66,M,RS007,N39.0,57.98,3,2,1,3697055,2024-11-30,2025-04-17,auto,2200000,1.6804795454545454
6848019516988740,0,1,1,M,RS008,O80,72.0,1,4,3,2278640,2025-01-04,2025-04-17,manual,3500000,0.4795237142857143
1674421329270506,1,1,40,M,RS005,E11,99.10,2,2,0,6422753,2024-06-05,2025-04-17,auto,2500000,2.5691012
3599352372263208,0,1,28,M,RS008,J18.9,96.04,3,3,0,7641627,2025-04-03,2025-04-17,manual,4200000,1.819435
9805505503767813,1,1,1,M,RS001,J00,93.9,1,1,0,9420151,2024-12-03,2025-04-17,manual,500000,18.840302
3409067444561453,0,0,61,F,RS001,E66.9,99.28,1,3,2,8715734,2025-03-24,2025-04-17,manual,1000000,8.715734
1616504384422484,0,0,83,F,RS003,R10.4,45.23,3,4,2,7397098,2024-03-06,2025-04-17,auto,1200000,6.164248333333333
7011948972527272,1,1,72,M,RS003,J18.9,96.04,1,4,0,7801261,2024-09-20,2025-04-17,manual,4200000,1.8574430952380951
4858548926897241,0,0,6,F,RS006,R10.4,45.23,3,3,0,4494198,2025-02-12,2025-04-17,auto,1200000,3.745165
5516293890481535,1,1,48,F,RS002,J18.9,93.94,1,3,0,7289662,2025-03-11,2025-04-18,manual,4200000,1.7356338095238095
9097259862591078,0,0,89,M,RS006,Z34.0,73.0,3,1,3,7418023,2024-11-26,2025-04-18,auto,800000,9.27252875
1304020365350044,1,1,59,F,RS005,K21.0,45.16,2,3,1,3470222,2025-01-09,2025-04-18,manual,1400000,2.47873
7832241239816722,1,0,4,F,RS007,J45.9,93.96,1,3,1,1616414,2024-05-31,2025-04-18,manual,2300000,0.702788695652174
9355936997744368,1,1,36,F,RS005,J45.9,93.96,2,3,0,2263390,2025-03-08,2025-04-18,auto,2300000,0.9840826086956522
3439461404879970,1,0,44,F,RS002,H25.9,13.5,3,3,0,8006229,2025-02-21,2025-04-18,auto,7500000,1.0674972
6410016264897675,1,1,15,F,RS006,E66.9,99.28,1,3,1,5171473,2024-06-03,2025-04-18,manual,1000000,5.171473
4924563452745917,1,0,76,F,RS007,E66.9,99.28,2,2,0,7125130,2024-11-08,2025-04-18,manual,1000000,7.12513
1602723420690963,1,1,72,M,RS010,M54.5,93.39,2,3,0,3567672,2024-10-29,2025-04-18,manual,1800000,1.98204
4207896064408625,1,1,20,M,RS005,Z03.8,93.91,1,1,0,6758879,2025-02-25,2025-04-18,auto,1200000,5.632399166666667
0470504238383863,1,1,13,M,RS005,M54.5,93.39,2,1,0,2093565,2024-07-01,2025-04-18,auto,1800000,1.1630916666666666
5552763190173433,1,1,2,M,RS008,R50.9,99.19,1,4,0,7540030,2024-10-01,2025-04-18,auto,1000000,7.54003
9536558715127159,1,1,31,F,RS006,J45.9,93.96,1,1,1,6396113,2024-05-30,2025-04-18,manual,2300000,2.780918695652174
2320200927976298,0,0,40,F,RS006,H25.9,13.1,1,4,0,9777647,2024-04-24,2025-04-18,manual,7500000,1.3036862666666666
9098795917075574,1,1,9,F,RS006,E66.9,99.28,1,3,2,970623,2024-10-30,2025-04-18,manual,1000000,0.970623
9803835752365209,0,1,6,F,RS005,H25.9,13.4,2,2,0,5680296,2025-03-05,2025-04-18,manual,7500000,0.7573728
2622200344233010,1,1,44,M,RS003,R10.4,87.09,2,3,0,8272853,2024-12-07,2025-04-19,manual,1200000,6.894044166666666
4124204508930280,1,1,65,M,RS001,Z03.8,93.91,3,3,0,3427566,2025-04-12,2025-04-19,auto,1200000,2.856305
8574599827098542,1,1,38,F,RS010,J18.9,96.04,3,3,0,2733182,2025-04-16,2025-04-19,auto,4200000,0.6507576190476191
4327307733084916,1,0,15,M,RS008,Z00.0,93.99,2,4,0,1387926,2025-02-21,2025-04-19,manual,700000,1.9827514285714285
6462214513185217,1,1,14,M,RS002,H25.9,13.4,3,3,0,1699219,2024-04-25,2025-04-19,auto,7500000,0.22656253333333334
5882313632040384,0,1,13,M,RS006,J45.9,93.96,3,3,0,8193336,2024-11-09,2025-04-19,auto,2300000,3.56232
5694644999777557,1,1,2,F,RS004,A09,45.23,2,4,0,1689233,2025-01-16,2025-04-19,auto,1300000,1.29941
5580130535710605,1,1,24,F,RS010,K29.7,45.16,1,3,0,9668067,2025-02-12,2025-04-19,auto,1700000,5.687098235294117
2465354732665075,0,0,19,M,RS003,O80,72.0,2,3,2,926311,2024-08-24,2025-04-19,manual,3500000,0.26466028571428574
7120676890374026,1,1,67,F,RS003,J18.9,96.04,1,3,2,1686175,2025-03-29,2025-04-19,manual,4200000,0.4014702380952381
2640496712945859,1,1,23,F,RS009,H25.9,13.1,1,1,0,945900,2025-02-04,2025-04-21,manual,7500000,0.12612
1115863278981326,1,1,31,F,RS006,Z34.0,73.0,1,4,2,5833349,2024-10-28,2025-04-21,manual,800000,7.29168625
6222322694942392,1,1,16,M,RS008,K29.7,45.16,1,3,1,4030440,2024-02-03,2025-04-21,auto,1700000,2.3708470588235295
0140430681574890,1,1,44,M,RS006,J00,93.9,3,1,0,9913839,2024-05-02,2025-04-21,manual,500000,19.827678
9447103060373529,0,1,81,M,RS004,M54.5,93.39,3,1,0,2851209,2024-02-05,2025-04-21,manual,1800000,1.584005
7152340647601388,1,1,38,M,RS006,K29.7,45.16,1,2,2,4874570,2025-04-17,2025-04-21,auto,1700000,2.8673941176470588
5234881349321831,1,0,5,M,RS004,Z00.0,93.99,2,3,0,3322462,2025-02-08,2025-04-21,manual,700000,4.746374285714285
6359534663487435,1,0,76,F,RS001,J45.9,93.96,3,2,1,1473871,2024-12-06,2025-04-21,auto,2300000,0.6408134782608695
5448347075366148,0,1,11,F,RS008,R50.9,99.19,3,3,0,6097802,2024-07-16,2025-04-21,auto,1000000,6.097802
3617481897877767,0,1,1,M,RS005,I10,99.04,1,4,2,8363650,2024-07-25,2025-04-21,manual,2000000,4.181825
0759329526027876,1,1,47,F,RS001,Z34.0,73.0,2,1,2,1776860,2024-11-07,2025-04-21,manual,800000,2.221075
6183602084233795,1,1,8,M,RS007,K21.0,45.16,1,4,2,5962717,2024-09-18,2025-04-21,auto,1400000,4.2590835714285715
3611416287189403,1,1,61,F,RS007,A09,45.23,3,2,1,5859339,2025-02-07,2025-04-21,auto,1300000,4.507183846153846
3475767716014049,1,1,19,M,RS004,I25.1,99.24,1,1,1,6427472,2025-04-17,2025-04-21,manual,5000000,1.2854944
2504997695517251,0,1,67,M,RS006,K29.7,45.16,1,2,0,3946058,2024-11-12,2025-04-21,manual,1700000,2.321210588235294
0481068706907292,1,1,90,F,RS004,Z00.0,93.99,2,1,0,8347804,2025-02-05,2025-04-22,auto,700000,11.925434285714285
7068130882293285,0,1,83,F,RS007,K29.7,45.16,3,3,1,509622,2024-12-31,2025-04-22,manual,1700000,0.29977764705882354
7834441145195136,1,0,86,F,RS006,H25.9,13.5,1,2,0,4179239,2024-04-19,2025-04-22,auto,7500000,0.5572318666666667
0356505159155425,1,0,74,M,RS005,A09,45.23,2,1,0,5046358,2024-01-23,2025-04-22,auto,1300000,3.8818138461538463
6672381129694723,1,1,8,F,RS007,M54.5,93.39,3,2,0,4450290,2024-09-26,2025-04-22,auto,1800000,2.472383333333333
9307321830765653,1,0,76,F,RS002,H25.9,13.1,1,3,0,5422029,2024-04-19,2025-04-22,auto,7500000,0.7229372
3099016092292930,0,1,1,M,RS003,Z00.0,93.99,2,3,0,7061633,2025-02-21,2025-04-22,manual,700000,10.088047142857143
3369253369069562,1,1,55,F,RS009,I10,99.04,3,3,2,8549564,2024-10-30,2025-04-22,auto,2000000,4.274782
4850587547042431,1,1,74,F,RS005,E11,99.10,2,4,2,8439122,2024-10-22,2025-04-22,auto,2500000,3.3756488
7124253384282238,0,1,90,F,RS005,J18.9,96.04,1,1,2,1298428,2024-08-10,2025-04-22,auto,4200000,0.3091495238095238
8720720358733450,1,1,15,F,RS007,R10.4,87.09,3,4,0,9628635,2025-03-24,2025-04-22,auto,1200000,8.0238625
7889581571818786,1,1,36,F,RS006,E66.9,99.28,2,3,0,786121,2024-06-11,2025-04-22,manual,1000000,0.786121
6947617368420949,1,1,29,F,RS002,M54.5,93.39,3,3,0,4937528,2024-08-03,2025-04-22,auto,1800000,2.743071111111111
5552763190173433,1,1,2,M,RS008,R50.9,99.19,2,2,0,5983949,2025-03-29,2025-04-23,auto,1000000,5.983949
8282712405092353,1,1,47,M,RS007,Z34.0,73.0,1,2,3,2342128,2024-06-07,2025-04-23,auto,800000,2.92766
2937631950379424,1,1,2,M,RS005,E66.9,99.28,2,4,1,618373,2025-03-25,2025-04-23,manual,1000000,0.618373
4782264168993741,1,1,90,M,RS007,K21.0,45.16,3,1,0,9196953,2024-07-27,2025-04-23,auto,1400000,6.569252142857143
3840187582612808,1,0,16,F,RS010,K21.0,45.16,3,3,1,7241703,2024-10-19,2025-04-23,auto,1400000,5.172645
0699936061516634,1,1,19,M,RS003,N39.0,57.94,1,1,0,4239670,2024-12-26,2025-04-23,manual,2200000,1.9271227272727274
9654713067687872,0,1,79,M,RS009,R50.9,99.19,2,3,0,3556800,2024-10-12,2025-04-23,auto,1000000,3.5568
7458930025627942,1,0,23,F,RS001,E66.9,99.28,3,4,1,5804250,2025-01-10,2025-04-23,auto,1000000,5.80425
0946926151940278,1,1,19,F,RS004,I25.1,99.24,2,4,0,7280845,2024-08-13,2025-04-23,auto,5000000,1.456169
5488594253824256,0,1,64,F,RS006,Z34.0,73.0,2,4,3,3474351,2024-08-06,2025-04-23,auto,800000,4.34293875
8877684967139127,1,1,70,M,RS006,K29.7,45.16,3,4,2,7588700,2025-01-28,2025-04-23,auto,1700000,4.4639411764705885
3409067444561453,0,0,61,F,RS009,E11,99.10,3,4,2,658097,2025-04-01,2025-04-23,auto,2500000,0.2632388
5713917649111565,1,0,22,F,RS004,J18.9,93.94,3,1,0,1723046,2025-01-01,2025-04-23,manual,4200000,0.4102490476190476
4988508825251789,1,1,89,M,RS001,Z34.0,73.0,3,2,3,1842437,2024-09-04,2025-04-23,manual,800000,2.30304625
5321224236188223,1,1,60,F,RS002,Z34.0,73.0,1,4,3,5400216,2024-12-03,2025-04-23,auto,800000,6.75027
4909631322313034,1,1,42,M,RS006,Z00.0,93.99,1,2,0,9217281,2024-05-10,2025-04-23,auto,700000,13.167544285714285
7696011005087758,1,0,18,F,RS006,H25.9,13.5,2,4,0,9288458,2025-02-20,2025-04-23,auto,7500000,1.2384610666666667
2691716812957370,0,1,87,F,RS004,A09,45.23,3,2,0,1385672,2025-01-31,2025-04-24,auto,1300000,1.0659015384615385
7226578348736665,1,1,28,F,RS004,J18.9,93.94,3,2,0,3429270,2024-05-16,2025-04-24,auto,4200000,0.8164928571428571
3358180556372134,0,0,7,F,RS010,O80,72.0,1,2,1,3750411,2024-10-07,2025-04-24,manual,3500000,1.071546
1000910596551954,0,0,70,M,RS002,H25.9,13.1,1,4,0,818470,2024-07-20,2025-04-24,auto,7500000,0.10912933333333333
5798574019483136,0,1,72,M,RS008,E66.9,99.28,1,3,2,3559498,2024-07-18,2025-04-24,auto,1000000,3.559498
6973907079817372,1,1,81,M,RS009,H25.9,13.4,1,1,0,4989569,2025-03-20,2025-04-24,manual,7500000,0.6652758666666667
8577595612094907,1,1,83,F,RS006,H25.9,13.4,1,2,0,7930192,2024-07-19,2025-04-24,manual,7500000,1.0573589333333333
6430366032080682,1,1,73,F,RS007,J45.9,93.96,2,1,0,1251997,2024-05-25,2025-04-24,manual,2300000,0.5443465217391305
6972176147787868,0,0,4,F,RS008,J18.9,93.94,1,1,1,4960421,2024-11-07,2025-04-24,auto,4200000,1.1810526190476192
8238051599047689,1,1,74,F,RS001,J18.9,93.94,3,3,0,7691631,2025-04-08,2025-04-24,manual,4200000,1.8313407142857143
4015893336898934,0,1,30,F,RS001,I10,99.04,2,1,3,8513339,2024-10-03,2025-04-24,auto,2000000,4.2566695
8219600145167686,1,1,28,M,RS009,I10,99.04,1,2,3,8807583,2024-04-25,2025-04-24,manual,2000000,4.4037915
7369417750167669,1,0,63,F,RS004,Z00.0,93.99,1,3,0,7914278,2025-02-03,2025-04-24,auto,700000,11.306111428571429
4150966194478088,1,1,73,M,RS003,H25.9,13.4,3,4,0,6287646,2024-12-07,2025-04-24,auto,7500000,0.8383528
3818358499646171,0,0,54,M,RS010,J18.9,96.04,2,4,0,5338125,2024-07-13,2025-04-25,auto,4200000,1.2709821428571428
4570524771060589,1,0,69,F,RS006,J00,93.9,3,2,2,6476415,2024-02-03,2025-04-25,auto,500000,12.95283
7603906721002568,1,1,70,M,RS007,J00,93.9,3,1,1,9651462,2024-09-05,2025-04-25,auto,500000,19.302924
2796418229273656,0,1,19,M,RS010,I25.1,36.15,2,3,1,9762604,2025-03-08,2025-04-25,auto,5000000,1.9525208
4782264168993741,1,1,90,M,RS007,K21.0,45.16,1,4,3,3085534,2024-08-22,2025-04-25,manual,1400000,2.2039528571428573
1674421329270506,1,1,40,M,RS005,E11,99.10,3,1,1,1154605,2025-02-14,2025-04-25,auto,2500000,0.461842
2937631950379424,1,1,2,M,RS005,E66.9,99.28,3,2,2,4032086,2025-01-28,2025-04-25,auto,1000000,4.032086
0203488158070261,1,1,47,M,RS003,O80,72.0,1,2,1,6248906,2025-01-29,2025-04-25,manual,3500000,1.7854017142857144
3716865859988263,1,1,89,F,RS003,J18.9,96.04,2,1,0,5332739,2024-08-06,2025-04-25,manual,4200000,1.2696997619047619
7915765655931487,0,1,80,M,RS010,A09,45.23,3,4,2,8615405,2024-05-04,2025-04-25,auto,1300000,6.627234615384616
1508223826555396,1,1,79,F,RS004,E11,99.10,2,1,2,2929027,2025-01-30,2025-04-25,auto,2500000,1.1716108
3409067444561453,0,0,61,F,RS001,E66.9,99.28,3,3,1,569279,2024-09-27,2025-04-25,manual,1000000,0.569279
6132685031531868,1,1,88,M,RS007,N39.0,57.98,3,4,2,8869974,2024-04-26,2025-04-25,manual,2200000,4.031806363636363
3079714227567589,0,1,1,M,RS007,Z00.0,93.99,3,3,1,2275282,2025-04-15,2025-04-25,manual,700000,3.250402857142857
1798148529728394,1,1,61,F,RS006,A09,45.23,3,2,1,2972244,2024-12-19,2025-04-25,manual,1300000,2.2863415384615386
5148252126513267,1,1,73,M,RS003,K21.0,45.16,2,3,0,855082,2025-02-12,2025-04-25,manual,1400000,0.6107728571428571
4336979296302095,1,1,37,F,RS003,K21.0,45.16,1,3,2,1228421,2024-03-25,2025-04-26,auto,1400000,0.8774435714285714
2306964404811575,1,1,29,F,RS005,E66.9,99.28,1,1,2,8691134,2025-02-03,2025-04-26,auto,1000000,8.691134
2452498976287226,1,1,78,F,RS007,O80,72.0,1,1,2,3764174,2025-04-16,2025-04-26,auto,3500000,1.0754782857142857
8747843473834454,0,0,83,M,RS001,A09,45.23,2,1,0,2915922,2024-07-17,2025-04-26,auto,1300000,2.2430169230769232
6638458907451555,1,1,24,F,RS005,Z34.0,73.0,3,4,1,5856903,2024-10-10,2025-04-26,manual,800000,7.32112875
3975033264938899,1,1,71,M,RS007,J00,93.9,2,3,0,507619,2024-01-13,2025-04-26,manual,500000,1.015238
9395873787778140,1,1,26,M,RS009,M54.5,93.39,2,2,0,627633,2025-03-27,2025-04-26,auto,1800000,0.348685
0858583419393429,1,0,31,M,RS006,A09,45.23,2,3,0,5844637,2024-04-01,2025-04-26,manual,1300000,4.495874615384615
8293162941679847,1,1,77,M,RS008,J00,93.9,3,1,0,2733278,2025-04-01,2025-04-26,auto,500000,5.466556
4813161534313995,1,1,86,F,RS002,O80,72.0,3,4,3,7411214,2025-03-31,2025-04-26,auto,3500000,2.117489714285714
6655955791568020,1,0,23,F,RS004,R50.9,99.19,1,3,0,3827133,2025-04-03,2025-04-28,auto,1000000,3.827133
7287904563061130,1,1,30,F,RS003,M54.5,93.39,2,2,1,1224641,2024-09-02,2025-04-28,auto,1800000,0.6803561111111112
5380818416306672,1,1,72,F,RS009,M54.5,93.39,2,2,1,8421780,2025-02-13,2025-04-28,auto,1800000,4.678766666666666
8781246900882806,1,1,90,M,RS001,I25.1,36.15,1,3,2,3733088,2025-04-18,2025-04-28,manual,5000000,0.7466176
9035988094969622,1,1,89,F,RS005,A09,45.23,1,2,0,690204,2024-02-22,2025-04-28,manual,1300000,0.5309261538461538
4570723345505603,1,1,41,F,RS002,M54.5,93.39,1,1,0,5838786,2024-02-05,2025-04-28,manual,1800000,3.24377
8008259229461849,1,1,25,F,RS009,K29.7,45.16,2,1,2,9597768,2025-01-03,2025-04-28,manual,1700000,5.645745882352942
8966805201641659,1,0,28,M,RS001,Z34.0,73.0,2,4,1,4280896,2024-07-11,2025-04-28,auto,800000,5.35112
5812723090310377,1,0,63,M,RS010,E66.9,99.28,1,3,1,9104493,2025-03-03,2025-04-28,manual,1000000,9.104493
6565386733207819,1,1,11,F,RS003,I25.1,99.24,3,3,5,444943,2025-01-20,2025-04-28,manual,5000000,0.0889886
0853312808902937,1,0,21,F,RS005,E11,99.10,3,1,2,8130046,2024-04-13,2025-04-28,manual,2500000,3.2520184
9460133744519164,0,1,39,F,RS007,E11,99.10,2,1,1,5888487,2024-07-25,2025-04-28,manual,2500000,2.3553948
1935434997109001,1,0,63,M,RS003,J00,93.9,2,3,0,540169,2024-08-29,2025-04-28,manual,500000,1.080338
4818058220758163,1,1,51,F,RS008,J45.9,93.96,1,2,1,4412272,2024-08-26,2025-04-28,auto,2300000,1.9183791304347826
1804694688765683,1,1,48,M,RS005,Z03.8,93.91,1,1,0,6606959,2025-03-03,2025-04-29,manual,1200000,5.505799166666667
3344512280938618,1,0,72,F,RS005,M54.5,93.39,1,3,1,1719502,2024-07-02,2025-04-29,manual,1800000,0.9552788888888889
6783988416654665,1,1,73,M,RS009,H25.9,13.5,3,1,0,3936896,2025-03-20,2025-04-29,manual,7500000,0.5249194666666667
9282809206358195,1,1,11,F,RS002,A09,45.23,2,1,0,1647828,2024-10-04,2025-04-29,manual,1300000,1.26756
8903231696484346,1,0,72,F,RS010,K21.0,45.16,1,1,1,6220070,2025-01-29,2025-04-29,manual,1400000,4.442907142857143
5487835463022599,1,1,86,F,RS008,J00,93.9,1,1,0,9844121,2024-02-15,2025-04-29,manual,500000,19.688242
3365989046032572,1,1,72,F,RS008,J18.9,96.04,3,4,0,1979459,2024-12-21,2025-04-29,auto,4200000,0.4712997619047619
0747479228763775,1,1,55,F,RS008,J45.9,93.96,2,4,1,7831363,2024-06-21,2025-04-29,manual,2300000,3.404940434782609
4570021552410028,1,1,49,F,RS007,J00,93.9,2,2,1,7124847,2024-10-04,2025-04-29,manual,500000,14.249694
6282537592461841,0,0,34,M,RS010,J45.9,93.96,2,1,0,7133911,2024-11-13,2025-04-29,auto,2300000,3.1017004347826087
1730922787057384,1,1,63,F,RS005,I25.1,99.24,3,4,1,9308348,2025-04-11,2025-04-29,auto,5000000,1.8616696
3779154468471657,1,1,32,M,RS003,E66.9,99.28,2,4,3,4495044,2025-01-18,2025-04-29,manual,1000000,4.495044
6405191332366031,1,1,70,F,RS004,O80,72.0,3,4,3,4380478,2025-03-25,2025-04-29,manual,3500000,1.2515651428571428
7618868280948861,1,0,28,F,RS006,I25.1,99.24,2,3,4,518803,2024-12-18,2025-04-29,manual,5000000,0.1037606
1112450439366337,1,0,60,F,RS002,R10.4,87.09,1,1,0,570631,2025-03-08,2025-04-30,auto,1200000,0.4755258333333333
5019660706350533,0,1,70,F,RS010,R50.9,99.19,2,2,0,9099800,2025-01-17,2025-04-30,manual,1000000,9.0998
6030927872148976,1,1,7,F,RS006,J45.9,93.96,3,4,1,8165578,2024-12-05,2025-04-30,manual,2300000,3.550251304347826
2465354732665075,0,0,19,M,RS006,O80,72.0,3,3,1,910501,2024-05-22,2025-04-30,auto,3500000,0.26014314285714285
3339973951529335,1,1,83,F,RS004,K21.0,45.16,1,3,0,8592586,2024-02-12,2025-04-30,manual,1400000,6.137561428571429
1672802152180429,1,1,37,M,RS001,I10,99.04,2,1,2,1362299,2024-06-05,2025-04-30,manual,2000000,0.6811495
5455179536258516,1,1,40,F,RS010,R10.4,45.23,2,1,0,6371386,2025-03-15,2025-04-30,manual,1200000,5.309488333333333
9031034793383396,0,1,53,F,RS010,M54.5,93.39,2,3,0,7412172,2024-10-04,2025-04-30,auto,1800000,4.117873333333334
6565386733207819,1,1,11,F,RS003,I25.1,99.24,2,4,4,7772604,2024-06-07,2025-04-30,manual,5000000,1.5545208
1763220919000488,1,1,5,F,RS006,O80,72.0,3,1,4,662160,2025-03-06,2025-04-30,auto,3500000,0.18918857142857143
8685167806148693,1,1,5,F,RS003,O80,72.0,3,1,4,9317969,2025-03-25,2025-04-30,manual,3500000,2.662276857142857
9954209095051036,1,1,88,M,RS004,Z34.0,73.0,2,1,2,3455932,2025-02-25,2025-04-30,manual,800000,4.319915
9985542567456655,1,1,41,M,RS005,H25.9,13.4,2,1,1,5880666,2024-11-28,2025-04-30,auto,7500000,0.7840888
3540558533947041,1,1,60,M,RS002,R10.4,45.23,1,4,0,3335064,2024-02-23,2025-04-30,manual,1200000,2.77922
7011948972527272,1,1,72,M,RS003,J18.9,93.94,1,3,1,3314331,2025-02-19,2025-04-30,auto,4200000,0.7891264285714286
9010037710673769,1,1,48,F,RS002,J45.9,93.96,1,1,2,3442834,2024-06-04,2025-04-30,manual,2300000,1.496884347826087
0871431231304485,1,1,40,M,RS003,E66.9,99.28,2,1,2,8276566,2024-09-26,2025-04-30,auto,1000000,8.276566
2066691137652819,1,1,16,M,RS003,K21.0,45.16,2,1,1,4336496,2024-07-23,2025-04-30,manual,1400000,3.0974971428571427
7917852985551246,0,0,4,F,RS001,J18.9,93.94,2,4,1,3562049,2024-09-20,2025-05-01,auto,4200000,0.8481069047619048
7356070297812652,1,1,71,M,RS008,J18.9,93.94,2,2,0,3563733,2025-02-04,2025-05-01,manual,4200000,0.8485078571428571
1564957148400074,0,0,72,M,RS009,O80,72.0,3,3,4,8675604,2025-04-25,2025-05-01,manual,3500000,2.478744
0271055334971125,0,1,68,M,RS010,K21.0,45.16,3,1,1,9861681,2024-11-15,2025-05-01,auto,1400000,7.044057857142857
3311804666529293,1,0,41,F,RS010,O80,72.0,3,1,4,3171342,2024-07-05,2025-05-01,manual,3500000,0.9060977142857143
7991896135964677,1,0,23,M,RS009,J18.9,93.94,2,2,0,7401779,2025-04-07,2025-05-01,manual,4200000,1.7623283333333333
7626748403754406,1,1,43,F,RS001,Z34.0,73.0,3,3,3,3516992,2024-10-28,2025-05-01,auto,800000,4.39624
3975033264938899,1,1,71,M,RS007,J00,93.9,1,1,0,1147732,2025-04-15,2025-05-01,manual,500000,2.295464
6870740317422122,1,1,58,M,RS001,I25.1,99.24,1,3,4,3555656,2024-10-01,2025-05-01,auto,5000000,0.7111312
9925017485138222,1,1,56,M,RS009,I25.1,36.15,2,3,2,2230714,2024-06-08,2025-05-01,manual,5000000,0.4461428
3532614438581840,0,0,30,M,RS003,Z34.0,73.0,1,3,2,2632190,2024-12-11,2025-05-01,auto,800000,3.2902375
3160728153550173,0,1,87,F,RS010,O80,72.0,1,3,1,7353921,2024-04-15,2025-05-01,manual,3500000,2.101120285714286
3245684556103441,0,0,54,F,RS003,E11,99.10,1,1,0,9116974,2024-06-17,2025-05-01,auto,2500000,3.6467896
7075201684049550,0,1,75,F,RS010,J18.9,96.04,1,4,0,6685381,2024-09-18,2025-05-01,manual,4200000,1.591757380952381
7744547414875528,1,1,15,M,RS006,Z34.0,73.0,3,4,3,4053155,2024-06-12,2025-05-02,auto,800000,5.06644375
3769717711983368,1,1,39,F,RS002,Z03.8,93.91,3,1,1,6641162,2025-02-21,2025-05-02,auto,1200000,5.534301666666667
2171050541740581,1,1,71,M,RS003,M54.5,93.39,2,1,1,1971041,2024-02-23,2025-05-02,manual,1800000,1.0950227777777777
1630372263107499,1,0,81,M,RS007,O80,72.0,3,1,3,8613185,2024-12-19,2025-05-02,auto,3500000,2.46091
1320383327716598,0,1,38,M,RS006,E66.9,99.28,3,1,3,6392123,2024-09-03,2025-05-02,manual,1000000,6.392123
1368794128349689,1,1,61,F,RS008,Z00.0,93.99,3,3,2,4651820,2025-04-08,2025-05-02,manual,700000,6.6454571428571425
2289532428646017,1,1,23,M,RS009,J00,93.9,1,1,0,8078371,2024-12-23,2025-05-02,manual,500000,16.156742
0612598515468775,1,1,19,M,RS001,Z34.0,73.0,1,2,2,6559121,2024-09-21,2025-05-02,auto,800000,8.19890125
7652027525984731,1,1,45,M,RS006,I10,99.04,3,4,2,6743842,2024-10-26,2025-05-02,auto,2000000,3.371921
2088186843718702,1,1,20,M,RS005,J00,93.9,3,3,1,6889109,2025-02-19,2025-05-02,auto,500000,13.778218
9182026814500775,0,1,30,M,RS001,H25.9,13.1,1,4,0,1635250,2024-09-14,2025-05-02,manual,7500000,0.21803333333333333
5046753493628548,1,1,76,M,RS007,M54.5,93.39,1,2,0,1117205,2025-04-02,2025-05-02,manual,1800000,0.6206694444444445
1313611684213715,1,1,9,M,RS007,O80,72.0,3,1,2,9772361,2024-05-30,2025-05-02,manual,3500000,2.792103142857143
5451421936532868,1,1,86,M,RS008,O80,72.0,1,4,4,5474063,2025-03-11,2025-05-02,manual,3500000,1.564018
7017125485426760,0,1,55,F,RS005,R10.4,87.09,3,3,0,7695368,2025-03-15,2025-05-02,manual,1200000,6.4128066666666665
8728439225752919,1,1,86,F,RS010,R10.4,87.09,1,4,1,7443681,2024-07-02,2025-05-03,manual,1200000,6.2030675
5552763190173433,1,1,2,M,RS008,R10.4,87.09,2,2,0,4054200,2024-05-14,2025-05-03,manual,1200000,3.3785
5019660706350533,0,1,70,F,RS010,R50.9,99.19,2,3,0,7447118,2024-05-15,2025-05-03,manual,1000000,7.447118
8175660262711503,0,1,87,M,RS010,R10.4,45.23,1,4,0,5874913,2024-02-02,2025-05-03,manual,1200000,4.895760833333333
8487736117681364,0,1,45,F,RS002,R10.4,45.23,2,4,0,589262,2024-01-19,2025-05-03,auto,1200000,0.49105166666666666
0926870718558999,1,1,43,F,RS009,Z34.0,73.0,1,1,3,5070752,2024-09-03,2025-05-03,auto,800000,6.33844
8119327786155571,1,0,73,F,RS009,K29.7,45.16,3,1,1,841245,2025-01-21,2025-05-03,auto,1700000,0.49485
1179675100857489,0,1,21,M,RS001,K21.0,45.16,1,4,2,2838702,2024-06-15,2025-05-03,manual,1400000,2.0276442857142856
4002087590544944,0,1,46,F,RS008,N39.0,57.94,2,2,2,433456,2025-02-07,2025-05-03,manual,2200000,0.19702545454545456
5479389938873171,1,0,39,M,RS008,R50.9,99.19,2,3,0,2839249,2024-10-11,2025-05-03,manual,1000000,2.839249
5982381906123751,1,1,30,M,RS002,K29.7,45.16,1,2,0,1480565,2024-04-03,2025-05-03,auto,1700000,0.8709205882352942
7182473329903077,1,1,18,M,RS002,N39.0,57.98,1,1,2,1243672,2024-04-05,2025-05-03,manual,2200000,0.5653054545454546
2320546260898625,1,1,65,M,RS001,R10.4,45.23,2,3,0,4946356,2024-05-25,2025-05-03,auto,1200000,4.121963333333333
6707844389464178,1,0,6,F,RS002,Z00.0,93.99,3,3,0,8348183,2024-02-29,2025-05-03,auto,700000,11.925975714285714
0187271950090291,1,1,80,M,RS010,K21.0,45.16,2,2,2,2067134,2024-07-26,2025-05-03,manual,1400000,1.4765242857142857
7484628441388237,0,1,12,F,RS004,E66.9,99.28,3,4,1,4258950,2024-01-23,2025-05-03,auto,1000000,4.25895
0302990690908133,1,1,90,M,RS001,H25.9,13.1,2,3,0,9457041,2024-02-16,2025-05-03,manual,7500000,1.2609388
6372779779414876,1,0,64,M,RS001,K21.0,45.16,1,4,2,9982845,2024-12-30,2025-05-03,auto,1400000,7.130603571428572
2085565637037701,1,1,88,F,RS002,R50.9,99.19,2,3,0,8504077,2025-03-05,2025-05-03,auto,1000000,8.504077
0771642427613130,1,1,40,F,RS008,J18.9,96.04,2,4,2,8734177,2024-08-06,2025-05-03,auto,4200000,2.0795659523809524
7017525309747504,0,0,37,M,RS002,J00,93.9,1,3,1,3360498,2024-12-18,2025-05-05,auto,500000,6.720996
1588339970503141,0,1,76,F,RS006,A09,45.23,3,2,2,2991010,2024-07-03,2025-05-05,auto,1300000,2.3007769230769233
5527833282924630,1,1,90,M,RS010,R50.9,99.19,2,2,0,3302371,2025-04-15,2025-05-05,auto,1000000,3.302371
9603082917161492,1,1,33,F,RS003,J45.9,93.96,1,3,0,851922,2025-04-10,2025-05-05,auto,2300000,0.3704008695652174
8074272655952659,0,1,52,M,RS003,E66.9,99.28,2,3,1,9888121,2025-05-01,2025-05-05,manual,1000000,9.888121
3237797253149966,0,1,25,F,RS002,Z03.8,93.91,1,4,0,6941784,2025-03-27,2025-05-05,auto,1200000,5.78482
9922832200918599,1,1,29,F,RS009,R50.9,99.19,2,3,0,2075364,2024-02-13,2025-05-05,auto,1000000,2.075364
1000910596551954,0,0,70,M,RS002,H25.9,13.4,3,1,1,1480434,2025-03-25,2025-05-05,auto,7500000,0.1973912
5562659195568358,1,1,43,M,RS008,J00,93.9,1,3,0,9478781,2024-07-29,2025-05-05,manual,500000,18.957562
6723026238887574,1,1,57,M,RS004,J00,93.9,1,1,2,9179314,2024-02-14,2025-05-05,manual,500000,18.358628
2566203662555990,1,0,78,F,RS005,I10,99.04,3,3,4,3629547,2025-03-21,2025-05-05,auto,2000000,1.8147735
0302990690908133,1,1,90,M,RS001,H25.9,13.5,1,2,0,1641159,2025-03-21,2025-05-05,auto,7500000,0.2188212
9031034793383396,0,1,53,F,RS010,M54.5,93.39,1,4,1,7082928,2024-07-29,2025-05-05,manual,1800000,3.93496
1277710361889920,1,0,53,M,RS007,Z03.8,93.91,2,3,0,2670095,2024-10-16,2025-05-05,manual,1200000,2.2250791666666667
4312680510853371,1,0,76,F,RS008,J45.9,93.96,3,4,3,6939393,2024-08-30,2025-05-05,manual,2300000,3.017127391304348
1201721208675463,1,0,4,M,RS004,Z03.8,93.91,1,4,0,3070019,2024-12-03,2025-05-05,auto,1200000,2.5583491666666665
6583366839778417,1,1,8,M,RS008,M54.5,93.39,3,3,1,6352967,2025-01-01,2025-05-05,manual,1800000,3.529426111111111
7207549938730121,0,1,55,M,RS006,K21.0,45.16,1,3,0,7063210,2024-12-12,2025-05-06,auto,1400000,5.04515
2670287680681170,1,1,43,M,RS004,O80,72.0,3,4,2,9161998,2024-11-20,2025-05-06,auto,3500000,2.6177137142857143
9393823443913568,0,1,8,M,RS008,I25.1,36.15,2,4,3,9739397,2025-03-21,2025-05-06,manual,5000000,1.9478794
4216890962521381,1,1,67,F,RS009,K21.0,45.16,3,4,0,966383,2025-04-07,2025-05-06,auto,1400000,0.6902735714285714
1144026668555637,1,0,81,M,RS007,M54.5,93.39,3,3,0,8611655,2025-01-20,2025-05-06,manual,1800000,4.784252777777778
0524849759093907,1,1,50,F,RS004,A09,45.23,2,3,0,7375191,2025-01-15,2025-05-06,auto,1300000,5.673223846153846
8564399231945722,1,1,83,M,RS003,M54.5,93.39,3,2,0,5999079,2024-03-18,2025-05-06,auto,1800000,3.332821666666667
0311932774169365,0,1,74,F,RS006,J00,93.9,2,2,0,3003300,2025-05-03,2025-05-06,auto,500000,6.0066
5999538563978468,1,1,33,M,RS006,Z03.8,93.91,1,4,0,7279609,2025-04-02,2025-05-06,manual,1200000,6.066340833333333
8672465786135253,1,1,57,F,RS001,H25.9,13.1,3,3,0,6662672,2024-12-05,2025-05-06,auto,7500000,0.8883562666666667
8420807372907986,0,1,37,F,RS009,H25.9,13.1,2,3,0,1451960,2024-05-13,2025-05-06,manual,7500000,0.19359466666666666
0838203725807919,1,1,10,M,RS010,I10,99.04,2,4,4,3111521,2025-02-25,2025-05-06,manual,2000000,1.5557605
8507871722212911,1,0,54,M,RS004,I25.1,36.15,2,2,1,2039066,2025-03-08,2025-05-06,auto,5000000,0.4078132
8879723286564966,1,1,84,M,RS006,J18.9,93.94,3,1,1,6845065,2024-11-20,2025-05-06,manual,4200000,1.629777380952381
3360391963575311,0,1,28,F,RS001,J00,93.9,1,1,0,7750365,2025-01-15,2025-05-06,manual,500000,15.50073
9313949562801722,1,1,53,F,RS008,H25.9,13.5,3,4,0,9536993,2024-09-02,2025-05-06,manual,7500000,1.2715990666666668
3076636346937053,1,0,3,M,RS009,M54.5,93.39,3,4,1,1619967,2025-05-02,2025-05-06,auto,1800000,0.8999816666666667
4938553777748088,1,1,11,M,RS010,I10,99.04,1,2,3,6095442,2025-05-02,2025-05-06,auto,2000000,3.047721
3727989503261230,1,1,82,M,RS004,K21.0,45.16,3,1,2,4158751,2025-02-24,2025-05-06,manual,1400000,2.9705364285714286
8259449936742787,1,1,72,M,RS004,N39.0,57.94,3,2,2,8217684,2024-07-26,2025-05-06,auto,2200000,3.735310909090909
9493247457207057,1,1,17,M,RS005,Z34.0,73.0,2,1,2,5498378,2024-08-27,2025-05-07,manual,800000,6.8729725
9010037710673769,1,1,48,F,RS002,J00,93.9,2,3,1,7602613,2024-12-24,2025-05-07,auto,500000,15.205226
7124253384282238,0,1,90,F,RS005,J45.9,93.96,1,3,0,7757933,2025-03-01,2025-05-07,manual,2300000,3.373014347826087
1632778114375289,0,1,89,M,RS009,Z03.8,93.91,3,4,0,3915823,2025-03-10,2025-05-07,auto,1200000,3.2631858333333335
0858583419393429,1,0,31,M,RS006,A09,45.23,1,1,2,8097831,2024-02-10,2025-05-07,manual,1300000,6.22910076923077
8344414157880930,1,1,17,F,RS001,I10,99.04,1,3,3,4394916,2025-04-24,2025-05-07,auto,2000000,2.197458
1869366304469810,0,1,66,M,RS002,E11,99.10,1,3,2,2652360,2025-03-24,2025-05-07,auto,2500000,1.060944
5514692385708093,1,1,36,M,RS008,K21.0,45.16,3,3,0,8194969,2025-02-08,2025-05-07,manual,1400000,5.853549285714286
0561200547542228,0,0,60,M,RS005,K21.0,45.16,1,1,0,2629633,2025-03-05,2025-05-07,manual,1400000,1.8783092857142858
2270053787197770,0,0,74,F,RS009,J45.9,93.96,2,4,1,4819121,2024-10-23,2025-05-07,auto,2300000,2.09527
7395836130859090,1,1,29,M,RS002,E11,99.10,1,3,1,6893930,2025-01-22,2025-05-07,auto,2500000,2.757572
9527515718531974,1,1,59,M,RS003,M54.5,93.39,3,4,0,8514386,2024-01-06,2025-05-08,auto,1800000,4.730214444444444
5460138326649983,1,0,47,F,RS001,J00,93.9,2,2,0,6644673,2024-10-14,2025-05-08,manual,500000,13.289346
8363309349833107,1,1,66,F,RS005,K21.0,45.16,1,2,0,3929091,2025-03-14,2025-05-08,auto,1400000,2.8064935714285713
2291642173917775,0,1,75,F,RS002,I25.1,99.24,1,1,4,5088302,2024-11-08,2025-05-08,auto,5000000,1.0176604
3127052948173669,1,1,89,M,RS004,K29.7,45.16,2,2,2,9812072,2024-07-27,2025-05-08,auto,1700000,5.771807058823529
3986029374732558,1,0,73,M,RS008,O80,72.0,2,2,3,6959748,2024-04-13,2025-05-08,auto,3500000,1.9884994285714286
6728476446379065,1,0,12,M,RS003,H25.9,13.1,3,2,0,4758572,2024-10-07,2025-05-08,auto,7500000,0.6344762666666667
9270727056704384,1,1,76,M,RS005,R10.4,87.09,2,1,0,9390272,2024-05-29,2025-05-08,auto,1200000,7.8252266666666666
9004069315388532,1,1,31,M,RS006,J00,93.9,2,3,0,7874675,2024-07-25,2025-05-08,manual,500000,15.74935
0561200547542228,0,0,60,M,RS005,K21.0,45.16,2,2,1,3702203,2024-09-24,2025-05-08,manual,1400000,2.6444307142857144
4002087590544944,0,1,46,F,RS010,N39.0,57.94,1,3,3,8732306,2025-02-13,2025-05-08,auto,2200000,3.96923
1124148893738432,1,1,35,M,RS004,R10.4,45.23,2,2,1,7867649,2024-07-19,2025-05-08,auto,1200000,6.556374166666667
2067327823551775,1,1,40,F,RS008,R10.4,87.09,3,2,1,8139733,2025-02-12,2025-05-08,auto,1200000,6.783110833333334
7926264611846985,0,1,66,M,RS009,Z00.0,93.99,2,3,0,629238,2025-01-07,2025-05-08,manual,700000,0.8989114285714286
6799403522212861,1,1,70,M,RS001,O80,72.0,3,4,3,4950575,2025-01-30,2025-05-08,manual,3500000,1.41445
1284714726951048,1,1,22,M,RS002,A09,45.23,1,2,1,4985093,2025-04-25,2025-05-08,auto,1300000,3.834686923076923
7395836130859090,1,1,29,M,RS002,E66.9,99.28,3,4,2,9677918,2024-06-24,2025-05-08,auto,1000000,9.677918
3931770696109976,1,0,19,M,RS004,E11,99.10,3,1,1,3332426,2024-03-01,2025-05-08,auto,2500000,1.3329704
3499567306281678,0,1,66,F,RS002,M54.5,93.39,1,3,0,6084378,2024-06-10,2025-05-08,auto,1800000,3.38021
9544822182508197,1,0,2,M,RS002,H25.9,13.4,2,2,1,5071559,2024-10-08,2025-05-09,auto,7500000,0.6762078666666667
7395836130859090,1,1,29,M,RS002,E11,99.10,1,4,4,6491457,2024-06-13,2025-05-09,auto,2500000,2.5965828
0313004035377088,1,1,44,M,RS003,J18.9,93.94,1,1,1,3207383,2024-11-14,2025-05-09,manual,4200000,0.763662619047619
3020858870331944,0,1,61,F,RS004,R50.9,99.19,3,1,0,9030943,2024-04-09,2025-05-09,auto,1000000,9.030943
8807876339093834,1,1,31,F,RS001,O80,72.0,1,4,3,7101624,2024-04-12,2025-05-09,auto,3500000,2.0290354285714285
4657195907441934,0,1,90,F,RS008,N39.0,57.94,1,2,0,3513096,2025-04-10,2025-05-09,auto,2200000,1.5968618181818182
6294636969505306,1,1,47,F,RS007,A09,45.23,1,3,2,4572432,2025-01-22,2025-05-09,auto,1300000,3.5172553846153845
3726747116370957,1,1,17,M,RS006,Z00.0,93.99,3,4,2,8426851,2025-01-06,2025-05-09,manual,700000,12.03835857142857
6342408048979301,0,1,31,M,RS010,R50.9,99.19,3,1,0,8830523,2024-04-24,2025-05-09,auto,1000000,8.830523
7845021326359850,1,0,65,F,RS007,R10.4,87.09,1,4,2,8273923,2024-09-02,2025-05-09,auto,1200000,6.894935833333333
4653360519755402,1,0,8,F,RS003,J45.9,93.96,3,4,0,9407402,2024-09-14,2025-05-09,manual,2300000,4.090174782608695
7737742232257082,0,1,7,M,RS004,M54.5,93.39,1,1,1,7262237,2024-02-26,2025-05-09,auto,1800000,4.034576111111111
2505414362685154,0,1,18,F,RS003,M54.5,93.39,2,2,1,3921984,2024-05-31,2025-05-09,manual,1800000,2.17888
7339285024522402,1,1,75,M,RS008,J18.9,93.94,2,1,0,5885608,2024-06-03,2025-05-09,auto,4200000,1.4013352380952382
5585057886922438,0,1,67,F,RS001,J45.9,93.96,1,3,0,4208724,2025-04-05,2025-05-09,manual,2300000,1.82988
1888765689286674,0,1,71,F,RS002,N39.0,57.98,2,3,1,5207328,2025-02-24,2025-05-09,manual,2200000,2.3669672727272726
3056804343884664,0,1,37,M,RS008,K21.0,45.16,1,2,2,2276639,2025-02-10,2025-05-09,auto,1400000,1.6261707142857142
5556693730990013,0,1,20,M,RS001,I25.1,99.24,2,3,2,4644095,2025-02-07,2025-05-09,manual,5000000,0.928819
9993700786535779,1,1,6,F,RS008,J18.9,93.94,2,4,3,2686941,2024-05-30,2025-05-09,auto,4200000,0.6397478571428571
3164222684055563,1,1,21,F,RS005,E66.9,99.28,1,2,2,4729483,2024-08-22,2025-05-09,auto,1000000,4.729483
5791777114261611,1,0,90,F,RS003,A09,45.23,2,4,1,3237616,2025-04-05,2025-05-09,manual,1300000,2.4904738461538463
4755371297003609,1,0,26,M,RS007,R50.9,99.19,2,1,0,5471136,2025-02-07,2025-05-09,manual,1000000,5.471136
5784937413457399,0,0,39,M,RS003,Z34.0,73.0,3,1,1,853181,2024-09-09,2025-05-09,auto,800000,1.06647625
8154295045098397,1,1,34,F,RS007,Z34.0,73.0,2,4,2,2093245,2024-05-14,2025-05-09,auto,800000,2.61655625
7543249735035842,1,0,52,F,RS008,J45.9,93.96,1,1,0,2396475,2025-03-05,2025-05-09,manual,2300000,1.041945652173913
8065455886268070,0,0,62,M,RS006,R10.4,45.23,1,4,0,8704127,2025-01-28,2025-05-09,manual,1200000,7.253439166666666
6081450729362168,1,0,15,M,RS004,I25.1,99.24,3,4,2,3158853,2025-01-31,2025-05-09,auto,5000000,0.6317706
4326153333530433,0,0,69,M,RS001,E11,99.10,1,1,1,4040388,2024-07-29,2025-05-09,manual,2500000,1.6161552
8705755801040283,1,0,41,M,RS007,K21.0,45.16,1,3,2,8246722,2024-09-06,2025-05-10,manual,1400000,5.890515714285714
5722967829365145,0,1,38,M,RS006,Z03.8,93.91,3,1,0,5554782,2025-04-11,2025-05-10,manual,1200000,4.628985
7104644616545903,1,0,1,M,RS007,H25.9,13.4,1,2,0,4073735,2024-05-22,2025-05-10,manual,7500000,0.5431646666666666
6364424588460427,1,1,64,F,RS006,J18.9,93.94,2,2,1,9601551,2025-01-20,2025-05-10,manual,4200000,2.286083571428571
8310456410787226,1,1,79,M,RS007,R10.4,87.09,3,1,0,8676004,2025-03-22,2025-05-10,auto,1200000,7.230003333333333
0250691975058839,1,1,84,M,RS009,M54.5,93.39,1,2,0,5751262,2024-12-20,2025-05-10,manual,1800000,3.1951455555555555
5795065626781183,1,0,49,M,RS001,A09,45.23,2,1,2,8300110,2025-01-01,2025-05-10,auto,1300000,6.3847
3056804343884664,0,1,37,M,RS008,K21.0,45.16,1,1,2,5887789,2024-07-27,2025-05-10,manual,1400000,4.205563571428572
0955641672780563,1,1,44,F,RS001,I10,99.04,2,4,5,7701300,2024-10-26,2025-05-10,auto,2000000,3.85065
6534406524227827,0,1,20,M,RS006,Z34.0,73.0,3,2,2,772791,2024-04-25,2025-05-10,manual,800000,0.96598875
5018882146372777,1,0,26,F,RS005,E66.9,99.28,2,2,0,8697344,2025-05-06,2025-05-10,auto,1000000,8.697344
0460171138262880,1,1,14,M,RS008,N39.0,57.98,1,1,1,2523085,2024-03-13,2025-05-10,auto,2200000,1.1468568181818182
6675251271069761,0,1,30,M,RS004,J00,93.9,3,4,0,3659050,2025-03-07,2025-05-12,manual,500000,7.3181
4642203147239080,1,1,65,M,RS005,E11,99.10,1,1,2,5102395,2024-12-21,2025-05-12,manual,2500000,2.040958
8624013314698807,1,1,77,M,RS007,O80,72.0,2,2,1,3769401,2024-06-11,2025-05-12,auto,3500000,1.0769717142857143
3360391963575311,0,1,28,F,RS001,J00,93.9,3,4,0,2307946,2025-02-25,2025-05-12,auto,500000,4.615892
1815559531523603,1,1,57,F,RS006,E66.9,99.28,2,2,3,6404296,2025-05-02,2025-05-12,manual,1000000,6.404296
7104644616545903,1,0,1,M,RS007,H25.9,13.1,3,2,0,9675148,2024-02-06,2025-05-12,auto,7500000,1.2900197333333334
5944932902790404,0,1,2,M,RS006,J18.9,96.04,3,2,3,4091814,2025-02-28,2025-05-12,auto,4200000,0.9742414285714286
7386173404836002,1,1,15,M,RS001,J18.9,93.94,3,4,0,9605094,2025-02-28,2025-05-12,auto,4200000,2.286927142857143
0795999503439731,1,1,88,F,RS003,K29.7,45.16,1,4,2,5170445,2025-03-08,2025-05-12,auto,1700000,3.041438235294118
5770859309801493,1,0,37,F,RS005,Z34.0,73.0,2,1,2,2909170,2024-12-05,2025-05-12,manual,800000,3.6364625
2503221903541056,1,1,28,M,RS005,E66.9,99.28,3,4,3,7209187,2024-11-27,2025-05-12,manual,1000000,7.209187
7214269751176882,1,1,23,M,RS009,J45.9,93.96,2,2,3,7786506,2025-04-04,2025-05-12,auto,2300000,3.3854373913043476
4986768987505447,1,1,57,M,RS007,O80,72.0,2,4,2,1834235,2024-08-23,2025-05-12,manual,3500000,0.5240671428571428
1360205753323149,1,1,11,M,RS009,J45.9,93.96,1,3,4,9367308,2025-01-30,2025-05-12,manual,2300000,4.072742608695652
2827645188709924,1,1,11,F,RS008,J18.9,93.94,1,1,0,1450804,2025-02-28,2025-05-12,manual,4200000,0.3454295238095238
8293162941679847,1,1,77,M,RS008,J00,93.9,1,2,0,9095741,2024-11-11,2025-05-12,manual,500000,18.191482
7610241676266677,1,1,36,M,RS006,M54.5,93.39,2,1,0,674436,2025-04-21,2025-05-12,auto,1800000,0.37468666666666667
5356985323698790,1,1,6,M,RS010,O80,72.0,3,3,2,5488680,2025-04-02,2025-05-12,auto,3500000,1.5681942857142857
5018385476171653,1,1,27,F,RS009,N39.0,57.94,2,3,5,9029659,2025-04-25,2025-05-12,auto,2200000,4.104390454545454
3863396820447890,1,1,10,F,RS006,R50.9,99.19,3,3,0,2456778,2024-07-29,2025-05-12,manual,1000000,2.456778
2744218297522063,1,1,27,F,RS003,I25.1,36.15,1,4,1,2537231,2025-02-18,2025-05-12,manual,5000000,0.5074462
9124321224474052,0,0,10,F,RS007,R50.9,99.19,1,3,0,2921108,2025-02-21,2025-05-13,manual,1000000,2.921108
6961144251434739,1,1,40,M,RS002,A09,45.23,2,1,2,987668,2024-07-12,2025-05-13,auto,1300000,0.7597446153846154
8498191070090501,0,1,65,F,RS001,J18.9,93.94,3,4,1,1461152,2025-02-07,2025-05-13,manual,4200000,0.34789333333333333
0808276677765355,1,1,51,M,RS006,N39.0,57.98,3,4,1,6768404,2025-04-15,2025-05-13,manual,2200000,3.076547272727273
8917911995453249,0,1,51,F,RS007,R10.4,45.23,1,4,0,6806753,2025-03-17,2025-05-13,auto,1200000,5.672294166666667
9221730252048830,1,1,15,F,RS006,A09,45.23,1,2,0,2692714,2025-03-04,2025-05-13,manual,1300000,2.0713184615384614
5212949694053875,1,1,73,F,RS009,J18.9,93.94,2,1,0,7347744,2024-01-25,2025-05-13,manual,4200000,1.7494628571428572
3499567306281678,0,1,66,F,RS002,M54.5,93.39,1,4,0,1869776,2024-12-25,2025-05-13,manual,1800000,1.0387644444444444
3149982322344495,1,1,70,F,RS009,I10,99.04,3,3,6,2283139,2025-03-27,2025-05-13,auto,2000000,1.1415695
3936501464377786,1,1,23,M,RS007,A09,45.23,3,3,0,4663270,2025-02-24,2025-05-13,auto,1300000,3.587130769230769
8091151010863580,1,1,14,M,RS002,Z03.8,93.91,3,4,1,5747080,2025-04-26,2025-05-13,manual,1200000,4.789233333333334
2131451356655480,1,1,60,M,RS004,R10.4,87.09,3,4,0,5373750,2024-05-04,2025-05-13,manual,1200000,4.478125
2673426467034379,1,0,37,M,RS001,Z34.0,73.0,2,1,2,9625456,2025-02-08,2025-05-13,manual,800000,12.03182
2777081140110349,0,1,32,M,RS009,O80,72.0,3,2,2,8961842,2024-07-02,2025-05-13,auto,3500000,2.560526285714286
5561134190346425,1,1,26,M,RS001,E11,99.10,2,4,1,2486020,2025-02-05,2025-05-14,auto,2500000,0.994408
8555516370383420,0,1,44,M,RS004,J45.9,93.96,1,4,0,508685,2025-04-23,2025-05-14,manual,2300000,0.22116739130434782
2316414926065218,1,0,14,M,RS009,J18.9,96.04,2,4,0,705176,2025-03-07,2025-05-14,manual,4200000,0.16789904761904761
7541578413730750,0,1,70,F,RS005,R50.9,99.19,2,2,1,4444574,2024-12-28,2025-05-14,manual,1000000,4.444574
5877249790353847,1,1,35,F,RS008,A09,45.23,2,4,2,2295558,2025-03-18,2025-05-14,manual,1300000,1.7658138461538462
9910939395799357,1,1,55,M,RS001,K21.0,45.16,3,4,1,7975866,2024-01-31,2025-05-14,manual,1400000,5.6970471428571425
5259078456296259,1,0,56,M,RS001,R10.4,87.09,3,4,0,9432663,2025-04-11,2025-05-14,manual,1200000,7.8605525
2858505853582813,0,1,10,M,RS010,Z00.0,93.99,3,3,0,9734598,2024-04-18,2025-05-14,manual,700000,13.906568571428572
8356358904030179,1,0,79,M,RS007,Z03.8,93.91,3,2,1,8616124,2024-09-23,2025-05-14,auto,1200000,7.180103333333333
4397680017578455,1,1,17,M,RS006,R10.4,45.23,2,1,0,4620297,2024-12-04,2025-05-14,auto,1200000,3.8502475
1000910596551954,0,0,70,M,RS002,H25.9,13.1,3,1,0,9009693,2024-09-10,2025-05-14,auto,7500000,1.2012924
1587085691611019,1,1,27,F,RS006,I10,99.04,3,2,4,3085256,2024-01-25,2025-05-14,auto,2000000,1.542628
0756552075169562,0,1,28,M,RS006,E66.9,99.28,2,1,4,6408245,2024-11-13,2025-05-15,manual,1000000,6.408245
2622200344233010,1,1,44,M,RS003,R10.4,87.09,2,1,0,4307316,2024-12-23,2025-05-15,manual,1200000,3.58943
0129286053114646,1,1,13,F,RS003,H25.9,13.5,1,1,0,6154671,2025-02-14,2025-05-15,auto,7500000,0.8206228
1576439552059212,0,1,84,M,RS005,K29.7,45.16,2,2,0,8182934,2025-03-10,2025-05-15,manual,1700000,4.813490588235294
7496555218540138,1,1,69,M,RS008,Z03.8,93.91,1,3,0,2327106,2024-12-21,2025-05-15,manual,1200000,1.939255
6930344289116666,1,1,26,F,RS002,K21.0,45.16,2,4,1,5847088,2025-02-05,2025-05-15,auto,1400000,4.1764914285714285
8107871173586412,1,0,32,M,RS010,J00,93.9,2,2,0,6679375,2024-02-07,2025-05-15,auto,500000,13.35875
3808948296098706,1,0,6,M,RS008,J18.9,93.94,3,1,1,4258553,2024-02-22,2025-05-15,manual,4200000,1.0139411904761906
0426990422524751,1,1,52,M,RS010,H25.9,13.5,1,3,0,2766803,2024-03-30,2025-05-15,auto,7500000,0.36890706666666667
5870719206323855,1,1,35,M,RS002,Z03.8,93.91,1,1,1,8574982,2025-01-30,2025-05-15,auto,1200000,7.145818333333334
4675563490293494,1,1,90,F,RS007,E11,99.10,3,4,1,6876778,2024-05-13,2025-05-15,manual,2500000,2.7507112
3999832223991157,0,1,43,F,RS007,Z34.0,73.0,1,1,2,3090845,2025-01-18,2025-05-15,auto,800000,3.86355625
4925830010920462,1,0,30,M,RS007,O80,72.0,3,1,3,3674770,2025-02-01,2025-05-15,auto,3500000,1.0499342857142857
8537613175682050,1,1,48,F,RS004,O80,72.0,3,2,2,5048145,2024-10-11,2025-05-15,auto,3500000,1.442327142857143
2326733573230621,0,0,84,F,RS001,K29.7,45.16,2,4,2,3205099,2025-04-29,2025-05-15,auto,1700000,1.8853523529411764
0830934471641562,1,1,70,F,RS003,O80,72.0,3,4,2,5597240,2024-10-11,2025-05-15,manual,3500000,1.5992114285714285
4513786726789087,1,0,32,M,RS002,O80,72.0,3,3,2,8624309,2025-04-17,2025-05-15,manual,3500000,2.464088285714286
1338292400331134,1,1,77,F,RS009,Z34.0,73.0,2,2,2,4820516,2025-04-01,2025-05-15,auto,800000,6.025645
6551677932525974,0,1,86,M,RS002,M54.5,93.39,3,4,1,4399835,2024-05-22,2025-05-16,manual,1800000,2.4443527777777776
6071469708144548,1,0,32,F,RS004,K29.7,45.16,3,2,0,8443318,2024-08-14,2025-05-16,auto,1700000,4.966657647058824
1272299353224635,1,1,62,F,RS009,A09,45.23,1,4,2,5962513,2025-02-07,2025-05-16,manual,1300000,4.586548461538461
5545316017799861,1,0,8,F,RS008,I25.1,99.24,2,2,1,710839,2024-07-02,2025-05-16,auto,5000000,0.1421678
9642444787991293,1,1,50,M,RS001,R10.4,87.09,2,4,0,5542280,2024-05-22,2025-05-16,auto,1200000,4.618566666666666
6387830859957738,1,1,79,M,RS009,E66.9,99.28,3,3,0,2719714,2024-07-08,2025-05-16,auto,1000000,2.719714
1505327285243202,0,0,15,F,RS004,I10,99.04,3,3,0,8945064,2024-07-26,2025-05-16,auto,2000000,4.472532
2171149304446851,1,1,42,M,RS004,R50.9,99.19,3,3,0,991824,2025-01-28,2025-05-16,manual,1000000,0.991824
3344512280938618,1,0,72,F,RS005,M54.5,93.39,1,2,0,3840124,2025-05-03,2025-05-16,auto,1800000,2.133402222222222
8858147792812022,1,1,39,F,RS004,H25.9,13.4,2,3,0,3937084,2025-04-07,2025-05-16,auto,7500000,0.5249445333333334
5418188134217819,1,1,36,F,RS005,H25.9,13.1,2,1,0,4299051,2024-01-13,2025-05-16,auto,7500000,0.5732068
3679347313055052,0,1,24,F,RS005,R50.9,99.19,3,4,1,5657676,2025-02-06,2025-05-16,auto,1000000,5.657676
5140763451989040,1,1,47,M,RS008,I25.1,99.24,3,1,1,2268588,2025-04-05,2025-05-16,manual,5000000,0.4537176
7039627128182909,1,1,7,M,RS001,Z00.0,93.99,2,4,0,7465619,2024-03-02,2025-05-16,manual,700000,10.66517
4813161534313995,1,1,86,F,RS002,J45.9,93.96,3,1,1,7274486,2025-02-26,2025-05-16,auto,2300000,3.16282
3374573990747047,1,0,67,F,RS006,H25.9,13.4,2,3,0,1932585,2024-12-20,2025-05-16,auto,7500000,0.257678
2170412053832982,0,1,26,M,RS002,R10.4,45.23,3,2,0,3284248,2025-04-10,2025-05-16,manual,1200000,2.7368733333333335
7221577534889569,1,1,19,M,RS003,H25.9,13.5,1,3,0,5490717,2024-01-18,2025-05-16,manual,7500000,0.7320956
0670006354699483,1,0,80,F,RS001,E66.9,99.28,1,3,2,9778028,2025-01-31,2025-05-16,manual,1000000,9.778028
5302071033511181,1,1,24,F,RS005,R10.4,87.09,1,4,0,2129154,2024-09-30,2025-05-16,auto,1200000,1.774295
1502490653007146,1,1,12,F,RS001,I10,99.04,1,4,2,5853558,2024-07-13,2025-05-16,auto,2000000,2.926779
3619229409759881,1,1,80,M,RS006,I10,99.04,2,3,4,6153713,2024-12-30,2025-05-16,auto,2000000,3.0768565
1368794128349689,1,1,61,F,RS008,R50.9,99.19,3,2,1,3780877,2025-01-31,2025-05-17,manual,1000000,3.780877
3164222684055563,1,1,21,F,RS005,E66.9,99.28,3,2,0,624056,2024-06-08,2025-05-17,auto,1000000,0.624056
3682712925299963,1,0,26,F,RS002,R10.4,87.09,1,1,0,6879927,2024-11-09,2025-05-17,auto,1200000,5.7332725
8746775700561102,1,1,22,M,RS003,K21.0,45.16,2,1,1,724645,2025-04-03,2025-05-17,manual,1400000,0.5176035714285714
9159608998724050,1,1,63,F,RS008,N39.0,57.98,1,4,0,8799455,2025-03-29,2025-05-17,manual,2200000,3.9997522727272727
7803232851504055,1,1,76,M,RS001,R50.9,99.19,1,2,1,7846707,2024-11-28,2025-05-17,auto,1000000,7.846707
9256411682449471,0,1,50,M,RS006,N39.0,57.94,3,2,0,9688976,2024-11-21,2025-05-17,auto,2200000,4.40408
2513636250050664,1,1,8,M,RS009,J18.9,93.94,2,4,2,435385,2025-01-29,2025-05-17,manual,4200000,0.10366309523809523
6340037842034656,0,1,58,F,RS005,I25.1,99.24,1,1,4,1377277,2025-03-03,2025-05-17,manual,5000000,0.2754554
8091151010863580,1,1,14,M,RS002,Z00.0,93.99,1,4,0,6767973,2024-04-30,2025-05-17,manual,700000,9.668532857142857
0624490712469711,1,1,40,M,RS003,Z00.0,93.99,2,1,1,6450611,2024-11-19,2025-05-17,auto,700000,9.21515857142857
9357517341908657,1,0,46,M,RS004,K21.0,45.16,2,3,0,7981002,2024-06-24,2025-05-17,auto,1400000,5.700715714285714
6927281934258722,0,1,43,F,RS004,J45.9,93.96,1,2,0,3074167,2025-03-28,2025-05-17,auto,2300000,1.3365943478260869
4122835099785839,0,0,53,M,RS008,N39.0,57.94,2,4,1,6282935,2025-03-24,2025-05-17,manual,2200000,2.8558795454545454
7803232851504055,1,1,76,M,RS001,R50.9,99.19,3,1,0,1066636,2024-03-18,2025-05-17,manual,1000000,1.066636
3365989046032572,1,1,72,F,RS008,J18.9,96.04,2,2,1,3217396,2024-07-15,2025-05-17,auto,4200000,0.7660466666666667
6115881525948628,1,1,39,M,RS002,H25.9,13.1,2,3,0,1470888,2024-11-15,2025-05-17,auto,7500000,0.1961184
6462214513185217,1,1,14,M,RS002,H25.9,13.1,3,2,0,6546582,2024-07-08,2025-05-17,auto,7500000,0.8728776
6545333595574259,1,1,28,M,RS007,I10,99.04,1,1,2,981443,2025-03-07,2025-05-17,auto,2000000,0.4907215
3475767716014049,1,1,19,M,RS004,I10,99.04,3,3,3,9438302,2024-01-25,2025-05-17,auto,2000000,4.719151
8913879578703433,1,0,15,M,RS005,I25.1,99.24,1,2,0,7191996,2024-07-11,2025-05-17,auto,5000000,1.4383992
3076636346937053,1,0,3,M,RS009,M54.5,93.39,2,3,0,6935625,2025-04-29,2025-05-17,manual,1800000,3.853125
3872158410316718,1,1,90,F,RS008,I10,99.04,1,1,2,6024272,2024-03-13,2025-05-17,auto,2000000,3.012136
1505327285243202,0,0,15,F,RS004,I10,99.04,2,2,3,9647267,2024-10-08,2025-05-17,auto,2000000,4.8236335
3067399049433130,1,1,27,M,RS005,M54.5,93.39,3,4,0,1822138,2025-03-20,2025-05-17,auto,1800000,1.0122988888888889
3679347313055052,0,1,24,F,RS005,R50.9,99.19,1,1,0,8606718,2024-05-17,2025-05-17,auto,1000000,8.606718
1543134656282455,1,1,68,F,RS001,I25.1,99.24,3,2,4,1123357,2024-04-24,2025-05-19,manual,5000000,0.2246714
3770835176640282,1,1,87,F,RS003,K21.0,45.16,2,2,0,9043328,2025-05-08,2025-05-19,auto,1400000,6.45952
3004479034126125,1,0,45,M,RS002,J18.9,93.94,2,2,1,5941658,2024-04-08,2025-05-19,auto,4200000,1.414680476190476
6938743905391260,1,0,7,F,RS007,O80,72.0,1,4,4,5803792,2024-03-18,2025-05-19,auto,3500000,1.6582262857142858
6222322694942392,1,1,16,M,RS008,Z00.0,93.99,3,1,0,3669635,2025-02-10,2025-05-19,manual,700000,5.242335714285714
7445404487177647,1,1,18,M,RS009,J00,93.9,2,1,0,8314450,2024-08-26,2025-05-19,auto,500000,16.6289
3247461850824718,1,0,52,F,RS008,J00,93.9,1,2,0,9241997,2024-07-26,2025-05-19,auto,500000,18.483994
4566336639334941,0,1,8,M,RS010,N39.0,57.94,2,1,1,6788201,2024-10-03,2025-05-19,auto,2200000,3.085545909090909
4678056263022800,1,1,63,M,RS006,K21.0,45.16,1,2,1,4133235,2025-02-19,2025-05-19,manual,1400000,2.9523107142857143
0035668332822258,1,0,17,F,RS004,Z34.0,73.0,3,1,3,1067929,2024-05-31,2025-05-19,auto,800000,1.33491125
0675771960912024,0,1,40,M,RS001,I10,99.04,1,3,3,5662002,2024-08-08,2025-05-19,auto,2000000,2.831001
9326567574111060,1,1,1,M,RS002,R10.4,87.09,3,2,0,9722310,2025-03-13,2025-05-19,auto,1200000,8.101925
4908241822922450,0,1,14,M,RS005,Z00.0,93.99,3,4,1,2396747,2025-05-07,2025-05-19,manual,700000,3.4239242857142855
5726444905695800,1,1,54,M,RS007,O80,72.0,1,4,3,4065240,2025-01-18,2025-05-19,manual,3500000,1.1614971428571428
0771642427613130,1,1,40,F,RS008,J18.9,96.04,3,1,1,2231285,2024-04-26,2025-05-19,auto,4200000,0.5312583333333334
3527551743552484,1,1,81,F,RS008,Z03.8,93.91,2,2,0,1374003,2025-04-24,2025-05-19,manual,1200000,1.1450025
3429499705984665,1,1,35,F,RS004,H25.9,13.1,1,2,0,9141915,2024-10-18,2025-05-19,manual,7500000,1.218922
7564809414736917,1,0,71,F,RS006,J00,93.9,2,3,0,8271067,2025-05-15,2025-05-19,manual,500000,16.542134
7090454115709204,0,1,7,M,RS003,A09,45.23,3,1,1,1583573,2024-02-20,2025-05-19,manual,1300000,1.218133076923077
1848999200007838,0,1,44,M,RS010,N39.0,57.94,1,4,2,1348532,2025-01-28,2025-05-20,manual,2200000,0.6129690909090909
6923621320050205,1,0,29,F,RS004,R50.9,99.19,3,3,0,2183118,2024-07-15,2025-05-20,manual,1000000,2.183118
5496081253501629,1,1,61,F,RS004,N39.0,57.98,3,2,0,1501677,2025-04-22,2025-05-20,manual,2200000,0.6825804545454546
0200560463621753,1,1,74,F,RS008,J18.9,96.04,1,4,1,6086455,2024-07-03,2025-05-20,auto,4200000,1.4491559523809523
8781246900882806,1,1,90,M,RS001,I25.1,99.24,3,2,3,786973,2025-03-03,2025-05-20,auto,5000000,0.1573946
0992148684521854,1,0,26,F,RS009,O80,72.0,1,4,2,3045531,2025-01-16,2025-05-20,auto,3500000,0.8701517142857143
9268457040179281,1,1,21,F,RS001,E11,99.10,1,2,0,9815345,2024-08-14,2025-05-20,manual,2500000,3.926138
6672381129694723,1,1,8,F,RS007,M54.5,93.39,1,4,1,6550580,2024-06-14,2025-05-20,manual,1800000,3.639211111111111
0481068706907292,1,1,90,F,RS004,J00,93.9,1,3,0,7192198,2024-05-13,2025-05-20,manual,500000,14.384396
7714590588821549,1,1,25,F,RS006,E11,99.10,1,4,4,6952965,2024-11-28,2025-05-20,manual,2500000,2.781186
8293162941679847,1,1,77,M,RS008,J45.9,93.96,2,4,2,4695130,2025-02-14,2025-05-20,manual,2300000,2.0413608695652172
7618868280948861,1,0,28,F,RS006,I10,99.04,2,3,2,8302585,2025-04-28,2025-05-20,manual,2000000,4.1512925
1730922787057384,1,1,63,F,RS005,I25.1,36.15,3,2,1,6447557,2024-07-08,2025-05-20,manual,5000000,1.2895114
1588650155015392,1,1,45,M,RS004,Z00.0,93.99,3,4,0,1462643,2025-03-25,2025-05-20,manual,700000,2.08949
2066691137652819,1,1,16,M,RS003,K21.0,45.16,2,1,2,4801750,2024-11-07,2025-05-20,manual,1400000,3.4298214285714286
9637808046560203,1,1,81,M,RS009,H25.9,13.5,3,4,0,5410792,2024-12-14,2025-05-20,manual,7500000,0.7214389333333333
4363963140898618,1,1,19,F,RS007,E66.9,99.28,1,1,2,4154715,2025-05-10,2025-05-20,manual,1000000,4.154715
4813672523999981,0,1,84,F,RS005,J18.9,93.94,3,2,1,7598687,2025-03-17,2025-05-20,manual,4200000,1.8092111904761905
6132556220911026,1,1,36,F,RS005,I10,99.04,3,1,3,5628032,2025-05-09,2025-05-21,manual,2000000,2.814016
6863319299896812,1,1,82,F,RS010,Z03.8,93.91,2,3,0,8005811,2025-01-09,2025-05-21,auto,1200000,6.671509166666667
0593813304887826,1,1,25,M,RS001,J00,93.9,2,1,0,5445346,2025-03-29,2025-05-21,manual,500000,10.890692
0837377191805336,1,1,83,M,RS009,Z03.8,93.91,3,2,1,5601596,2024-04-29,2025-05-21,manual,1200000,4.667996666666666
7573640965017018,1,1,86,M,RS005,J00,93.9,1,2,2,3765631,2025-04-18,2025-05-21,auto,500000,7.531262
4570524771060589,1,0,69,F,RS006,J00,93.9,3,3,0,6430600,2025-05-08,2025-05-21,manual,500000,12.8612
2540420245592927,1,1,36,F,RS007,J45.9,93.96,2,2,0,4409830,2024-01-11,2025-05-21,auto,2300000,1.9173173913043478
9925017485138222,1,1,56,M,RS009,I25.1,99.24,2,2,2,930381,2024-05-16,2025-05-21,auto,5000000,0.1860762
7619641967097948,1,1,77,M,RS004,I25.1,36.15,2,3,3,1245370,2025-05-09,2025-05-21,manual,5000000,0.249074
5487835463022599,1,1,86,F,RS008,J00,93.9,2,2,0,8304431,2024-11-18,2025-05-21,auto,500000,16.608862
8373701733091185,1,1,10,F,RS009,J18.9,93.94,3,4,0,9619132,2024-07-29,2025-05-21,auto,4200000,2.2902695238095236
2386590318287135,1,1,88,F,RS005,H25.9,13.5,3,2,0,2085433,2024-12-25,2025-05-21,manual,7500000,0.27805773333333333
7751291884050540,1,0,85,M,RS004,E11,99.10,1,2,1,4025980,2024-05-15,2025-05-21,manual,2500000,1.610392
9160390588799943,1,1,32,F,RS008,K21.0,45.16,2,3,1,3857592,2025-05-15,2025-05-21,auto,1400000,2.755422857142857
9958327336498786,0,1,32,F,RS004,N39.0,57.98,3,1,0,9930115,2025-05-13,2025-05-21,manual,2200000,4.513688636363637
4885705463339435,0,0,54,F,RS010,A09,45.23,3,1,2,2693821,2025-03-19,2025-05-21,auto,1300000,2.07217
8191255536134854,1,1,61,F,RS001,Z03.8,93.91,1,3,0,3165009,2024-08-27,2025-05-21,auto,1200000,2.6375075
1309726032011272,1,1,87,F,RS008,H25.9,13.5,3,4,0,4130511,2024-06-20,2025-05-21,auto,7500000,0.5507348
5944932902790404,0,1,2,M,RS006,J18.9,93.94,1,1,0,6457133,2025-05-15,2025-05-21,manual,4200000,1.537412619047619
2199556722624474,1,1,90,F,RS008,Z00.0,93.99,3,4,0,5235783,2024-08-02,2025-05-21,auto,700000,7.47969
3265097665690756,1,0,41,F,RS007,E11,99.10,3,3,1,5601118,2024-03-29,2025-05-21,auto,2500000,2.2404472
0174780121696796,1,0,30,F,RS005,R10.4,87.09,2,1,0,2919537,2024-03-12,2025-05-21,auto,1200000,2.4329475
4816540025427372,0,0,16,M,RS008,Z00.0,93.99,3,1,0,4449190,2025-02-07,2025-05-21,auto,700000,6.355985714285715
8163781968018378,1,0,52,F,RS010,R10.4,45.23,1,4,0,5656855,2024-10-28,2025-05-21,auto,1200000,4.7140458333333335
4881174616215868,1,1,38,F,RS005,K29.7,45.16,3,2,0,1431425,2024-01-02,2025-05-22,manual,1700000,0.8420147058823529
0369566208484022,1,1,31,F,RS010,Z00.0,93.99,2,1,1,8493204,2024-07-17,2025-05-22,manual,700000,12.133148571428572
7619641967097948,1,1,77,M,RS004,I10,99.04,1,2,2,8564905,2024-05-24,2025-05-22,manual,2000000,4.2824525
7960552506623511,1,1,77,F,RS009,Z00.0,93.99,2,4,0,6905646,2024-01-13,2025-05-22,manual,700000,9.865208571428571
0946926151940278,1,1,19,F,RS004,I25.1,36.15,2,4,4,6768803,2024-01-16,2025-05-22,auto,5000000,1.3537606
5933795857371571,1,0,28,F,RS006,Z03.8,93.91,3,2,0,9926667,2025-03-17,2025-05-22,auto,1200000,8.2722225
4203956225951371,1,1,87,M,RS008,R50.9,99.19,2,1,0,4095135,2024-08-30,2025-05-22,manual,1000000,4.095135
9313949562801722,1,1,53,F,RS003,H25.9,13.5,3,3,0,1898259,2025-02-05,2025-05-22,manual,7500000,0.2531012
7052530558642372,1,0,9,F,RS005,O80,72.0,1,4,1,743852,2024-11-20,2025-05-22,manual,3500000,0.21252914285714286
1513790145967014,1,1,69,F,RS007,Z34.0,73.0,2,4,1,2384156,2025-05-14,2025-05-22,manual,800000,2.980195
2303943635627685,1,1,21,M,RS001,E11,99.10,3,4,6,2777738,2024-03-06,2025-05-22,auto,2500000,1.1110952
4386001189206967,0,1,67,F,RS004,O80,72.0,1,2,2,2681860,2025-03-20,2025-05-22,manual,3500000,0.7662457142857143
7034328662713428,1,1,46,M,RS002,R10.4,45.23,2,2,2,7862055,2024-09-19,2025-05-22,manual,1200000,6.5517125
1518560651396961,1,0,13,F,RS008,R50.9,99.19,3,3,0,1646844,2025-02-26,2025-05-22,auto,1000000,1.646844
9321573699244178,1,1,3,M,RS002,Z34.0,73.0,2,3,2,9354295,2024-07-03,2025-05-22,auto,800000,11.69286875
3619229409759881,1,1,80,M,RS006,I10,99.04,2,2,2,4763664,2024-12-14,2025-05-22,manual,2000000,2.381832
9124321224474052,0,0,10,F,RS007,Z03.8,93.91,2,1,1,6080981,2024-09-28,2025-05-22,auto,1200000,5.067484166666667
0935218242488304,1,1,24,M,RS009,N39.0,57.94,1,2,1,8013452,2024-07-06,2025-05-22,manual,2200000,3.642478181818182
1701408578684890,0,0,52,M,RS009,K29.7,45.16,1,3,2,495077,2025-04-22,2025-05-22,manual,1700000,0.29122176470588235
1763220919000488,1,1,5,F,RS006,Z34.0,73.0,1,4,1,5068272,2025-03-18,2025-05-22,auto,800000,6.33534
5982381906123751,1,1,30,M,RS002,K29.7,45.16,3,2,0,6551529,2024-12-20,2025-05-22,auto,1700000,3.853840588235294
6675251271069761,0,1,30,M,RS004,J18.9,96.04,2,4,1,2760921,2024-04-20,2025-05-22,auto,4200000,0.6573621428571429
2141287560026288,1,1,59,F,RS004,R10.4,45.23,2,3,0,2683792,2025-02-17,2025-05-23,auto,1200000,2.2364933333333332
3561213450759841,0,1,52,M,RS005,J45.9,93.96,2,3,1,5317821,2024-12-16,2025-05-23,auto,2300000,2.312096086956522
9730029854044707,1,1,68,M,RS006,I10,99.04,3,2,4,5463261,2025-03-03,2025-05-23,manual,2000000,2.7316305
9011640907927747,1,0,46,M,RS003,I10,99.04,1,4,2,9338042,2024-03-13,2025-05-23,manual,2000000,4.669021
3441134935642077,1,1,59,F,RS004,J18.9,93.94,2,1,1,6740548,2025-05-13,2025-05-23,manual,4200000,1.604892380952381
7121054973544890,0,1,35,M,RS004,R10.4,87.09,1,1,0,3732430,2025-04-14,2025-05-23,manual,1200000,3.110358333333333
5706863606912757,1,0,13,M,RS008,M54.5,93.39,2,3,1,9570389,2025-02-13,2025-05-23,auto,1800000,5.316882777777778
3900268197211729,1,0,30,F,RS001,N39.0,57.94,2,3,1,809787,2025-02-01,2025-05-23,manual,2200000,0.368085
3661451854977825,0,1,68,F,RS001,K29.7,45.16,2,2,2,8024164,2025-04-21,2025-05-23,manual,1700000,4.720096470588235
8705755801040283,1,0,41,M,RS007,K21.0,45.16,1,3,0,1157352,2024-12-17,2025-05-23,manual,1400000,0.82668
4277807931088504,1,0,58,M,RS005,J45.9,93.96,1,1,1,1184416,2024-02-28,2025-05-23,manual,2300000,0.5149634782608695
2625979664172984,1,0,90,F,RS005,I25.1,36.15,3,1,3,4499269,2024-08-14,2025-05-23,auto,5000000,0.8998538
5177774970406353,0,0,89,F,RS007,K21.0,45.16,2,1,2,7090049,2025-05-08,2025-05-23,manual,1400000,5.0643207142857145
3047778961728469,1,0,4,M,RS008,I25.1,36.15,3,2,4,4904828,2025-05-01,2025-05-23,auto,5000000,0.9809656
9502593000949431,1,0,20,F,RS005,E11,99.10,1,3,2,8900475,2024-12-07,2025-05-23,manual,2500000,3.56019
6863319299896812,1,1,82,F,RS010,Z03.8,93.91,1,4,0,3002052,2024-11-20,2025-05-23,manual,1200000,2.50171
8537613175682050,1,1,48,F,RS004,O80,72.0,3,3,2,1697843,2025-05-08,2025-05-24,auto,3500000,0.485098
0365844243419916,1,1,40,F,RS008,A09,45.23,2,2,0,550303,2024-12-12,2025-05-24,manual,1300000,0.42331
8518136758959613,1,1,11,F,RS006,J18.9,93.94,2,1,0,9589141,2025-05-08,2025-05-24,auto,4200000,2.2831288095238094
9526040651749891,0,1,39,F,RS009,I10,99.04,3,2,2,6834652,2024-08-14,2025-05-24,auto,2000000,3.417326
6723026238887574,1,1,57,M,RS004,J45.9,93.96,2,3,0,3815550,2025-04-17,2025-05-24,auto,2300000,1.6589347826086958
5418188134217819,1,1,36,F,RS005,H25.9,13.5,3,4,0,8074095,2025-02-22,2025-05-24,auto,7500000,1.076546
8746775700561102,1,1,22,M,RS003,K21.0,45.16,1,3,0,7029093,2025-02-18,2025-05-24,auto,1400000,5.020780714285714
0015577376411542,1,1,30,M,RS004,N39.0,57.94,1,4,5,3722750,2025-01-09,2025-05-24,auto,2200000,1.692159090909091
5770859309801493,1,0,37,F,RS005,E66.9,99.28,3,2,4,1125640,2025-04-07,2025-05-24,manual,1000000,1.12564
4034664349725082,1,1,2,F,RS003,A09,45.23,2,1,0,4105937,2024-06-14,2025-05-24,manual,1300000,3.1584130769230767
2018595464108504,1,1,39,M,RS001,Z00.0,93.99,2,4,0,9923123,2024-07-25,2025-05-24,auto,700000,14.17589
9879803914199190,1,1,54,M,RS007,O80,72.0,2,3,4,877669,2025-01-31,2025-05-24,manual,3500000,0.25076257142857145
3532614438581840,0,0,30,M,RS003,O80,72.0,2,3,4,7229492,2024-06-28,2025-05-24,manual,3500000,2.065569142857143
6492230574670109,1,1,36,M,RS009,J18.9,96.04,2,2,0,1648119,2025-05-21,2025-05-24,manual,4200000,0.39240928571428574
9509101809481881,1,1,2,M,RS004,K21.0,45.16,3,4,2,3137023,2025-01-03,2025-05-24,auto,1400000,2.2407307142857142
6372779779414876,1,0,64,M,RS001,K21.0,45.16,3,2,1,6279771,2025-03-08,2025-05-24,manual,1400000,4.485550714285714
9415904837885328,1,0,27,F,RS010,E66.9,99.28,2,3,2,5504578,2025-01-15,2025-05-24,manual,1000000,5.504578
1655676763646571,0,0,77,F,RS006,J00,93.9,3,4,0,8143327,2025-03-18,2025-05-24,auto,500000,16.286654
4583549720373922,1,1,53,M,RS006,I25.1,36.15,2,4,2,7382389,2024-11-23,2025-05-24,manual,5000000,1.4764778
9268457040179281,1,1,21,F,RS001,E11,99.10,1,2,1,679988,2024-02-10,2025-05-26,manual,2500000,0.2719952
4570524771060589,1,0,69,F,RS006,J00,93.9,1,1,0,2292811,2024-03-13,2025-05-26,auto,500000,4.585622
5487835463022599,1,1,86,F,RS008,J00,93.9,2,3,0,4227095,2024-09-25,2025-05-26,manual,500000,8.45419
0942833382591512,1,0,38,F,RS010,K21.0,45.16,2,4,2,1147954,2025-05-17,2025-05-26,auto,1400000,0.8199671428571429
5575277090222754,0,1,9,F,RS006,K21.0,45.16,1,2,3,8954613,2024-08-02,2025-05-26,auto,1400000,6.396152142857143
8235477733525745,1,0,28,F,RS001,R10.4,87.09,2,4,0,7868051,2025-01-09,2025-05-26,auto,1200000,6.556709166666667
1308381474915778,0,1,55,F,RS003,Z34.0,73.0,3,4,4,3132239,2025-03-12,2025-05-26,auto,800000,3.91529875
9087092647281041,1,1,23,F,RS009,J00,93.9,3,2,0,2106256,2024-12-26,2025-05-26,auto,500000,4.212512
2326733573230621,0,0,84,F,RS001,K29.7,45.16,2,4,1,2325875,2025-04-24,2025-05-26,auto,1700000,1.3681617647058824
4179463005823405,1,1,12,M,RS004,I25.1,99.24,3,2,2,7051870,2024-12-27,2025-05-26,manual,5000000,1.410374
5634064561607386,0,1,21,M,RS001,K29.7,45.16,1,4,1,6275561,2025-04-22,2025-05-26,manual,1700000,3.6915064705882354
6372779779414876,1,0,64,M,RS001,K21.0,45.16,1,3,0,4968544,2025-03-28,2025-05-26,auto,1400000,3.54896
8943195251932499,0,0,29,M,RS010,R10.4,87.09,1,1,0,8658680,2025-01-16,2025-05-26,manual,1200000,7.215566666666667
2288138832112223,1,0,72,M,RS010,K29.7,45.16,1,2,4,3592209,2024-12-21,2025-05-26,manual,1700000,2.113064117647059
7947417475230811,0,1,77,F,RS001,K29.7,45.16,1,4,1,2141110,2024-12-18,2025-05-26,manual,1700000,1.2594764705882353
8456416039069914,1,1,50,F,RS006,R50.9,99.19,1,4,0,3084448,2025-01-21,2025-05-26,auto,1000000,3.084448
3517651843171787,1,1,70,F,RS001,I25.1,36.15,1,3,3,3666727,2024-05-20,2025-05-26,auto,5000000,0.7333454
8219600145167686,1,1,28,M,RS009,I10,99.04,1,2,1,6667579,2025-04-01,2025-05-26,auto,2000000,3.3337895
0317462806141428,1,1,9,M,RS009,N39.0,57.98,1,4,2,8934768,2024-06-21,2025-05-26,manual,2200000,4.061258181818181
7667132867591279,1,1,8,F,RS003,O80,72.0,2,3,2,2132540,2024-11-20,2025-05-26,manual,3500000,0.6092971428571429
5234881349321831,1,0,5,M,RS004,Z03.8,93.91,2,2,0,5397548,2025-02-13,2025-05-26,manual,1200000,4.497956666666667
3293263389821759,1,1,41,M,RS009,Z00.0,93.99,1,3,2,1227240,2025-05-23,2025-05-26,auto,700000,1.7532
0044079541257972,0,1,42,F,RS007,Z00.0,93.99,1,1,0,5419790,2025-04-28,2025-05-26,auto,700000,7.742557142857143
2650256788656680,1,1,17,F,RS003,A09,45.23,3,1,3,6795497,2025-03-12,2025-05-26,auto,1300000,5.227305384615384
6786588139367775,1,1,14,M,RS005,O80,72.0,1,1,2,6470198,2024-08-16,2025-05-26,auto,3500000,1.848628
3850239264906869,1,1,6,F,RS006,Z00.0,93.99,1,3,0,6779591,2025-01-31,2025-05-26,manual,700000,9.68513
0946926151940278,1,1,19,F,RS004,J00,93.9,3,2,0,7018161,2024-11-07,2025-05-26,auto,500000,14.036322
4189652918698162,1,1,37,M,RS010,R10.4,45.23,2,3,0,8000245,2024-03-28,2025-05-26,manual,1200000,6.666870833333333
9478812641087575,0,1,2,M,RS006,E66.9,99.28,3,3,1,6507482,2025-03-12,2025-05-27,manual,1000000,6.507482
8877684967139127,1,1,70,M,RS005,K29.7,45.16,1,4,3,9652481,2024-11-14,2025-05-27,manual,1700000,5.67793
8245095095164564,1,1,57,F,RS008,H25.9,13.4,2,1,0,5273912,2025-04-17,2025-05-27,manual,7500000,0.7031882666666667
2633256230741433,1,1,12,F,RS008,H25.9,13.5,1,4,0,1495811,2024-11-23,2025-05-27,manual,7500000,0.19944146666666668
6430366032080682,1,1,73,F,RS007,J45.9,93.96,3,3,2,3747311,2025-01-24,2025-05-27,auto,2300000,1.629265652173913
2997725283611160,1,0,28,F,RS005,K29.7,45.16,3,3,1,413436,2024-11-21,2025-05-27,auto,1700000,0.24319764705882352
3872158410316718,1,1,90,F,RS008,I10,99.04,1,3,2,1998544,2025-05-13,2025-05-27,auto,2000000,0.999272
6066919408236976,0,1,40,M,RS001,I10,99.04,1,3,4,5520546,2025-04-07,2025-05-27,auto,2000000,2.760273
6371550332499986,1,0,25,F,RS001,O80,72.0,1,4,4,5727252,2024-09-12,2025-05-27,auto,3500000,1.6363577142857142
7913795062628133,0,1,65,F,RS009,Z03.8,93.91,3,1,0,7171228,2024-11-11,2025-05-27,auto,1200000,5.976023333333333
4216890962521381,1,1,67,F,RS009,K21.0,45.16,3,3,2,641998,2024-02-24,2025-05-27,auto,1400000,0.45857
1941302312153892,1,1,67,F,RS003,O80,72.0,1,3,3,943034,2024-02-23,2025-05-27,auto,3500000,0.26943828571428574
6112131283865695,1,1,17,F,RS003,Z00.0,93.99,2,4,0,6293580,2025-04-04,2025-05-27,manual,700000,8.99082857142857
5642264161625919,1,1,75,M,RS002,R10.4,87.09,2,2,0,6484105,2025-04-15,2025-05-27,auto,1200000,5.403420833333334
7674459252684860,0,0,87,F,RS002,R50.9,99.19,3,3,1,6536161,2024-10-29,2025-05-27,manual,1000000,6.536161
4569305626590435,1,1,89,M,RS006,J00,93.9,2,3,1,9131021,2025-03-29,2025-05-27,auto,500000,18.262042
6359534663487435,1,0,76,F,RS001,J45.9,93.96,3,4,0,6687735,2025-04-15,2025-05-27,auto,2300000,2.9077108695652174
9977956565515420,1,1,64,F,RS001,J18.9,93.94,3,2,2,7397521,2025-05-03,2025-05-27,manual,4200000,1.7613145238095238
6570832744863866,1,0,32,M,RS008,O80,72.0,3,3,3,3694974,2024-08-02,2025-05-27,auto,3500000,1.0557068571428572
8154295045098397,1,1,34,F,RS007,Z34.0,73.0,1,1,1,627425,2024-06-06,2025-05-27,auto,800000,0.78428125
9347210202087893,0,1,13,F,RS004,K29.7,45.16,1,3,1,2544480,2025-03-29,2025-05-27,auto,1700000,1.4967529411764706
3529840699660624,1,0,65,M,RS010,N39.0,57.94,2,1,2,9532119,2024-07-20,2025-05-27,manual,2200000,4.3327813636363635
1309726032011272,1,1,87,F,RS008,Z00.0,93.99,3,4,0,8958641,2024-08-23,2025-05-28,auto,700000,12.798058571428571
5098979179636566,0,1,12,M,RS003,N39.0,57.94,3,3,3,7887756,2025-04-09,2025-05-28,auto,2200000,3.5853436363636364
4842158416680125,1,1,86,M,RS008,H25.9,13.1,1,3,0,9093339,2024-05-07,2025-05-28,auto,7500000,1.2124452
1501479587674742,1,1,8,M,RS009,H25.9,13.1,2,4,0,7293285,2024-12-17,2025-05-28,manual,7500000,0.972438
7152340647601388,1,1,38,M,RS006,K29.7,45.16,1,1,3,2272590,2025-05-02,2025-05-28,manual,1700000,1.3368176470588236
0875142694809400,1,0,5,M,RS007,J18.9,93.94,3,1,0,8580701,2024-03-04,2025-05-28,manual,4200000,2.0430240476190478
0453869805889248,1,1,35,F,RS008,K29.7,45.16,1,2,0,4368065,2025-02-11,2025-05-28,auto,1700000,2.56945
0584884072976700,1,1,77,M,RS005,N39.0,57.98,3,1,0,6084666,2025-02-01,2025-05-28,manual,2200000,2.7657572727272726
4599049685738441,1,1,47,M,RS001,I10,99.04,2,2,3,4995234,2025-04-04,2025-05-28,manual,2000000,2.497617
7652027525984731,1,1,45,M,RS006,I25.1,99.24,3,1,3,1373277,2025-03-03,2025-05-28,manual,5000000,0.2746554
2768418066098604,1,1,46,M,RS006,N39.0,57.98,1,1,1,8959054,2025-04-26,2025-05-28,manual,2200000,4.072297272727273
8404646540554843,1,1,65,F,RS004,Z34.0,73.0,3,1,4,5155005,2025-03-24,2025-05-28,auto,800000,6.44375625
1413384681675581,1,1,90,F,RS003,J18.9,96.04,1,4,1,5513145,2025-01-27,2025-05-28,manual,4200000,1.3126535714285714
2584167558757650,1,0,13,M,RS008,J00,93.9,3,4,0,3281007,2024-09-16,2025-05-28,manual,500000,6.562014
3415350375992744,1,1,9,F,RS004,O80,72.0,1,2,2,7429993,2025-01-09,2025-05-28,auto,3500000,2.122855142857143
3166645029631921,0,1,28,F,RS008,Z03.8,93.91,2,1,0,539428,2025-04-11,2025-05-28,auto,1200000,0.44952333333333333
2673426467034379,1,0,37,M,RS001,Z34.0,73.0,3,1,1,9284831,2025-02-17,2025-05-28,auto,800000,11.60603875
8175660262711503,0,1,87,M,RS010,R10.4,87.09,1,3,0,5499433,2024-04-18,2025-05-28,manual,1200000,4.582860833333333
5160082270857146,1,0,65,M,RS003,Z00.0,93.99,2,2,0,3898031,2024-11-22,2025-05-28,manual,700000,5.5686157142857144
8914872947098870,1,1,14,F,RS006,Z34.0,73.0,3,4,4,999901,2024-03-07,2025-05-28,auto,800000,1.24987625
9050450729245681,1,1,52,F,RS004,Z00.0,93.99,2,4,0,8039218,2025-01-21,2025-05-28,auto,700000,11.484597142857142
9172164010266734,0,1,27,F,RS006,J45.9,93.96,2,3,0,4994046,2025-02-25,2025-05-28,auto,2300000,2.171324347826087
1169805646754168,1,0,11,F,RS005,Z00.0,93.99,2,2,0,9499566,2024-10-18,2025-05-28,auto,700000,13.570808571428572
6359534663487435,1,0,76,F,RS001,J45.9,93.96,3,4,0,4722690,2024-04-23,2025-05-28,manual,2300000,2.0533434782608695
8603235850335200,1,0,75,F,RS001,J45.9,93.96,3,4,0,1036590,2024-05-03,2025-05-29,manual,2300000,0.45069130434782606
1222554135379550,1,1,41,M,RS002,K21.0,45.16,1,1,0,2521336,2024-01-10,2025-05-29,manual,1400000,1.8009542857142857
1053801873199946,1,1,35,F,RS001,O80,72.0,3,1,2,9088610,2025-02-13,2025-05-29,auto,3500000,2.5967457142857144
2550310383756406,1,1,57,M,RS010,J00,93.9,1,3,0,4492099,2025-05-30,2025-06-01,auto,500000,8.984198
7236719618056497,1,1,13,M,RS006,I25.1,36.15,1,4,6,5290372,2025-03-04,2025-05-29,manual,5000000,1.0580744
0110945917184723,1,1,87,F,RS008,K29.7,45.16,3,3,0,4476347,2024-12-09,2025-05-29,auto,1700000,2.633145294117647
2480470438720338,0,1,20,M,RS006,E66.9,99.28,3,1,3,4748864,2024-12-05,2025-05-29,manual,1000000,4.748864
4938553777748088,1,1,11,M,RS010,I10,99.04,3,2,2,5821397,2024-06-01,2025-05-29,manual,2000000,2.9106985
1385241344555728,0,1,73,F,RS005,Z03.8,93.91,3,1,0,511913,2024-11-19,2025-05-29,manual,1200000,0.42659416666666666
3850239264906869,1,1,6,F,RS006,Z00.0,93.99,1,4,0,2041022,2025-02-08,2025-05-29,manual,700000,2.9157457142857144
1888765689286674,0,1,71,F,RS002,N39.0,57.94,2,1,2,9358127,2025-02-26,2025-05-29,manual,2200000,4.253694090909091
5888079935141854,1,1,6,M,RS001,A09,45.23,2,4,3,2288571,2024-06-13,2025-05-29,auto,1300000,1.7604392307692307
5882313632040384,0,1,13,M,RS010,J00,93.9,3,3,1,7534849,2024-02-21,2025-05-29,auto,500000,15.069698
9631316160005272,1,0,74,F,RS004,E66.9,99.28,3,2,1,5309016,2025-04-25,2025-05-29,auto,1000000,5.309016
8456416039069914,1,1,50,F,RS006,R10.4,45.23,3,3,0,3211503,2024-09-13,2025-05-29,manual,1200000,2.6762525
3569671562354353,1,1,4,F,RS008,J18.9,93.94,3,1,0,1527736,2024-05-24,2025-05-29,manual,4200000,0.36374666666666666
3935392790190888,1,1,75,M,RS009,Z03.8,93.91,1,3,0,3724919,2024-11-08,2025-05-29,manual,1200000,3.104099166666667
6321337633047226,1,1,60,M,RS007,K21.0,45.16,1,4,0,7582132,2025-05-30,2025-06-01,manual,1400000,5.415808571428571
8781246900882806,1,1,90,M,RS001,I25.1,99.24,3,1,3,9593865,2025-05-22,2025-05-29,manual,5000000,1.918773
0806667093426876,1,1,65,F,RS005,A09,45.23,3,2,1,592053,2025-03-04,2025-05-29,auto,1300000,0.4554253846153846
5922076436130139,1,1,75,F,RS009,K29.7,45.16,3,4,0,4098192,2025-05-09,2025-05-29,auto,1700000,2.4107011764705883
8519553497021572,1,1,72,M,RS002,K21.0,45.16,2,3,2,6153071,2024-04-26,2025-05-29,auto,1400000,4.3950507142857145
1756839619701697,1,1,33,F,RS005,I25.1,36.15,2,3,6,1514626,2024-05-18,2025-05-29,auto,5000000,0.3029252
8202054422518066,1,1,14,F,RS008,J00,93.9,2,3,0,8023514,2024-09-20,2025-05-29,manual,500000,16.047028
0035668332822258,1,0,17,F,RS007,Z34.0,73.0,1,1,3,9822928,2025-05-06,2025-05-29,auto,800000,12.27866
9097259862591078,0,0,89,M,RS006,Z34.0,73.0,1,1,2,3512493,2025-04-30,2025-05-30,manual,800000,4.39061625
4272631961327563,0,1,61,M,RS007,I10,99.04,1,4,4,3990452,2025-03-08,2025-05-30,auto,2000000,1.995226
8827045452732691,1,0,31,M,RS005,H25.9,13.1,2,3,0,6331871,2025-01-03,2025-05-30,manual,7500000,0.8442494666666667
0487521962762816,1,1,18,F,RS005,O80,72.0,2,3,2,3950103,2024-09-26,2025-05-30,auto,3500000,1.1286008571428572
7386173404836002,1,1,15,M,RS001,J45.9,93.96,3,2,2,9466320,2025-04-19,2025-05-30,manual,2300000,4.115791304347826
9537123692699614,1,1,78,F,RS008,K21.0,45.16,2,3,3,674423,2024-07-24,2025-05-30,auto,1400000,0.4817307142857143
8518924512506640,0,1,43,M,RS008,R50.9,99.19,2,2,1,1417131,2024-12-30,2025-05-30,manual,1000000,1.417131
8424988033885567,1,0,25,M,RS001,J45.9,93.96,3,3,1,2525541,2024-08-26,2025-05-30,manual,2300000,1.098061304347826
8191255536134854,1,1,61,F,RS001,R10.4,45.23,2,1,0,6026527,2024-03-04,2025-05-30,manual,1200000,5.022105833333334
8893924231794477,1,1,16,F,RS005,R10.4,87.09,1,4,0,9032936,2024-08-15,2025-05-30,auto,1200000,7.527446666666667
7138575340193030,1,0,79,F,RS006,K21.0,45.16,3,3,2,6727645,2024-01-03,2025-05-30,manual,1400000,4.805460714285714
7210520182685066,1,1,73,M,RS009,K21.0,45.16,1,2,2,8191486,2024-01-27,2025-05-30,manual,1400000,5.851061428571429
2095170039431707,0,1,71,M,RS001,K29.7,45.16,2,4,2,8379276,2025-05-14,2025-05-30,manual,1700000,4.928985882352941
4545271230814357,1,1,52,M,RS004,J45.9,93.96,1,2,0,497526,2024-05-18,2025-05-30,auto,2300000,0.21631565217391305
3122374314425992,1,1,15,M,RS005,R50.9,99.19,2,4,0,4380984,2024-10-29,2025-05-30,manual,1000000,4.380984
8119327786155571,1,0,73,F,RS009,K29.7,45.16,3,4,0,2865603,2024-02-26,2025-05-30,auto,1700000,1.6856488235294118
0321629857983778,1,1,88,F,RS002,N39.0,57.98,1,1,0,8444803,2024-01-08,2025-05-30,auto,2200000,3.8385468181818183
6209494305721231,1,0,54,F,RS005,H25.9,13.1,3,3,0,4603459,2024-09-13,2025-05-30,manual,7500000,0.6137945333333333
7626748403754406,1,1,43,F,RS001,Z34.0,73.0,1,2,1,8904596,2024-10-23,2025-05-30,manual,800000,11.130745
3863396820447890,1,1,10,F,RS006,R50.9,99.19,3,3,0,9999085,2024-04-10,2025-05-30,auto,1000000,9.999085
6247945305457062,1,1,85,F,RS007,O80,72.0,3,1,2,8555580,2024-01-27,2025-05-30,auto,3500000,2.4444514285714285
2088186843718702,1,1,20,M,RS005,J00,93.9,1,1,0,5463024,2025-01-23,2025-05-31,auto,500000,10.926048
1000910596551954,0,0,70,M,RS002,H25.9,13.5,2,2,0,3588569,2025-03-31,2025-05-31,auto,7500000,0.4784758666666667
3108230107333565,1,0,73,F,RS001,I25.1,99.24,2,3,3,1069091,2025-03-20,2025-05-31,auto,5000000,0.2138182
5536080130453829,1,1,61,M,RS007,R10.4,45.23,3,4,0,3309673,2024-12-26,2025-05-31,auto,1200000,2.7580608333333334
2657372287960431,1,0,25,M,RS009,H25.9,13.1,2,4,0,6191750,2025-01-25,2025-05-31,manual,7500000,0.8255666666666667
4122659775484940,1,1,42,F,RS008,Z00.0,93.99,3,3,0,4302210,2024-12-20,2025-05-31,auto,700000,6.146014285714286
6500701680322492,1,1,45,M,RS010,E11,99.10,2,1,0,7999043,2024-02-10,2025-05-31,auto,2500000,3.1996172
5140743779299850,0,1,43,F,RS006,I10,99.04,3,2,1,7104990,2024-12-03,2025-05-31,auto,2000000,3.552495
2045574988312742,0,1,48,F,RS009,J00,93.9,1,1,0,9890728,2025-02-24,2025-05-31,auto,500000,19.781456
1768728326038367,1,1,20,F,RS010,E66.9,99.28,3,1,0,3921711,2024-05-01,2025-05-31,manual,1000000,3.921711
6207394413421658,1,1,51,F,RS008,J18.9,93.94,3,1,0,3541661,2024-05-09,2025-05-31,manual,4200000,0.8432526190476191
9868037317108449,1,1,15,F,RS004,K21.0,45.16,1,3,1,8198826,2024-06-29,2025-05-31,manual,1400000,5.856304285714286
7886179660491873,0,0,54,F,RS010,N39.0,57.98,1,1,2,3616850,2024-03-18,2025-05-31,auto,2200000,1.6440227272727272
3440914394530166,1,1,21,F,RS008,O80,72.0,2,2,2,4949679,2024-11-22,2025-05-31,auto,3500000,1.414194
1206640953745033,1,0,27,M,RS009,I10,99.04,2,4,3,6652055,2025-04-01,2025-05-31,auto,2000000,3.3260275
8571711790200830,1,1,50,F,RS002,O80,72.0,2,4,2,7012171,2024-07-27,2025-05-31,auto,3500000,2.0034774285714287
8944836216071900,0,1,39,M,RS008,K21.0,45.16,1,1,2,759683,2025-05-14,2025-05-31,auto,1400000,0.5426307142857143
4325763296609102,1,1,11,M,RS008,J45.9,93.96,2,3,0,8345524,2024-09-06,2025-05-31,manual,2300000,3.628488695652174
8487274383546679,1,0,67,F,RS008,I25.1,99.24,2,2,1,4186302,2024-02-24,2025-05-31,auto,5000000,0.8372604
9270727056704384,1,1,76,M,RS006,R10.4,45.23,3,3,2,8207548,2025-03-21,2025-05-31,manual,1200000,6.839623333333333
4850587547042431,1,1,74,F,RS005,E11,99.10,3,2,3,9867733,2025-01-25,2025-05-31,manual,2500000,3.9470932
7737742232257082,0,1,7,M,RS004,M54.5,93.39,1,1,0,1083548,2024-05-01,2025-05-31,auto,1800000,0.6019711111111111
3369253369069562,1,1,55,F,RS009,I10,99.04,3,3,1,5080865,2025-03-25,2025-05-31,auto,2000000,2.5404325
8890458572613811,0,1,44,F,RS001,J00,93.9,2,1,1,401730,2024-02-05,2025-05-31,manual,500000,0.80346
1588650155015392,1,1,45,M,RS004,R10.4,87.09,1,4,2,5580457,2025-05-01,2025-05-31,auto,1200000,4.650380833333333
5835183717155751,1,0,89,M,RS008,A09,45.23,2,3,0,655122,2024-08-02,2025-05-31,manual,1300000,0.50394
3125702526543398,1,0,85,M,RS008,Z00.0,93.99,2,2,0,8307551,2025-01-06,2025-05-31,manual,700000,11.86793
4705770077656530,0,1,45,F,RS003,K21.0,45.16,1,3,4,1161093,2024-10-18,2025-05-31,manual,1400000,0.8293521428571429
4881323969410829,0,0,44,F,RS004,Z00.0,93.99,3,2,0,1430058,2025-03-21,2025-06-02,auto,700000,2.04294
3893037865770408,1,1,8,F,RS002,R50.9,99.19,2,3,0,1271189,2024-10-18,2025-06-02,auto,1000000,1.271189
3561213450759841,0,1,52,M,RS005,J45.9,93.96,1,3,2,1667571,2024-06-28,2025-06-02,auto,2300000,0.7250308695652173
0429671617048262,0,1,33,F,RS002,M54.5,93.39,1,2,2,6192209,2025-03-04,2025-06-02,auto,1800000,3.440116111111111
7681562024027711,0,0,90,F,RS009,N39.0,57.94,2,1,5,8592299,2024-10-26,2025-06-02,manual,2200000,3.9055904545454547
1764240686273313,1,1,77,M,RS007,M54.5,93.39,1,2,0,867598,2024-05-15,2025-06-02,manual,1800000,0.48199888888888887
3415350375992744,1,1,9,F,RS004,O80,72.0,3,1,2,5933538,2024-06-19,2025-06-02,manual,3500000,1.6952965714285715
0771642427613130,1,1,40,F,RS008,J18.9,96.04,3,3,0,9801629,2024-11-14,2025-06-02,auto,4200000,2.3337211904761905
8807876339093834,1,1,31,F,RS001,O80,72.0,1,1,2,4397862,2024-08-23,2025-06-02,manual,3500000,1.256532
9732458967890419,1,1,79,M,RS001,K29.7,45.16,1,2,0,5868014,2024-05-07,2025-06-02,manual,1700000,3.4517729411764706
3729451114764061,1,0,12,F,RS001,H25.9,13.1,1,3,0,7335138,2024-04-30,2025-06-02,manual,7500000,0.9780184
3857188412076817,1,0,87,M,RS001,J18.9,93.94,1,1,1,8181941,2025-04-11,2025-06-03,auto,4200000,1.9480811904761905
4811871642648489,1,0,83,M,RS005,K21.0,45.16,3,2,2,9178759,2025-05-17,2025-06-03,auto,1400000,6.556256428571428
6027000885549999,0,1,71,M,RS002,J00,93.9,3,1,0,6501950,2025-05-06,2025-06-03,manual,500000,13.0039
3499318732286346,1,1,63,M,RS008,R50.9,99.19,1,3,1,7798145,2025-02-26,2025-06-03,auto,1000000,7.798145
4858548926897241,0,0,6,F,RS006,Z03.8,93.91,2,4,0,8044908,2024-10-10,2025-06-03,manual,1200000,6.70409
6713021505662344,1,1,9,M,RS005,R50.9,99.19,2,3,1,5529204,2024-04-29,2025-06-03,auto,1000000,5.529204
9866137637510239,1,1,86,F,RS002,Z00.0,93.99,2,4,0,4532454,2024-01-24,2025-06-03,auto,700000,6.474934285714285
4727826253056129,0,0,38,M,RS010,Z00.0,93.99,1,4,0,1538641,2025-05-07,2025-06-03,manual,700000,2.1980585714285716
6862512011531669,0,1,66,M,RS008,Z00.0,93.99,1,1,0,6829189,2024-04-26,2025-06-03,manual,700000,9.755984285714286
8877684967139127,1,1,70,M,RS005,K29.7,45.16,1,2,0,3958702,2025-05-28,2025-06-03,manual,1700000,2.328648235294118
8404646540554843,1,1,65,F,RS004,O80,72.0,3,3,4,9632152,2024-05-17,2025-06-03,auto,3500000,2.7520434285714286
2467885337565752,0,1,14,M,RS003,I25.1,36.15,3,4,5,6456996,2025-03-01,2025-06-03,auto,5000000,1.2913992
3127052948173669,1,1,89,M,RS004,K29.7,45.16,3,4,1,6889221,2024-12-26,2025-06-04,auto,1700000,4.0524829411764705
6531254732670020,0,1,18,F,RS004,E66.9,99.28,2,3,2,8203380,2025-03-05,2025-06-04,manual,1000000,8.20338
1674421329270506,1,1,40,M,RS005,E11,99.10,2,3,0,1827239,2024-10-09,2025-06-04,manual,2500000,0.7308956
7382626710142900,1,0,59,F,RS004,R10.4,45.23,3,1,0,1917659,2025-05-12,2025-06-04,auto,1200000,1.5980491666666667
3357649976743084,1,1,38,M,RS003,K21.0,45.16,2,4,2,8031939,2024-09-25,2025-06-04,manual,1400000,5.737099285714286
2584167558757650,1,0,13,M,RS008,J00,93.9,1,1,0,1716317,2025-05-31,2025-06-04,manual,500000,3.432634
0686759932621737,0,1,30,F,RS008,R10.4,87.09,3,2,0,7428803,2025-03-13,2025-06-04,auto,1200000,6.190669166666667
3166645029631921,0,1,28,F,RS004,Z00.0,93.99,2,3,1,3069944,2024-11-27,2025-06-04,auto,700000,4.385634285714286
5636269082375464,1,1,2,M,RS001,M54.5,93.39,1,1,0,8672649,2024-05-10,2025-06-04,manual,1800000,4.818138333333334
0317462806141428,1,1,9,M,RS009,N39.0,57.98,2,1,0,6065953,2024-10-21,2025-06-04,auto,2200000,2.757251363636364
9367137590159353,1,1,41,M,RS010,K21.0,45.16,3,3,0,7129361,2025-02-10,2025-06-04,auto,1400000,5.092400714285715
7843065073438614,1,1,46,F,RS009,E11,99.10,1,3,1,3047110,2025-03-14,2025-06-04,manual,2500000,1.218844
4695457982507706,1,1,50,M,RS006,H25.9,13.5,3,4,0,1424335,2025-05-22,2025-06-04,auto,7500000,0.18991133333333332
6555118089289008,0,1,30,M,RS005,I25.1,99.24,3,4,3,4062911,2024-11-29,2025-06-04,auto,5000000,0.8125822
6385962290088984,1,0,14,F,RS008,A09,45.23,2,1,2,6460667,2025-03-14,2025-06-04,manual,1300000,4.969743846153846
3188465804186084,1,0,80,M,RS005,E11,99.10,1,1,4,8343857,2024-04-12,2025-06-04,manual,2500000,3.3375428
8238051599047689,1,1,74,F,RS001,J18.9,93.94,2,4,0,631425,2024-12-10,2025-06-04,manual,4200000,0.1503392857142857
1871856155345349,1,0,88,M,RS009,R50.9,99.19,3,2,0,5497645,2024-10-05,2025-06-04,manual,1000000,5.497645
6576035683862265,1,1,43,F,RS006,R50.9,99.19,3,4,0,8118073,2024-09-30,2025-06-04,auto,1000000,8.118073
1308381474915778,0,1,55,F,RS003,Z34.0,73.0,3,1,1,6318586,2024-10-16,2025-06-05,auto,800000,7.8982325
9601782874278555,1,1,87,M,RS009,E11,99.10,3,2,0,6080473,2025-04-15,2025-06-05,auto,2500000,2.4321892
7529783699025813,1,1,71,F,RS002,A09,45.23,2,3,1,8866584,2025-02-15,2025-06-05,manual,1300000,6.82044923076923
2112230008629721,1,0,90,F,RS005,I10,99.04,1,4,4,7447674,2025-03-21,2025-06-05,auto,2000000,3.723837
9530165106478672,1,1,62,F,RS001,I25.1,99.24,3,1,1,7703074,2024-05-02,2025-06-05,auto,5000000,1.5406148
8809201840936143,1,1,73,M,RS004,I25.1,36.15,3,1,2,3751690,2025-01-21,2025-06-05,manual,5000000,0.750338
5380818416306672,1,1,72,F,RS009,R50.9,99.19,1,1,0,9190685,2025-05-07,2025-06-05,manual,1000000,9.190685
4569961068833771,1,1,54,M,RS003,K21.0,45.16,2,4,1,831341,2024-11-09,2025-06-05,auto,1400000,0.593815
8054090674153817,1,0,62,M,RS001,H25.9,13.4,2,4,0,3402018,2024-06-05,2025-06-05,auto,7500000,0.4536024
6848019516988740,0,1,1,M,RS008,O80,72.0,2,2,3,3168032,2025-03-12,2025-06-05,manual,3500000,0.905152
6430366032080682,1,1,73,F,RS007,J45.9,93.96,1,1,3,6785742,2024-07-01,2025-06-05,auto,2300000,2.950322608695652
9268505306861928,0,1,45,M,RS008,K29.7,45.16,2,4,0,6482286,2024-01-29,2025-06-05,manual,1700000,3.8131094117647057
7014329169130965,0,1,16,M,RS001,N39.0,57.98,3,4,0,2075424,2024-06-24,2025-06-05,auto,2200000,0.9433745454545455
9730029854044707,1,1,68,M,RS006,I10,99.04,2,2,4,5620865,2024-12-03,2025-06-05,manual,2000000,2.8104325
6372779779414876,1,0,64,M,RS001,K21.0,45.16,1,2,1,6490454,2024-02-24,2025-06-05,manual,1400000,4.636038571428571
5378118084037219,0,1,45,F,RS010,K29.7,45.16,3,4,1,11081092,2025-03-03,2025-06-05,manual,1700000,2.806709411764706
6817849671151815,1,0,13,F,RS002,K29.7,45.16,1,1,0,7283318,2024-06-25,2025-06-05,manual,1700000,4.284304705882353
1941302312153892,1,1,67,F,RS003,O80,72.0,2,1,2,1809132,2024-04-08,2025-06-05,manual,3500000,0.5168948571428571
4002087590544944,0,1,46,F,RS010,N39.0,57.98,2,1,1,2919260,2025-02-25,2025-06-05,manual,2200000,1.3269363636363636
8603255609643840,1,1,14,M,RS002,A09,45.23,1,2,1,9348683,2025-03-27,2025-06-05,manual,1300000,7.191294615384615
2206487531427005,1,0,90,M,RS001,Z00.0,93.99,3,1,0,5495360,2025-04-26,2025-06-06,manual,700000,7.850514285714286
6821489080645111,1,1,14,F,RS001,M54.5,93.39,3,4,0,4392936,2024-04-17,2025-06-06,auto,1800000,2.44052
2420132681019047,1,1,61,M,RS004,R50.9,99.19,3,4,0,4958843,2025-02-11,2025-06-06,manual,1000000,4.958843
4908241822922450,0,1,14,M,RS005,R10.4,87.09,1,2,0,5277178,2025-04-04,2025-06-06,manual,1200000,4.397648333333334
1813792019977577,1,1,8,M,RS009,E66.9,99.28,3,1,1,3909429,2024-04-27,2025-06-06,manual,1000000,3.909429
5335053585479344,1,0,4,F,RS010,H25.9,13.5,1,2,0,3873472,2025-02-26,2025-06-06,manual,7500000,0.5164629333333334
8420807372907986,0,1,37,F,RS009,H25.9,13.4,3,3,1,7247507,2024-11-04,2025-06-06,auto,7500000,0.9663342666666667
1104164813967551,1,1,68,F,RS004,O80,72.0,2,3,3,6850527,2024-11-14,2025-06-06,manual,3500000,1.9572934285714285
2787182719204658,1,1,49,M,RS005,I10,99.04,3,3,0,8316217,2024-08-27,2025-06-06,manual,2000000,4.1581085
6471123294119714,0,1,79,M,RS001,K29.7,45.16,1,4,2,1620867,2025-03-24,2025-06-06,manual,1700000,0.9534511764705882
2286025430307373,1,0,61,F,RS009,J45.9,93.96,1,1,1,2796926,2025-02-03,2025-06-06,manual,2300000,1.2160547826086956
7208006203087617,1,0,28,M,RS003,E11,99.10,2,2,1,8664337,2024-08-20,2025-06-06,auto,2500000,3.4657348
0618267810074962,1,1,63,F,RS009,I10,99.04,1,2,2,8788775,2025-03-01,2025-06-06,auto,2000000,4.3943875
5070720846199445,1,1,71,M,RS006,I10,99.04,3,2,3,4253863,2024-01-30,2025-06-06,auto,2000000,2.1269315
8685167806148693,1,1,5,F,RS003,O80,72.0,2,4,2,7900309,2025-05-31,2025-06-07,auto,3500000,2.257231142857143
6651978914319758,1,1,55,F,RS006,J45.9,93.96,3,2,1,6008329,2024-06-08,2025-06-07,auto,2300000,2.612316956521739
7926264611846985,0,1,66,M,RS005,Z00.0,93.99,1,2,0,3912660,2024-09-05,2025-06-07,auto,700000,5.589514285714285
2995696536115960,1,0,15,M,RS005,Z03.8,93.91,1,1,0,5706481,2025-05-07,2025-06-07,manual,1200000,4.755400833333334
6581180888853200,1,0,42,F,RS007,Z00.0,93.99,1,3,0,8886507,2025-06-02,2025-06-07,manual,700000,12.69501
2924248664807510,1,1,86,M,RS005,I25.1,99.24,3,2,2,7108878,2024-01-11,2025-06-07,auto,5000000,1.4217756
7869313476679676,1,0,24,F,RS007,M54.5,93.39,2,4,0,9718250,2025-05-02,2025-06-07,auto,1800000,5.3990277777777775
2914399596931199,1,0,86,F,RS006,R50.9,99.19,1,4,1,2409311,2025-03-03,2025-06-07,auto,1000000,2.409311
7834441145195136,1,0,86,F,RS006,H25.9,13.4,3,4,1,3139325,2025-03-17,2025-06-07,manual,7500000,0.41857666666666665
1647419784293670,1,1,45,F,RS002,K21.0,45.16,3,3,1,9053711,2025-02-28,2025-06-07,auto,1400000,6.466936428571429
2467496622622119,1,1,80,F,RS004,I25.1,99.24,1,1,4,5001594,2025-04-26,2025-06-07,auto,5000000,1.0003188
3350465497447588,0,1,1,F,RS010,Z03.8,93.91,1,3,0,7426965,2024-07-22,2025-06-09,auto,1200000,6.1891375
0273584422256448,1,0,72,F,RS010,K21.0,45.16,2,2,2,3220040,2025-01-29,2025-06-09,manual,1400000,2.3000285714285713
2125759466188800,1,1,83,M,RS001,R10.4,87.09,1,1,0,4431530,2024-01-23,2025-06-09,auto,1200000,3.6929416666666666
2913539596413669,1,0,61,M,RS002,I10,99.04,1,4,1,5406822,2024-10-25,2025-06-09,manual,2000000,2.703411
3666213973413878,0,1,46,F,RS006,K29.7,45.16,2,1,0,9298320,2024-06-27,2025-06-09,auto,1700000,5.4696
8202054422518066,1,1,14,F,RS008,J00,93.9,3,4,2,2938935,2024-08-05,2025-06-09,auto,500000,5.87787
7947417475230811,0,1,77,F,RS001,K29.7,45.16,1,1,1,4772200,2024-04-08,2025-06-09,auto,1700000,2.807176470588235
5177774970406353,0,0,89,F,RS007,K21.0,45.16,2,2,1,7931267,2025-02-04,2025-06-09,auto,1400000,5.665190714285714
9177255086043773,1,1,33,F,RS009,J45.9,93.96,3,3,1,9672283,2025-02-08,2025-06-09,manual,2300000,4.205340434782609
2796418229273656,0,1,19,M,RS010,I10,99.04,3,1,1,4308586,2025-03-08,2025-06-09,manual,2000000,2.154293
7226578348736665,1,1,28,F,RS004,R10.4,45.23,1,2,1,8750836,2025-01-11,2025-06-09,auto,1200000,7.292363333333333
6710404581844859,1,0,22,M,RS005,J45.9,93.96,2,2,0,6371150,2024-10-05,2025-06-09,manual,2300000,2.7700652173913043
7861852016437795,0,1,21,M,RS005,I10,99.04,3,4,1,4082254,2024-04-24,2025-06-09,manual,2000000,2.041127
2633256230741433,1,1,12,F,RS008,H25.9,13.5,1,4,0,2151471,2024-06-27,2025-06-09,auto,7500000,0.2868628
6118312882326426,1,1,45,F,RS004,J18.9,96.04,2,4,0,9888894,2025-03-12,2025-06-09,manual,4200000,2.3544985714285716
9459198491869997,0,1,11,M,RS002,R50.9,99.19,2,4,1,9413095,2024-11-19,2025-06-09,manual,1000000,9.413095
6214085197162573,1,1,30,F,RS005,I10,99.04,1,3,1,8966546,2024-10-04,2025-06-09,auto,2000000,4.483273
6379078397102101,0,1,17,F,RS010,K29.7,45.16,3,2,0,7086614,2024-05-17,2025-06-09,auto,1700000,4.168596470588235
9172164010266734,0,1,27,F,RS006,J45.9,93.96,2,4,0,4822296,2025-03-25,2025-06-09,manual,2300000,2.0966504347826085
0572530295453798,0,1,27,M,RS005,N39.0,57.94,2,2,2,4741530,2025-05-22,2025-06-09,manual,2200000,2.1552409090909093
7398493674328705,1,1,50,M,RS005,O80,72.0,3,1,2,6977776,2024-11-08,2025-06-09,auto,3500000,1.9936502857142857
4982397445932366,1,1,43,M,RS006,Z34.0,73.0,3,4,3,1269250,2025-02-06,2025-06-09,manual,800000,1.5865625
8088580042537141,1,1,14,M,RS009,E11,99.10,1,1,3,8415180,2025-03-10,2025-06-09,auto,2500000,3.366072
5519825488340102,1,1,46,F,RS007,E11,99.10,3,3,0,3775603,2024-11-12,2025-06-09,manual,2500000,1.5102412
1672802152180429,1,1,37,M,RS001,I25.1,36.15,1,4,4,9274306,2024-05-23,2025-06-10,manual,5000000,1.8548612
9752565089782370,1,1,79,M,RS002,I25.1,99.24,2,2,2,1532206,2024-08-20,2025-06-10,manual,5000000,0.3064412
3841999087286045,1,1,32,F,RS002,R50.9,99.19,1,4,0,8091870,2025-05-21,2025-06-10,auto,1000000,8.09187
9642444787991293,1,1,50,M,RS001,R10.4,87.09,2,3,1,8525203,2024-06-18,2025-06-10,manual,1200000,7.104335833333334
5841584031436177,0,1,62,M,RS004,I25.1,36.15,1,2,7,3292509,2024-12-31,2025-06-10,auto,5000000,0.6585018
1736124250371126,1,0,66,F,RS007,H25.9,13.5,1,1,0,9177771,2024-02-10,2025-06-10,manual,7500000,1.2237028
5544288486154092,1,1,43,F,RS010,J45.9,93.96,2,3,1,7243311,2024-09-09,2025-06-10,manual,2300000,3.149265652173913
3211935085788326,1,1,33,F,RS008,M54.5,93.39,1,3,0,8902864,2025-04-28,2025-06-10,manual,1800000,4.9460355555555555
4403284524118245,0,0,59,M,RS010,I25.1,36.15,1,2,4,6605380,2024-07-15,2025-06-10,auto,5000000,1.321076
6614791601019959,0,1,52,F,RS003,I25.1,99.24,2,1,3,1061794,2024-04-25,2025-06-10,manual,5000000,0.2123588
1201398862894144,1,1,74,F,RS002,Z03.8,93.91,2,2,1,6366686,2024-07-18,2025-06-10,auto,1200000,5.305571666666666
2298072669912854,0,1,32,F,RS004,J18.9,96.04,3,3,0,3828321,2025-04-05,2025-06-10,manual,4200000,0.911505
2670287680681170,1,1,43,M,RS004,Z34.0,73.0,3,3,1,1187222,2025-04-15,2025-06-10,auto,800000,1.4840275
4023425933717321,0,1,89,F,RS001,Z03.8,93.91,1,1,0,5448835,2025-02-18,2025-06-10,auto,1200000,4.540695833333333
7207549938730121,0,1,55,M,RS009,K21.0,45.16,1,2,0,4702007,2025-05-01,2025-06-10,auto,1400000,3.3585764285714284
3415350375992744,1,1,9,F,RS004,O80,72.0,3,1,1,1324732,2025-04-25,2025-06-10,auto,3500000,0.37849485714285713
7783057971395830,0,1,35,M,RS002,R10.4,87.09,1,3,0,7360690,2024-05-28,2025-06-10,manual,1200000,6.133908333333333
5945562047567614,0,1,90,F,RS007,H25.9,13.4,1,1,0,7481204,2024-11-09,2025-06-11,manual,7500000,0.9974938666666666
8291169459993019,1,0,14,F,RS006,A09,45.23,2,4,1,5561173,2024-08-01,2025-06-11,manual,1300000,4.277825384615385
5124039520614457,1,1,39,F,RS005,O80,72.0,2,2,2,5363279,2024-12-19,2025-06-11,auto,3500000,1.5323654285714285
2777081140110349,0,1,32,M,RS009,O80,72.0,1,4,2,9063762,2024-06-21,2025-06-11,auto,3500000,2.5896462857142857
2487246069945422,1,1,61,M,RS004,I10,99.04,3,3,4,9213602,2024-08-10,2025-06-11,manual,2000000,4.606801
3368168281228136,1,1,14,M,RS009,A09,45.23,1,4,1,4330602,2024-05-29,2025-06-11,auto,1300000,3.3312323076923076
9367790213174776,1,1,26,M,RS004,K29.7,45.16,3,2,2,4022451,2025-01-25,2025-06-11,auto,1700000,2.3661476470588236
9407839972700139,1,0,80,M,RS002,I25.1,99.24,1,3,2,2607956,2025-03-11,2025-06-11,manual,5000000,0.5215912
4119567913929519,1,0,89,M,RS006,I25.1,99.24,1,3,2,857917,2025-04-12,2025-06-11,auto,5000000,0.1715834
9393180743617865,1,0,82,M,RS008,E66.9,99.28,1,3,4,1067601,2025-04-02,2025-06-11,auto,1000000,1.067601
6601744282501159,1,1,13,M,RS004,K21.0,45.16,2,2,2,958631,2024-06-03,2025-06-11,auto,1400000,0.6847364285714286
4361348173262579,1,1,76,F,RS009,I10,99.04,3,3,4,1496988,2025-01-31,2025-06-11,auto,2000000,0.748494
4727826253056129,0,0,38,M,RS010,R50.9,99.19,2,2,0,3774324,2024-11-28,2025-06-11,manual,1000000,3.774324
9324484402579378,1,1,16,F,RS005,E11,99.10,2,4,1,2393859,2024-11-14,2025-06-11,manual,2500000,0.9575436
0059702135674460,0,1,84,M,RS007,Z34.0,73.0,3,4,2,1728376,2025-05-22,2025-06-11,manual,800000,2.16047
0248268611161020,1,0,34,M,RS005,I10,99.04,2,2,1,460734,2025-04-17,2025-06-11,manual,2000000,0.230367
5245956282140742,1,1,64,F,RS007,I25.1,99.24,2,1,1,4893899,2024-10-23,2025-06-11,manual,5000000,0.9787798
2270053787197770,0,0,74,F,RS009,J45.9,93.96,3,1,1,4291223,2024-01-31,2025-06-11,manual,2300000,1.8657491304347826
7085050062364871,1,1,81,M,RS007,Z03.8,93.91,1,2,0,7175626,2025-01-10,2025-06-11,manual,1200000,5.979688333333334
4034664349725082,1,1,2,F,RS003,A09,45.23,3,4,2,4205691,2025-03-10,2025-06-11,auto,1300000,3.235146923076923
7356070297812652,1,1,71,M,RS008,J18.9,93.94,3,4,0,4048693,2024-12-20,2025-06-12,auto,4200000,0.9639745238095239
1389202829910678,0,1,75,F,RS006,K29.7,45.16,1,3,1,9301982,2024-04-13,2025-06-12,manual,1700000,5.471754117647059
0808443078577059,0,1,69,M,RS006,N39.0,57.94,1,3,3,7193664,2025-01-27,2025-06-12,manual,2200000,3.2698472727272727
8510752161319011,1,1,84,F,RS002,O80,72.0,2,2,2,6260276,2024-05-28,2025-06-12,auto,3500000,1.7886502857142856
0777186281397697,1,1,33,M,RS001,A09,45.23,1,4,0,4442108,2024-04-27,2025-06-12,auto,1300000,3.417006153846154
2858505853582813,0,1,10,M,RS010,Z03.8,93.91,1,3,0,8458556,2025-05-30,2025-06-12,manual,1200000,7.048796666666667
1165373809584641,0,1,66,F,RS010,R10.4,45.23,1,3,0,6293112,2024-07-17,2025-06-12,auto,1200000,5.24426
5353799018471819,0,0,6,M,RS003,Z00.0,93.99,3,4,0,1582460,2025-06-02,2025-06-12,manual,700000,2.2606571428571427
5545316017799861,1,0,8,F,RS008,I25.1,36.15,3,2,2,7001255,2025-01-07,2025-06-12,auto,5000000,1.400251
0498289930305748,1,1,9,M,RS008,A09,45.23,3,1,2,2953447,2024-01-19,2025-06-12,manual,1300000,2.271882307692308
3736191394795173,1,1,67,M,RS002,E66.9,99.28,2,4,4,5620494,2025-05-10,2025-06-12,manual,1000000,5.620494
7458930025627942,1,0,23,F,RS001,E66.9,99.28,3,3,0,4820338,2024-11-25,2025-06-12,auto,1000000,4.820338
9734406236726499,1,0,64,M,RS002,J45.9,93.96,3,4,0,4163209,2024-09-28,2025-06-12,auto,2300000,1.8100908695652174
0301139450379884,1,1,23,M,RS003,I10,99.04,1,1,2,3570748,2025-03-28,2025-06-12,manual,2000000,1.785374
8781246900882806,1,1,90,M,RS001,I25.1,99.24,1,1,2,2034260,2024-10-23,2025-06-12,manual,5000000,0.406852
3279707258493046,1,1,60,M,RS004,K29.7,45.16,1,1,3,2356743,2024-01-02,2025-06-12,manual,1700000,1.386319411764706
7177516139966301,1,1,79,F,RS005,R50.9,99.19,1,2,0,616115,2025-05-13,2025-06-13,auto,1000000,0.616115
8363309349833107,1,1,66,F,RS005,A09,45.23,3,4,0,5276614,2024-02-28,2025-06-13,manual,1300000,4.058933846153846
6268317836288887,1,1,30,F,RS010,R10.4,45.23,2,3,0,1379343,2024-12-06,2025-06-13,manual,1200000,1.1494525
6697281077434688,1,0,44,M,RS001,J00,93.9,3,4,0,4427158,2024-02-21,2025-06-13,auto,500000,8.854316
1969243615292712,1,1,39,M,RS009,E11,99.10,3,3,1,1851686,2024-03-12,2025-06-13,auto,2500000,0.7406744
9817980362437691,1,0,5,F,RS007,Z03.8,93.91,2,2,0,8598689,2024-04-27,2025-06-13,auto,1200000,7.165574166666667
8518136758959613,1,1,11,F,RS006,I25.1,36.15,2,1,3,4038000,2024-04-06,2025-06-13,auto,5000000,0.8076
6670844971338769,1,1,33,F,RS008,R50.9,99.19,3,3,0,9074491,2025-06-09,2025-06-13,auto,1000000,9.074491
0724533424632290,0,0,56,F,RS002,Z34.0,73.0,3,3,3,2771841,2024-12-14,2025-06-13,manual,800000,3.46480125
2849295304957500,1,1,47,F,RS008,A09,45.23,3,2,0,8571069,2024-09-27,2025-06-13,manual,1300000,6.59313
6022652431743594,1,1,81,M,RS005,H25.9,13.5,2,1,0,1257163,2025-05-08,2025-06-13,manual,7500000,0.16762173333333333
5343769046245881,1,1,80,F,RS001,J45.9,93.96,1,4,2,7630535,2024-07-19,2025-06-13,auto,2300000,3.3176239130434784
9730029854044707,1,1,68,M,RS006,I25.1,36.15,3,2,5,4818894,2025-02-20,2025-06-13,manual,5000000,0.9637788
6531254732670020,0,1,18,F,RS004,E11,99.10,3,3,2,2351370,2025-05-16,2025-06-13,manual,2500000,0.940548
5770859309801493,1,0,37,F,RS005,Z34.0,73.0,1,4,1,2386836,2024-11-18,2025-06-13,auto,800000,2.983545
7991896135964677,1,0,23,M,RS009,J18.9,93.94,1,3,1,5951079,2024-12-18,2025-06-13,auto,4200000,1.4169235714285715
6114470252394502,1,0,3,M,RS010,I25.1,36.15,3,3,1,4408004,2024-06-17,2025-06-13,auto,5000000,0.8816008
2993478058555634,1,1,39,F,RS010,N39.0,57.94,2,3,2,8843137,2024-08-13,2025-06-13,auto,2200000,4.019607727272727
0935218242488304,1,1,24,M,RS009,N39.0,57.94,2,3,1,9800586,2025-05-17,2025-06-13,manual,2200000,4.454811818181819
2298072669912854,0,1,32,F,RS003,J18.9,96.04,1,2,1,6971300,2025-02-05,2025-06-13,auto,4200000,1.6598333333333333
3986029374732558,1,0,73,M,RS008,J18.9,96.04,1,3,0,6780306,2025-05-07,2025-06-13,manual,4200000,1.6143585714285715
3825819792221445,1,1,14,F,RS003,K29.7,45.16,2,2,1,8304058,2025-05-16,2025-06-13,auto,1700000,4.88474
6736949518875340,1,1,11,M,RS006,N39.0,57.94,3,4,0,2872789,2025-05-24,2025-06-14,manual,2200000,1.3058131818181817
4453182788104814,0,1,48,M,RS009,Z03.8,93.91,2,2,0,2754305,2024-03-14,2025-06-14,manual,1200000,2.2952541666666666
2182279286324316,1,0,27,F,RS004,O80,72.0,1,4,1,4092151,2025-05-01,2025-06-14,auto,3500000,1.169186
6035283383075389,1,0,45,M,RS008,E66.9,99.28,1,2,1,3422677,2025-05-24,2025-06-14,manual,1000000,3.422677
7683924049915803,1,0,46,F,RS008,I25.1,36.15,1,2,3,6177632,2025-01-17,2025-06-14,manual,5000000,1.2355264
9499830523423665,1,1,59,M,RS004,M54.5,93.39,1,1,0,2677358,2025-05-12,2025-06-14,auto,1800000,1.487421111111111
6979995941258665,1,1,17,F,RS002,J18.9,93.94,3,4,0,9319407,2024-12-31,2025-06-14,manual,4200000,2.2189064285714286
0584884072976700,1,1,77,M,RS005,N39.0,57.94,1,4,1,5465572,2025-05-26,2025-06-14,manual,2200000,2.4843509090909093
4826564702607638,1,1,37,M,RS005,Z00.0,93.99,3,1,1,8089677,2025-05-01,2025-06-14,auto,700000,11.556681428571428
3211935085788326,1,1,33,F,RS008,M54.5,93.39,1,2,0,2917612,2025-06-06,2025-06-14,manual,1800000,1.6208955555555555
4124204508930280,1,1,65,M,RS001,Z03.8,93.91,1,3,0,8835625,2025-02-25,2025-06-14,manual,1200000,7.363020833333334
3250605319470314,1,1,19,M,RS001,A09,45.23,2,1,1,2471241,2024-03-12,2025-06-14,auto,1300000,1.9009546153846153
2797110441803199,0,1,90,F,RS003,R50.9,99.19,2,1,0,2538388,2025-05-15,2025-06-14,manual,1000000,2.538388
0356505159155425,1,0,74,M,RS005,A09,45.23,3,4,3,1982972,2025-03-11,2025-06-14,auto,1300000,1.5253630769230768
4842158416680125,1,1,86,M,RS008,H25.9,13.4,2,3,0,5067492,2025-06-09,2025-06-14,manual,7500000,0.6756656
9357517341908657,1,0,46,M,RS004,K21.0,45.16,2,2,0,7104373,2024-12-17,2025-06-14,manual,1400000,5.074552142857143
2787182719204658,1,1,49,M,RS007,I10,99.04,2,3,2,6683864,2025-01-27,2025-06-14,auto,2000000,3.341932
8641806193344137,1,0,33,M,RS007,J45.9,93.96,3,3,0,679899,2024-09-30,2025-06-16,manual,2300000,0.2956082608695652
8056839724228373,1,1,46,M,RS003,Z00.0,93.99,2,3,0,8571983,2024-11-23,2025-06-16,auto,700000,12.24569
4982397445932366,1,1,43,M,RS006,Z34.0,73.0,1,4,2,5365284,2024-01-10,2025-06-16,manual,800000,6.706605
0259202450639427,0,1,20,M,RS009,O80,72.0,2,3,2,2080723,2025-01-14,2025-06-16,auto,3500000,0.5944922857142857
2797110441803199,0,1,90,F,RS003,R50.9,99.19,3,4,0,6765823,2024-12-12,2025-06-16,auto,1000000,6.765823
9927502670697756,0,1,67,M,RS004,A09,45.23,2,2,1,2213149,2024-06-20,2025-06-16,manual,1300000,1.7024223076923077
6410016264897675,1,1,15,F,RS006,E11,99.10,1,3,6,3684241,2024-04-10,2025-06-16,manual,2500000,1.4736964
0624647003540733,1,0,69,F,RS002,E66.9,99.28,2,3,2,9850004,2024-09-04,2025-06-16,manual,1000000,9.850004
3840187582612808,1,0,16,F,RS010,K21.0,45.16,3,3,0,3405827,2024-10-30,2025-06-16,auto,1400000,2.4327335714285714
4361228077688362,1,1,72,M,RS001,H25.9,13.5,1,2,1,2401554,2024-11-21,2025-06-16,auto,7500000,0.3202072
6364424588460427,1,1,64,F,RS006,J18.9,93.94,3,2,0,3532456,2024-10-23,2025-06-16,auto,4200000,0.8410609523809524
4568027264530974,1,0,76,F,RS001,I10,99.04,3,2,5,934149,2025-04-22,2025-06-16,auto,2000000,0.4670745
7631808653029751,1,1,26,F,RS003,E66.9,99.28,2,3,2,9201987,2024-08-21,2025-06-16,manual,1000000,9.201987
1265300890824899,1,1,7,M,RS004,Z34.0,73.0,2,1,3,6123231,2024-08-27,2025-06-16,manual,800000,7.65403875
1736124250371126,1,0,66,F,RS007,H25.9,13.5,2,1,0,9163517,2025-01-23,2025-06-16,auto,7500000,1.2218022666666666
7056707931595140,1,1,70,M,RS006,K29.7,45.16,3,2,0,7699024,2025-03-19,2025-06-16,manual,1700000,4.528837647058824
8493060587390848,0,0,36,F,RS001,O80,72.0,2,2,3,9541418,2025-03-05,2025-06-16,auto,3500000,2.7261194285714287
9529480709556585,1,1,42,M,RS002,K21.0,45.16,1,4,2,6301222,2024-11-08,2025-06-17,auto,1400000,4.500872857142857
7485901312352468,1,1,88,M,RS008,J45.9,93.96,1,3,1,9921393,2025-04-05,2025-06-17,auto,2300000,4.313649130434783
9188980948286496,0,1,17,F,RS002,I25.1,36.15,3,4,4,5227886,2024-04-16,2025-06-17,auto,5000000,1.0455772
9382064479278505,1,1,65,M,RS005,Z03.8,93.91,2,1,0,3420286,2025-02-06,2025-06-17,manual,1200000,2.8502383333333334
5535235619078856,1,1,72,F,RS001,K21.0,45.16,2,4,1,5027831,2024-06-19,2025-06-17,manual,1400000,3.591307857142857
4801265940309950,1,0,26,F,RS008,O80,72.0,1,3,2,6363064,2024-04-13,2025-06-17,auto,3500000,1.8180182857142857
7584245698953132,0,1,57,M,RS004,A09,45.23,2,1,0,1839328,2024-09-20,2025-06-17,auto,1300000,1.4148676923076924
5685188568122260,1,1,87,M,RS007,I10,99.04,3,3,3,9589261,2025-05-14,2025-06-17,auto,2000000,4.7946305
3081739327505515,1,0,80,M,RS004,J18.9,96.04,1,4,1,4560066,2025-05-21,2025-06-17,manual,4200000,1.08573
5784937413457399,0,0,39,M,RS003,Z34.0,73.0,3,2,1,778198,2025-02-24,2025-06-17,auto,800000,0.9727475
3166645029631921,0,1,28,F,RS004,Z03.8,93.91,3,3,0,8093027,2025-05-12,2025-06-17,manual,1200000,6.744189166666667
2189849099081889,1,0,42,M,RS007,H25.9,13.1,3,4,0,882402,2025-05-22,2025-06-17,manual,7500000,0.1176536
2199556722624474,1,1,90,F,RS008,Z03.8,93.91,3,1,0,424587,2024-01-16,2025-06-17,manual,1200000,0.3538225
2270053787197770,0,0,74,F,RS009,N39.0,57.98,1,1,0,1002088,2024-08-08,2025-06-17,manual,2200000,0.45549454545454543
7826380642459211,0,0,16,F,RS001,I25.1,99.24,3,3,1,6021032,2024-12-31,2025-06-17,auto,5000000,1.2042064
8940402949212915,1,1,66,M,RS006,J45.9,93.96,3,2,0,5814925,2025-04-09,2025-06-17,auto,2300000,2.5282282608695654
5918566170613907,1,0,7,M,RS004,Z03.8,93.91,1,4,0,1839544,2025-04-04,2025-06-17,auto,1200000,1.5329533333333334
8283636540494355,1,1,69,F,RS004,I25.1,36.15,3,2,0,6821495,2024-01-26,2025-06-18,manual,5000000,1.364299
4335089685116576,1,1,2,F,RS008,I25.1,36.15,2,3,3,8787377,2025-05-06,2025-06-18,manual,5000000,1.7574754
3278602931629557,1,0,66,M,RS009,E66.9,99.28,2,1,5,6361876,2025-01-24,2025-06-18,manual,1000000,6.361876
6531254732670020,0,1,18,F,RS004,E66.9,99.28,1,1,1,5297400,2025-04-28,2025-06-18,manual,1000000,5.2974
3825819792221445,1,1,14,F,RS003,A09,45.23,2,1,0,8116282,2025-03-03,2025-06-18,auto,1300000,6.243293846153846
0371108937052778,1,1,5,F,RS001,J18.9,93.94,3,1,1,2168513,2025-01-11,2025-06-18,auto,4200000,0.516312619047619
3008332600925166,1,1,90,F,RS001,H25.9,13.1,3,2,0,2688354,2024-12-31,2025-06-18,manual,7500000,0.3584472
8728439225752919,1,1,86,F,RS010,Z00.0,93.99,1,4,1,3010852,2025-02-01,2025-06-18,manual,700000,4.301217142857143
2727632677892605,1,1,84,F,RS006,I10,99.04,2,4,4,1814365,2024-11-01,2025-06-18,auto,2000000,0.9071825
2066691137652819,1,1,16,M,RS003,K21.0,45.16,3,3,2,2354091,2024-07-29,2025-06-18,auto,1400000,1.6814935714285715
5713917649111565,1,0,22,F,RS004,J18.9,96.04,3,2,1,3078396,2024-11-30,2025-06-18,manual,4200000,0.7329514285714286
4483283255323643,1,1,51,M,RS008,O80,72.0,2,4,3,473097,2025-02-24,2025-06-18,manual,3500000,0.13517057142857142
1502490653007146,1,1,12,F,RS001,I10,99.04,3,2,3,8761614,2025-04-12,2025-06-18,auto,2000000,4.380807
6455805154229264,0,1,66,M,RS003,R10.4,87.09,1,3,1,1360587,2024-10-05,2025-06-18,manual,1200000,1.1338225
4973829775419812,0,1,25,M,RS005,K29.7,45.16,1,4,1,1479544,2025-03-22,2025-06-18,manual,1700000,0.87032
6207394413421658,1,1,51,F,RS008,J18.9,96.04,3,1,0,4928352,2025-03-13,2025-06-18,manual,4200000,1.173417142857143
7617869097768139,1,1,50,M,RS002,Z00.0,93.99,3,4,1,4161655,2025-02-12,2025-06-19,auto,700000,5.945221428571428
0871431231304485,1,1,40,M,RS003,E66.9,99.28,2,2,2,2108028,2025-05-03,2025-06-19,auto,1000000,2.108028
4613627972702577,0,1,65,F,RS003,J00,93.9,2,1,1,9188573,2024-03-02,2025-06-19,manual,500000,18.377146
7584245698953132,0,1,57,M,RS004,A09,45.23,1,2,0,6171311,2025-05-01,2025-06-19,auto,1300000,4.7471623076923075
6379078397102101,0,1,17,F,RS010,K29.7,45.16,3,1,0,5794059,2024-01-18,2025-06-19,manual,1700000,3.40827
2504997695517251,0,1,67,M,RS006,K29.7,45.16,1,2,1,4660170,2024-05-08,2025-06-19,auto,1700000,2.741276470588235
7485901312352468,1,1,88,M,RS008,M54.5,93.39,1,1,2,4428872,2025-05-24,2025-06-19,manual,1800000,2.4604844444444445
1710127384618966,1,0,38,M,RS007,N39.0,57.94,2,3,0,1858437,2024-07-29,2025-06-19,manual,2200000,0.8447440909090909
3076636346937053,1,0,3,M,RS009,M54.5,93.39,2,1,2,2660218,2024-08-08,2025-06-19,manual,1800000,1.4778988888888889
4693723671941790,1,1,55,F,RS010,N39.0,57.94,2,1,1,2686768,2024-10-12,2025-06-19,manual,2200000,1.2212581818181818
7926264611846985,0,1,66,M,RS009,Z00.0,93.99,3,3,0,2771678,2024-08-03,2025-06-19,auto,700000,3.95954
8344414157880930,1,1,17,F,RS001,I10,99.04,3,2,2,1309696,2024-06-01,2025-06-19,auto,2000000,0.654848
6772259978251224,0,1,69,F,RS009,K21.0,45.16,2,4,1,1937082,2024-10-05,2025-06-19,auto,1400000,1.38363
8054090674153817,1,0,62,M,RS001,H25.9,13.5,2,2,0,9599065,2024-11-23,2025-06-19,manual,7500000,1.2798753333333333
1816161180528659,1,1,51,F,RS010,E66.9,99.28,1,2,1,602291,2025-05-20,2025-06-19,auto,1000000,0.602291
1420379125048778,0,1,40,M,RS001,O80,72.0,2,1,1,5532840,2025-06-20,2025-06-22,manual,3500000,1.5808114285714285
2857095073058460,1,0,90,M,RS002,E11,99.10,2,3,2,9869379,2024-12-28,2025-06-19,auto,2500000,3.9477516
4281208182104094,1,1,47,F,RS003,R10.4,45.23,1,1,0,6128551,2025-05-27,2025-06-19,manual,1200000,5.107125833333333
9240270630048667,1,0,39,M,RS001,R50.9,99.19,2,2,0,2571357,2024-10-21,2025-06-19,auto,1000000,2.571357
8247383488180687,1,1,28,M,RS009,A09,45.23,3,2,0,6223946,2025-06-17,2025-06-20,auto,1300000,4.787650769230769
5713917649111565,1,0,22,F,RS004,J00,93.9,1,3,0,3817651,2024-05-02,2025-06-20,manual,500000,7.635302
4034664349725082,1,1,2,F,RS003,K29.7,45.16,1,4,0,4457389,2025-02-05,2025-06-20,manual,1700000,2.621993529411765
8898787858128776,1,1,83,M,RS004,I10,99.04,2,3,2,9774805,2024-12-02,2025-06-20,manual,2000000,4.8874025
2381821715702997,1,1,23,F,RS003,K21.0,45.16,3,3,2,4018862,2025-05-29,2025-06-20,auto,1400000,2.8706157142857145
3939959990377015,0,0,13,F,RS003,I10,99.04,3,2,3,2270645,2025-03-07,2025-06-20,auto,2000000,1.1353225
3360391963575311,0,1,28,F,RS001,J00,93.9,3,1,0,3644471,2024-11-27,2025-06-20,auto,500000,7.288942
1201398862894144,1,1,74,F,RS002,R50.9,99.19,1,2,0,2396225,2024-04-11,2025-06-20,auto,1000000,2.396225
7121054973544890,0,1,35,M,RS004,R10.4,45.23,1,1,0,2556060,2024-07-04,2025-06-20,auto,1200000,2.13005
6340037842034656,0,1,58,F,RS004,I25.1,99.24,2,3,5,9377245,2024-10-26,2025-06-20,auto,5000000,1.875449
2673426467034379,1,0,37,M,RS005,Z34.0,73.0,3,1,4,8014237,2025-04-08,2025-06-20,manual,800000,10.01779625
4659131653908156,1,0,58,F,RS004,M54.5,93.39,1,1,0,8573373,2024-10-10,2025-06-20,manual,1800000,4.762985
1710127384618966,1,0,38,M,RS007,A09,45.23,1,3,1,2259233,2024-05-10,2025-06-21,manual,1300000,1.7378715384615384
3634853207244082,0,1,28,M,RS007,K21.0,45.16,2,2,1,5943350,2024-12-05,2025-06-21,manual,1400000,4.24525
6934901989164228,1,1,26,M,RS004,Z34.0,73.0,3,4,2,1719801,2025-05-21,2025-06-21,manual,800000,2.14975125
4925824115009407,1,1,46,M,RS008,I25.1,36.15,2,2,3,3008403,2024-01-18,2025-06-21,manual,5000000,0.6016806
0445117992311393,1,0,89,M,RS010,K29.7,45.16,3,2,2,2220972,2024-12-18,2025-06-21,manual,1700000,1.3064541176470588
6672381129694723,1,1,8,F,RS007,M54.5,93.39,3,4,1,5326674,2024-09-14,2025-06-21,auto,1800000,2.9592633333333334
2670287680681170,1,1,43,M,RS004,Z34.0,73.0,1,1,3,2289484,2024-10-05,2025-06-21,auto,800000,2.861855
3441134935642077,1,1,59,F,RS004,J18.9,93.94,1,4,0,6176380,2024-10-05,2025-06-21,auto,4200000,1.4705666666666666
2467885337565752,0,1,14,M,RS003,I25.1,36.15,2,4,3,6155978,2024-10-07,2025-06-21,manual,5000000,1.2311956
7504474934637120,1,0,58,F,RS005,J45.9,93.96,1,2,2,2459112,2024-10-18,2025-06-21,manual,2300000,1.0691791304347826
5335053585479344,1,0,4,F,RS010,H25.9,13.1,3,4,0,8666169,2024-02-20,2025-06-21,auto,7500000,1.1554892
3179651798346382,1,1,28,M,RS005,I25.1,36.15,2,3,2,1881532,2025-05-21,2025-06-21,manual,5000000,0.3763064
1472002978083637,1,1,20,M,RS004,M54.5,93.39,1,3,0,5052668,2024-03-02,2025-06-21,manual,1800000,2.807037777777778
7618120138254049,1,1,58,F,RS009,H25.9,13.5,2,3,1,8689413,2025-01-03,2025-06-21,auto,7500000,1.1585884
3711892690086766,1,1,73,M,RS004,J18.9,96.04,3,1,1,7801631,2025-03-20,2025-06-21,manual,4200000,1.8575311904761904
0260762035188301,1,0,53,M,RS008,Z34.0,73.0,3,4,4,2916920,2024-08-19,2025-06-21,auto,800000,3.64615
8999781406121512,0,1,18,F,RS010,E66.9,99.28,1,4,1,3054783,2024-09-05,2025-06-21,auto,1000000,3.054783
0140430681574890,1,1,44,M,RS006,J00,93.9,1,2,1,2075352,2025-01-18,2025-06-21,manual,500000,4.150704
5004475421880959,1,1,76,F,RS003,I25.1,36.15,2,3,1,1324009,2024-03-04,2025-06-23,manual,5000000,0.2648018
7592529427228462,0,0,22,M,RS004,I25.1,36.15,1,2,3,3199178,2024-12-02,2025-06-23,manual,5000000,0.6398356
8890458572613811,0,1,44,F,RS001,J00,93.9,3,4,0,2533817,2025-01-13,2025-06-23,auto,500000,5.067634
6663496472719317,1,0,75,F,RS008,N39.0,57.94,2,4,1,5408000,2024-01-25,2025-06-23,auto,2200000,2.458181818181818
7948698175419963,1,1,74,M,RS005,H25.9,13.5,2,4,0,4621474,2025-05-17,2025-06-23,manual,7500000,0.6161965333333334
7440475448768975,1,1,11,F,RS004,Z00.0,93.99,2,4,0,3134514,2025-04-02,2025-06-23,auto,700000,4.4778771428571424
9369774358721116,1,0,80,F,RS008,N39.0,57.94,3,4,0,8227431,2024-01-24,2025-06-23,manual,2200000,3.7397413636363637
9574164019195810,0,1,89,F,RS003,K29.7,45.16,3,4,2,8257559,2025-03-19,2025-06-23,manual,1700000,4.8573876470588235
1160171643855747,1,1,73,F,RS001,I10,99.04,2,3,3,2747630,2025-05-10,2025-06-23,manual,2000000,1.373815
5812723090310377,1,0,63,M,RS010,E66.9,99.28,3,1,0,9857303,2025-05-14,2025-06-23,manual,1000000,9.857303
1361776136193140,1,1,44,M,RS008,Z00.0,93.99,3,3,1,3974994,2024-01-22,2025-06-23,auto,700000,5.6785628571428575
2487246069945422,1,1,61,M,RS004,I10,99.04,2,2,4,6463678,2025-05-02,2025-06-23,auto,2000000,3.231839
3441352247702737,1,0,39,M,RS006,J00,93.9,3,4,1,2743227,2025-04-09,2025-06-23,manual,500000,5.486454
7626748403754406,1,1,43,F,RS001,Z34.0,73.0,3,3,2,831353,2025-04-30,2025-06-23,manual,800000,1.03919125
9936675200751207,0,1,84,M,RS003,K29.7,45.16,3,4,0,8894982,2024-05-10,2025-06-23,manual,1700000,5.232342352941177
4386001189206967,0,1,67,F,RS004,O80,72.0,2,2,4,2968979,2024-08-28,2025-06-23,manual,3500000,0.8482797142857142
5875096461777870,1,1,38,F,RS007,I10,99.04,3,2,1,8414274,2024-02-28,2025-06-23,manual,2000000,4.207137
9963081688936337,1,1,29,F,RS006,J18.9,96.04,2,1,0,9302689,2024-05-16,2025-06-23,manual,4200000,2.2149259523809524
6118312882326426,1,1,45,F,RS004,J18.9,96.04,1,1,1,9551313,2024-04-25,2025-06-23,manual,4200000,2.2741221428571428
7947417475230811,0,1,77,F,RS001,K29.7,45.16,3,2,0,6432512,2025-01-22,2025-06-24,manual,1700000,3.7838305882352943
1519432455983487,0,0,41,F,RS005,O80,72.0,1,2,4,8245085,2025-04-26,2025-06-24,auto,3500000,2.3557385714285712
3863396820447890,1,1,10,F,RS006,Z00.0,93.99,3,2,0,1972075,2025-06-27,2025-06-29,manual,700000,2.81725
8259449936742787,1,1,72,M,RS004,K29.7,45.16,1,4,1,7114362,2025-03-21,2025-06-24,auto,1700000,4.1849188235294115
6298405903376682,1,1,80,M,RS007,N39.0,57.98,1,2,3,2663156,2025-05-24,2025-06-24,auto,2200000,1.2105254545454545
4813161534313995,1,1,86,F,RS002,Z34.0,73.0,3,1,1,6367174,2024-12-06,2025-06-24,manual,800000,7.9589675
8903231696484346,1,0,72,F,RS010,K21.0,45.16,2,4,0,3730166,2024-08-20,2025-06-24,auto,1400000,2.664404285714286
4070916106914059,1,1,8,F,RS001,R10.4,87.09,3,4,0,2569865,2025-05-20,2025-06-24,manual,1200000,2.141554166666667
7487553448839459,0,1,39,F,RS003,Z00.0,93.99,1,1,0,4493071,2024-07-27,2025-06-24,auto,700000,6.418672857142857
3729451114764061,1,0,12,F,RS001,H25.9,13.1,2,2,0,9037285,2025-05-14,2025-06-24,manual,7500000,1.2049713333333334
2678864573794008,1,1,51,M,RS009,R50.9,99.19,2,1,0,3227442,2025-06-10,2025-06-24,auto,1000000,3.227442
1717134770253599,1,1,30,F,RS002,K29.7,45.16,3,2,1,7772414,2025-02-27,2025-06-24,manual,1700000,4.572008235294118
0868474297688900,1,1,69,F,RS007,J45.9,93.96,3,2,0,2244350,2024-11-13,2025-06-24,auto,2300000,0.9758043478260869
9637808046560203,1,1,81,M,RS004,H25.9,13.5,2,3,1,7412492,2025-06-07,2025-06-24,auto,7500000,0.9883322666666666
5575277090222754,0,1,9,F,RS006,K21.0,45.16,3,3,2,1268554,2024-01-25,2025-06-24,auto,1400000,0.90611
0507761649408367,0,1,3,M,RS008,K29.7,45.16,3,1,2,6843195,2024-01-26,2025-06-24,auto,1700000,4.025408823529411
7093224511249540,0,1,22,M,RS006,I10,99.04,3,4,2,2432300,2025-05-24,2025-06-24,manual,2000000,1.21615
4312680510853371,1,0,76,F,RS008,H25.9,13.4,2,1,0,7874142,2025-02-05,2025-06-24,auto,7500000,1.0498856
7890400095329355,0,1,43,F,RS002,Z34.0,73.0,2,2,2,3807540,2024-06-06,2025-06-24,auto,800000,4.759425
3935392790190888,1,1,75,M,RS009,Z03.8,93.91,2,3,0,3362731,2024-05-29,2025-06-24,manual,1200000,2.8022758333333333
6420984215886340,0,1,87,M,RS008,M54.5,93.39,1,2,1,8527918,2025-04-05,2025-06-24,auto,1800000,4.737732222222222
8809201840936143,1,1,73,M,RS004,I25.1,99.24,3,1,3,4433559,2025-01-20,2025-06-24,manual,5000000,0.8867118
7863300374732271,1,1,31,F,RS001,Z00.0,93.99,2,3,1,1685293,2025-05-27,2025-06-24,manual,700000,2.4075614285714284
8086989462965946,1,1,76,F,RS001,J18.9,93.94,3,4,0,9104160,2025-05-10,2025-06-25,auto,4200000,2.1676571428571427
3293263389821759,1,1,41,M,RS009,Z00.0,93.99,3,2,0,1022486,2024-12-09,2025-06-25,manual,700000,1.4606942857142857
6350804304016749,0,1,30,M,RS009,Z00.0,93.99,2,2,0,7165971,2025-01-10,2025-06-25,manual,700000,10.237101428571428
2467885337565752,0,1,14,M,RS003,I10,99.04,3,4,3,3111866,2025-04-02,2025-06-25,auto,2000000,1.555933
4973829775419812,0,1,25,M,RS005,N39.0,57.98,1,3,1,5545036,2024-12-03,2025-06-25,manual,2200000,2.520470909090909
8916205184521116,1,1,87,F,RS001,J00,93.9,3,4,0,4069868,2024-11-04,2025-06-25,auto,500000,8.139736
8282712405092353,1,1,47,M,RS007,Z34.0,73.0,2,3,2,8747882,2025-03-31,2025-06-25,auto,800000,10.9348525
2402606470461297,1,0,57,M,RS009,N39.0,57.98,1,1,0,6430217,2024-12-30,2025-06-25,manual,2200000,2.9228259090909092
6234061294955484,1,1,73,F,RS009,R10.4,87.09,1,2,0,1479671,2024-12-03,2025-06-25,auto,1200000,1.2330591666666666
8916205184521116,1,1,87,F,RS001,J00,93.9,3,3,1,6395466,2024-08-12,2025-06-25,manual,500000,12.790932
4403011660353733,1,1,63,F,RS006,J18.9,93.94,3,1,1,4067508,2025-03-20,2025-06-25,manual,4200000,0.9684542857142857
4813161534313995,1,1,86,F,RS002,O80,72.0,1,2,3,3984495,2024-02-17,2025-06-25,auto,3500000,1.1384271428571429
0173984806822654,0,1,39,M,RS003,E66.9,99.28,1,1,1,6914584,2024-07-29,2025-06-25,manual,1000000,6.914584
1966130377363425,1,1,56,F,RS002,J00,93.9,1,4,2,7911852,2025-03-11,2025-06-25,auto,500000,15.823704
3499567306281678,0,1,66,F,RS002,M54.5,93.39,2,4,0,8501346,2025-01-20,2025-06-25,manual,1800000,4.72297
1106762168572706,1,1,75,M,RS010,J18.9,93.94,1,1,3,2340388,2024-06-10,2025-06-25,auto,4200000,0.5572352380952381
7768280343339046,1,0,85,F,RS006,O80,72.0,1,2,2,7906688,2024-03-19,2025-06-25,manual,3500000,2.2590537142857143
2854662884970022,1,0,32,F,RS007,I25.1,36.15,1,1,0,7073710,2025-06-23,2025-06-25,manual,5000000,1.414742
0445117992311393,1,0,89,M,RS010,K29.7,45.16,3,2,0,3725889,2024-11-30,2025-06-25,manual,1700000,2.1916994117647057
5411501721186147,1,1,17,M,RS009,A09,45.23,2,3,1,4078119,2025-05-21,2025-06-25,auto,1300000,3.1370146153846155
2777081140110349,0,1,32,M,RS009,O80,72.0,1,3,3,4271945,2025-03-25,2025-06-25,manual,3500000,1.2205557142857142
4581014690311437,0,0,88,F,RS008,M54.5,93.39,2,2,2,5132209,2025-02-27,2025-06-25,auto,1800000,2.851227222222222
7960552506623511,1,1,77,F,RS009,Z00.0,93.99,1,3,1,2148568,2025-05-14,2025-06-26,auto,700000,3.069382857142857
1130364344708384,1,0,22,F,RS005,K29.7,45.16,3,2,0,7948737,2024-12-10,2025-06-26,manual,1700000,4.675727647058824
0838203725807919,1,1,10,M,RS010,I10,99.04,2,2,3,3825626,2025-04-23,2025-06-26,manual,2000000,1.912813
5380818416306672,1,1,72,F,RS009,M54.5,93.39,3,4,0,9544584,2024-02-17,2025-06-26,manual,1800000,5.302546666666666
0609162315562941,0,1,7,M,RS003,K29.7,45.16,1,4,0,1805834,2025-01-04,2025-06-26,auto,1700000,1.062255294117647
5561134190346425,1,1,26,M,RS001,E11,99.10,2,4,4,9251469,2025-02-26,2025-06-26,manual,2500000,3.7005876
1304020365350044,1,1,59,F,RS005,K29.7,45.16,1,3,0,1252742,2024-12-13,2025-06-26,manual,1700000,0.7369070588235294
5561331914707570,1,1,74,F,RS002,R10.4,45.23,2,1,0,6678426,2024-12-04,2025-06-26,auto,1200000,5.565355
2373856542486538,0,1,57,M,RS009,I10,99.04,3,1,1,9773850,2025-05-12,2025-06-26,auto,2000000,4.886925
5704714485343054,1,1,70,F,RS002,Z34.0,73.0,3,4,1,5765882,2025-01-22,2025-06-26,auto,800000,7.2073525
0838203725807919,1,1,10,M,RS010,I10,99.04,1,1,2,7055758,2024-02-09,2025-06-26,manual,2000000,3.527879
6020143639213139,1,0,81,F,RS008,R10.4,87.09,1,4,0,5467596,2025-03-31,2025-06-26,auto,1200000,4.55633
1743353525294579,1,1,4,F,RS007,I10,99.04,2,1,3,6973459,2024-09-20,2025-06-26,auto,2000000,3.4867295
0321989755753476,1,1,16,M,RS002,O80,72.0,1,3,1,4287536,2024-10-04,2025-06-26,auto,3500000,1.2250102857142857
7960552506623511,1,1,77,F,RS009,Z00.0,93.99,2,2,0,4178711,2024-05-15,2025-06-26,auto,700000,5.969587142857143
9221730252048830,1,1,15,F,RS006,K21.0,45.16,2,1,3,7205761,2024-07-26,2025-06-26,manual,1400000,5.146972142857143
0080044372914030,1,1,60,M,RS002,Z03.8,93.91,3,1,0,6112441,2025-06-13,2025-06-26,auto,1200000,5.093700833333333
4773352549521454,0,1,52,M,RS009,R50.9,99.19,1,1,1,5367959,2024-10-12,2025-06-26,auto,1000000,5.367959
4773352549521454,0,1,52,M,RS009,Z34.0,73.0,1,2,2,2940127,2025-03-22,2025-06-26,manual,800000,3.67515875
4528213324267390,1,0,81,F,RS007,M54.5,93.39,2,4,1,2839535,2025-06-21,2025-06-26,auto,1800000,1.5775194444444445
5524124982632812,1,1,49,F,RS006,K29.7,45.16,2,3,1,1917424,2025-01-14,2025-06-26,auto,1700000,1.1278964705882353
2339245047006120,0,1,77,F,RS009,I10,99.04,3,2,6,5297169,2025-04-24,2025-06-26,manual,2000000,2.6485845
4755371297003609,1,0,26,M,RS007,Z00.0,93.99,1,3,0,2298893,2025-04-23,2025-06-27,manual,700000,3.284132857142857
0771642427613130,1,1,40,F,RS008,J18.9,96.04,3,2,0,5289637,2025-04-07,2025-06-27,manual,4200000,1.259437380952381
1674421329270506,1,1,40,M,RS005,E11,99.10,2,2,1,9816237,2024-09-21,2025-06-27,manual,2500000,3.9264948
2509494660329666,1,1,20,M,RS010,K21.0,45.16,2,1,0,1767231,2025-04-10,2025-06-27,manual,1400000,1.2623078571428572
9177255086043773,1,1,33,F,RS009,J45.9,93.96,3,4,1,8425178,2024-04-05,2025-06-27,manual,2300000,3.6631208695652173
5835183717155751,1,0,89,M,RS008,K21.0,45.16,2,1,0,476659,2025-06-09,2025-06-27,manual,1400000,0.3404707142857143
0806667093426876,1,1,65,F,RS006,K29.7,45.16,2,1,0,6173519,2025-03-15,2025-06-27,manual,1700000,3.631481764705882
7869313476679676,1,0,24,F,RS007,M54.5,93.39,2,4,0,6402024,2024-04-26,2025-06-27,manual,1800000,3.55668
5223021224632928,1,1,65,F,RS002,R50.9,99.19,1,1,0,7681728,2025-03-04,2025-06-27,manual,1000000,7.681728
9393823443913568,0,1,8,M,RS008,I25.1,99.24,1,4,3,8596513,2025-04-14,2025-06-27,auto,5000000,1.7193026
5552763190173433,1,1,2,M,RS008,R50.9,99.19,2,2,2,5264127,2024-01-11,2025-06-27,auto,1000000,5.264127
8747843473834454,0,0,83,M,RS001,K29.7,45.16,3,4,2,9625433,2024-11-14,2025-06-27,manual,1700000,5.662019411764706
8428382365331610,0,1,67,M,RS004,I10,99.04,1,2,2,7701270,2025-05-03,2025-06-27,auto,2000000,3.850635
6530098641902510,1,0,13,M,RS010,R50.9,99.19,3,4,1,8748326,2025-05-27,2025-06-27,auto,1000000,8.748326
1695286776041495,0,1,78,M,RS005,R50.9,99.19,2,2,2,1068674,2024-05-23,2025-06-27,manual,1000000,1.068674
1710127384618966,1,0,38,M,RS007,A09,45.23,3,4,0,3962090,2025-01-11,2025-06-27,manual,1300000,3.0477615384615384
5567647471165465,0,1,43,M,RS004,I25.1,36.15,3,1,2,5921982,2025-02-17,2025-06-27,manual,5000000,1.1843964
5585057886922438,0,1,67,F,RS001,J45.9,93.96,2,3,0,9927534,2025-02-28,2025-06-27,auto,2300000,4.316319130434783
7834441145195136,1,0,86,F,RS006,H25.9,13.1,1,1,0,4465903,2024-11-23,2025-06-27,manual,7500000,0.5954537333333333
6298405903376682,1,1,80,M,RS007,N39.0,57.98,3,4,2,4462548,2024-12-20,2025-06-28,manual,2200000,2.028430909090909
3686063535694953,1,0,2,M,RS002,N39.0,57.94,2,1,3,9304167,2025-05-03,2025-06-28,auto,2200000,4.2291668181818185
6742743580318968,0,1,69,F,RS001,A09,45.23,3,4,0,3444919,2025-02-13,2025-06-28,manual,1300000,2.6499376923076925
4361228077688362,1,1,72,M,RS001,H25.9,13.1,3,3,0,5546259,2025-03-17,2025-06-28,manual,7500000,0.7395012
2324871730607097,1,0,71,F,RS008,N39.0,57.94,1,4,0,6226842,2025-01-08,2025-06-28,auto,2200000,2.830382727272727
6862512011531669,0,1,66,M,RS008,Z00.0,93.99,3,2,0,1490643,2024-11-04,2025-06-28,manual,700000,2.12949
8379560347638061,1,1,4,M,RS006,H25.9,13.1,3,4,0,4041248,2025-05-26,2025-06-28,auto,7500000,0.5388330666666666
9868037317108449,1,1,15,F,RS004,K29.7,45.16,3,1,1,4273996,2025-04-07,2025-06-28,manual,1700000,2.514115294117647
6565386733207819,1,1,11,F,RS003,I25.1,99.24,2,4,1,6296364,2025-01-18,2025-06-28,auto,5000000,1.2592728
0567665094814298,1,1,54,M,RS009,R10.4,45.23,1,3,0,2256111,2024-11-23,2025-06-28,auto,1200000,1.8800925
1587085691611019,1,1,27,F,RS006,I10,99.04,3,1,3,5562878,2024-07-09,2025-06-28,manual,2000000,2.781439
4479698720698979,1,1,13,F,RS004,J45.9,93.96,1,4,1,8456240,2024-07-04,2025-06-28,auto,2300000,3.6766260869565217
6823981214154266,1,0,41,M,RS008,M54.5,93.39,3,4,0,2056408,2024-07-18,2025-06-28,auto,1800000,1.1424488888888888
2339245047006120,0,1,77,F,RS009,I25.1,99.24,3,3,3,4853906,2025-04-25,2025-06-28,auto,5000000,0.9707812
4180101645269836,0,1,16,F,RS008,Z03.8,93.91,2,2,0,8401564,2024-02-13,2025-06-28,manual,1200000,7.001303333333333
2320200927976298,0,0,40,F,RS006,H25.9,13.5,2,2,0,7546179,2024-09-24,2025-06-28,manual,7500000,1.0061572
7485901312352468,1,1,88,M,RS008,M54.5,93.39,1,3,0,9089156,2024-03-14,2025-06-28,manual,1800000,5.049531111111111
7918959926855964,0,1,35,F,RS010,Z34.0,73.0,3,3,3,5248917,2025-05-20,2025-06-28,manual,800000,6.56114625
2509494660329666,1,1,20,M,RS010,K21.0,45.16,3,4,0,2654962,2025-04-16,2025-06-28,auto,1400000,1.8964014285714286
9134199857726285,0,1,13,M,RS001,Z03.8,93.91,1,3,0,7820404,2025-06-16,2025-06-28,auto,1200000,6.517003333333333
1588650155015392,1,1,45,M,RS004,R10.4,45.23,1,2,0,6571548,2025-05-16,2025-06-30,manual,1200000,5.47629
3378840933975669,0,0,88,M,RS002,A09,45.23,3,1,0,7104161,2024-11-27,2025-06-30,auto,1300000,5.464739230769231
7341606424959871,0,1,70,M,RS005,J00,93.9,3,1,3,8087129,2024-09-06,2025-06-30,manual,500000,16.174258
3793726523782804,1,1,21,M,RS009,K21.0,45.16,2,4,0,2352532,2024-12-23,2025-06-30,manual,1400000,1.68038
9119116016455001,1,0,40,F,RS004,N39.0,57.94,2,4,1,5829485,2024-12-14,2025-06-30,manual,2200000,2.649765909090909
4989988882592368,1,0,7,F,RS002,Z34.0,73.0,2,3,2,1416445,2025-01-24,2025-06-30,manual,800000,1.77055625
1393356349247128,1,1,66,F,RS005,M54.5,93.39,3,2,1,449907,2024-07-04,2025-06-30,auto,1800000,0.24994833333333333
5268194515341869,1,1,37,M,RS001,J18.9,96.04,1,4,1,3551242,2025-06-06,2025-06-30,manual,4200000,0.8455338095238095
2034645000005257,1,1,50,F,RS007,J18.9,93.94,2,4,1,9435206,2024-03-23,2025-06-30,auto,4200000,2.246477619047619
9936675200751207,0,1,84,M,RS003,K29.7,45.16,3,2,0,3977534,2025-02-27,2025-06-30,manual,1700000,2.339725882352941
6972176147787868,0,0,4,F,RS008,J45.9,93.96,1,3,0,7827321,2025-05-07,2025-06-30,auto,2300000,3.403183043478261
3429499705984665,1,1,35,F,RS004,E11,99.10,2,3,2,1881230,2024-01-18,2025-06-30,manual,2500000,0.752492
0576463818313773,1,1,37,F,RS007,K21.0,45.16,2,4,1,7875079,2025-03-08,2025-06-30,auto,1400000,5.625056428571429
2995696536115960,1,0,15,M,RS005,Z03.8,93.91,3,4,0,6953905,2024-03-19,2025-06-30,manual,1200000,5.794920833333333
7775453601718401,1,0,19,M,RS006,Z34.0,73.0,3,4,4,3183617,2025-06-18,2025-06-30,auto,800000,3.97952125
7364736033287509,1,0,9,F,RS004,J00,93.9,3,2,1,3386670,2025-02-14,2025-06-30,manual,500000,6.77334
3228700039124679,1,1,72,F,RS003,R10.4,45.23,2,2,0,1469208,2024-01-19,2025-06-30,manual,1200000,1.22434
5694644999777557,1,1,2,F,RS004,A09,45.23,2,4,1,5352497,2025-05-30,2025-06-30,auto,1300000,4.117305384615385
5238975004133386,1,1,33,F,RS004,H25.9,13.1,2,3,1,9425537,2024-06-04,2025-06-30,auto,7500000,1.2567382666666667
6321337633047226,1,1,60,M,RS007,K29.7,45.16,2,4,0,2582303,2024-06-08,2025-07-01,manual,1700000,1.5190017647058824
6675251271069761,0,1,30,M,RS004,J00,93.9,3,1,3,3606889,2024-06-12,2025-07-01,auto,500000,7.213778
6410016264897675,1,1,15,F,RS006,E66.9,99.28,3,3,2,5105516,2024-11-07,2025-07-01,manual,1000000,5.105516
7121054973544890,0,1,35,M,RS004,R10.4,87.09,1,2,0,2679801,2025-01-01,2025-07-01,manual,1200000,2.2331675
8809201840936143,1,1,73,M,RS004,I25.1,99.24,3,4,5,9222671,2025-01-27,2025-07-01,auto,5000000,1.8445342
9922832200918599,1,1,29,F,RS009,E66.9,99.28,3,1,4,5259065,2025-03-31,2025-07-01,auto,1000000,5.259065
5378585533521299,1,0,25,M,RS006,E11,99.10,2,4,2,8148602,2024-11-02,2025-07-01,manual,2500000,3.2594408
1798148529728394,1,1,61,F,RS006,K29.7,45.16,2,1,0,4776796,2025-01-23,2025-07-01,manual,1700000,2.80988
8809201840936143,1,1,73,M,RS004,I25.1,99.24,3,1,1,9070614,2024-12-02,2025-07-01,auto,5000000,1.8141228
4483375280113427,1,0,87,M,RS008,Z34.0,73.0,3,2,2,2331956,2024-12-30,2025-07-01,auto,800000,2.914945
4642203147239080,1,1,65,M,RS005,E66.9,99.28,2,4,1,4567504,2024-04-18,2025-07-01,auto,1000000,4.567504
2006740652609049,1,1,89,F,RS004,K29.7,45.16,1,1,0,8442109,2025-03-10,2025-07-01,manual,1700000,4.965946470588236
6861752153046166,1,1,56,M,RS002,J00,93.9,3,1,0,3850725,2024-07-26,2025-07-01,manual,500000,7.70145
8434095265576607,0,1,44,M,RS006,M54.5,93.39,3,2,0,7775273,2024-05-15,2025-07-01,auto,1800000,4.319596111111111
6738251208699809,1,0,78,M,RS009,K21.0,45.16,1,4,0,7499912,2024-01-10,2025-07-01,auto,1400000,5.35708
8877684967139127,1,1,70,M,RS005,K29.7,45.16,3,3,0,6736421,2024-05-08,2025-07-01,manual,1700000,3.962600588235294
5070720846199445,1,1,71,M,RS006,I25.1,36.15,3,3,3,4273100,2025-04-22,2025-07-01,auto,5000000,0.85462
8018956407690134,1,0,4,F,RS010,R10.4,45.23,3,1,0,6868580,2025-05-05,2025-07-01,manual,1200000,5.723816666666667
7554000018774508,0,1,40,M,RS004,Z00.0,93.99,1,2,0,8699946,2024-04-29,2025-07-01,manual,700000,12.428494285714285
6151670937396524,1,1,77,M,RS004,Z00.0,93.99,1,4,0,8406392,2025-02-19,2025-07-01,auto,700000,12.009131428571429
1848999200007838,0,1,44,M,RS010,N39.0,57.94,3,2,1,5922473,2024-06-03,2025-07-01,manual,2200000,2.6920331818181817
8565032210064819,1,1,36,F,RS005,M54.5,93.39,3,4,0,5908692,2025-06-17,2025-07-01,manual,1800000,3.2826066666666667
5791777114261611,1,0,90,F,RS003,A09,45.23,2,1,0,6867062,2025-03-15,2025-07-02,manual,1300000,5.282355384615385
9924102417031956,1,1,33,F,RS008,J45.9,93.96,3,3,1,8399714,2024-08-24,2025-07-02,auto,2300000,3.6520495652173914
0049974084799674,1,0,30,F,RS007,H25.9,13.1,1,4,0,9175350,2025-03-15,2025-07-02,manual,7500000,1.22338
1361776136193140,1,1,44,M,RS004,Z00.0,93.99,2,3,0,1972479,2024-05-10,2025-07-02,auto,700000,2.817827142857143
2509494660329666,1,1,20,M,RS010,K21.0,45.16,2,2,0,6774693,2024-11-01,2025-07-02,manual,1400000,4.839066428571429
9382064479278505,1,1,65,M,RS005,Z03.8,93.91,3,4,0,1268552,2024-09-11,2025-07-02,manual,1200000,1.0571266666666668
9805505503767813,1,1,1,M,RS001,J00,93.9,3,2,0,4997939,2025-01-21,2025-07-02,manual,500000,9.995878
5140763451989040,1,1,47,M,RS008,E11,99.10,1,4,1,8890600,2025-05-12,2025-07-02,manual,2500000,3.55624
9159608998724050,1,1,63,F,RS008,N39.0,57.94,2,2,2,4893641,2025-04-08,2025-07-02,auto,2200000,2.2243822727272726
1326094931090363,1,0,11,M,RS008,K29.7,45.16,1,2,2,7553380,2025-06-21,2025-07-02,manual,1700000,4.443164705882353
2768842318988658,0,1,23,F,RS010,R50.9,99.19,3,4,0,9191672,2025-06-21,2025-07-02,manual,1000000,9.191672
6413845228306411,0,1,1,F,RS007,R50.9,99.19,2,4,0,8487955,2025-05-22,2025-07-02,manual,1000000,8.487955
7196613456778908,1,1,18,F,RS003,Z03.8,93.91,2,3,0,7635959,2024-09-10,2025-07-02,auto,1200000,6.363299166666667
7681562024027711,0,0,90,F,RS009,N39.0,57.98,2,4,3,7251715,2025-04-30,2025-07-02,auto,2200000,3.296234090909091
4689131088468362,0,1,63,M,RS006,K21.0,45.16,1,3,1,490850,2024-12-11,2025-07-02,auto,1400000,0.35060714285714284
6663496472719317,1,0,75,F,RS008,N39.0,57.94,1,2,1,3485758,2024-10-28,2025-07-02,manual,2200000,1.5844354545454546
7593630920755779,1,1,5,F,RS008,R50.9,99.19,2,2,0,7624306,2025-01-16,2025-07-02,auto,1000000,7.624306
8822472690099623,1,1,30,F,RS008,Z00.0,93.99,3,4,0,3443842,2025-01-18,2025-07-02,manual,700000,4.919774285714285
2377252093917046,0,1,3,F,RS006,H25.9,13.5,3,4,0,9598883,2024-01-27,2025-07-02,manual,7500000,1.2798510666666667
6084293758120625,1,1,77,F,RS004,J00,93.9,1,4,1,4227755,2024-02-05,2025-07-02,manual,500000,8.45551
9572252825974371,0,1,49,F,RS008,M54.5,93.39,1,3,0,9675128,2025-05-19,2025-07-03,auto,1800000,5.375071111111111
3529840699660624,1,0,65,M,RS010,N39.0,57.94,2,2,2,8257993,2024-02-20,2025-07-03,manual,2200000,3.7536331818181816
4282157632154773,1,1,79,F,RS006,A09,45.23,3,1,1,1777853,2024-05-24,2025-07-03,manual,1300000,1.3675792307692307
7017125485426760,0,1,55,F,RS005,Z03.8,93.91,2,2,0,8889942,2024-12-24,2025-07-03,auto,1200000,7.408285
6468396150861957,0,1,22,M,RS006,O80,72.0,2,2,2,2225166,2025-06-04,2025-07-03,manual,3500000,0.6357617142857143
7579017205455543,1,0,17,F,RS007,K29.7,45.16,3,1,0,5851518,2024-06-28,2025-07-03,manual,1700000,3.442069411764706
0995702283263215,1,1,31,M,RS005,Z00.0,93.99,1,1,2,708691,2024-07-31,2025-07-03,auto,700000,1.0124157142857142
1326094931090363,1,0,11,M,RS008,K29.7,45.16,2,1,2,7014528,2025-03-28,2025-07-03,auto,1700000,4.126192941176471
2514661796539039,0,0,28,M,RS007,N39.0,57.98,1,4,4,4831999,2024-06-21,2025-07-03,manual,2200000,2.1963631818181817
2854662884970022,1,0,32,F,RS007,I25.1,36.15,1,1,2,2435053,2024-06-22,2025-07-03,auto,5000000,0.4870106
7546063553438211,1,1,50,M,RS001,J18.9,96.04,3,2,0,5994584,2025-04-01,2025-07-03,auto,4200000,1.4272819047619048
1529754249124832,0,1,27,M,RS009,O80,72.0,2,3,1,9642680,2024-07-24,2025-07-03,manual,3500000,2.7550514285714285
4989988882592368,1,0,7,F,RS002,Z34.0,73.0,1,4,2,4838478,2025-01-08,2025-07-03,auto,800000,6.0480975
3079714227567589,0,1,1,M,RS007,Z00.0,93.99,2,4,0,5184891,2025-04-05,2025-07-03,auto,700000,7.406987142857143
9494277282128680,0,1,46,F,RS006,Z00.0,93.99,1,2,0,5287058,2025-05-26,2025-07-03,auto,700000,7.55294
7801096351077466,0,1,24,F,RS005,H25.9,13.4,3,2,0,8274934,2024-09-02,2025-07-03,auto,7500000,1.1033245333333332
3291394196471995,1,1,25,M,RS004,R50.9,99.19,1,4,0,4393156,2025-04-08,2025-07-03,auto,1000000,4.393156
7897075692906406,1,1,62,F,RS006,R50.9,99.19,3,1,0,1006287,2024-02-06,2025-07-03,manual,1000000,1.006287
1106762168572706,1,1,75,M,RS010,J18.9,96.04,3,4,1,8708714,2024-12-13,2025-07-03,manual,4200000,2.0735033333333335
7886179660491873,0,0,54,F,RS005,N39.0,57.98,2,1,0,2377476,2025-06-14,2025-07-03,auto,2200000,1.080670909090909
9393180743617865,1,0,82,M,RS008,E66.9,99.28,1,2,1,8849317,2024-02-03,2025-07-03,auto,1000000,8.849317
2066691137652819,1,1,16,M,RS003,K21.0,45.16,3,4,2,9224686,2024-09-10,2025-07-03,manual,1400000,6.589061428571428
6431099747463069,1,1,21,M,RS004,I25.1,99.24,1,4,4,9662785,2025-05-19,2025-07-03,manual,5000000,1.932557
8231782736277653,1,1,5,M,RS007,N39.0,57.94,3,4,0,5454907,2024-02-20,2025-07-04,manual,2200000,2.4795031818181816
8018956407690134,1,0,4,F,RS010,Z03.8,93.91,3,3,0,1495929,2025-06-19,2025-07-04,auto,1200000,1.2466075
7708695437550438,1,1,33,M,RS004,J45.9,93.96,1,3,1,3234046,2025-02-11,2025-07-04,manual,2300000,1.4061069565217392
8675668065807341,0,1,25,M,RS008,K21.0,45.16,1,3,3,5793106,2025-05-30,2025-07-04,manual,1400000,4.137932857142857
1813792019977577,1,1,8,M,RS010,E66.9,99.28,1,4,3,1082719,2025-05-05,2025-07-04,auto,1000000,1.082719
0470504238383863,1,1,13,M,RS005,M54.5,93.39,2,3,0,2855216,2024-04-03,2025-07-04,manual,1800000,1.5862311111111111
2441630707957154,1,1,26,M,RS001,O80,72.0,1,4,2,7661424,2024-01-31,2025-07-04,auto,3500000,2.1889782857142857
0747479228763775,1,1,55,F,RS008,J45.9,93.96,2,2,1,4964813,2024-07-19,2025-07-04,auto,2300000,2.158614347826087
6204342316341708,1,0,66,F,RS003,M54.5,93.39,3,2,1,6288682,2025-06-12,2025-07-04,manual,1800000,3.4937122222222223
1492954314402453,1,1,54,M,RS006,I10,99.04,1,1,3,3785640,2024-09-10,2025-07-04,auto,2000000,1.89282
6447468153898644,0,1,27,M,RS002,K21.0,45.16,1,1,0,8420994,2024-08-14,2025-07-04,auto,1400000,6.014995714285714
4581014690311437,0,0,88,F,RS008,M54.5,93.39,3,1,0,5437585,2024-03-19,2025-07-04,manual,1800000,3.0208805555555553
3441134935642077,1,1,59,F,RS004,J18.9,93.94,2,1,1,877008,2024-11-28,2025-07-04,manual,4200000,0.20881142857142856
8246790209015526,0,1,18,M,RS007,Z00.0,93.99,3,4,0,5111121,2024-11-30,2025-07-04,manual,700000,7.301601428571429
8983578276346563,1,1,59,F,RS007,Z03.8,93.91,2,1,1,6413847,2024-11-14,2025-07-04,auto,1200000,5.3448725
9864465826280716,1,1,50,M,RS010,I10,99.04,1,4,3,9135365,2025-03-22,2025-07-04,auto,2000000,4.5676825
5765147635522208,1,0,18,F,RS010,O80,72.0,3,3,3,6594971,2024-05-09,2025-07-04,auto,3500000,1.8842774285714285
3330804687169543,0,1,50,M,RS002,E11,99.10,1,4,1,2225293,2025-06-02,2025-07-04,auto,2500000,0.8901172
0507761649408367,0,1,3,M,RS008,K29.7,45.16,1,1,2,5027802,2024-07-17,2025-07-04,manual,1700000,2.957530588235294
7221577534889569,1,1,19,M,RS003,H25.9,13.5,3,1,0,2397520,2024-07-03,2025-07-05,manual,7500000,0.31966933333333336
6359534663487435,1,0,76,F,RS001,J45.9,93.96,3,4,0,3228529,2025-01-11,2025-07-05,manual,2300000,1.4037082608695652
6834967941500665,1,0,18,M,RS007,K29.7,45.16,1,1,0,1951724,2025-06-09,2025-07-05,auto,1700000,1.1480729411764705
2058288071391914,1,1,40,M,RS007,R50.9,99.19,3,4,0,5588258,2024-10-17,2025-07-05,manual,1000000,5.588258
4570723345505603,1,1,41,F,RS002,J18.9,96.04,1,1,1,1401518,2024-11-08,2025-07-05,auto,4200000,0.3336947619047619
4705770077656530,0,1,45,F,RS003,K21.0,45.16,1,1,2,4508634,2024-07-10,2025-07-05,manual,1400000,3.220452857142857
2513636250050664,1,1,8,M,RS009,J18.9,96.04,1,1,0,1165510,2025-05-08,2025-07-05,auto,4200000,0.27750238095238094
7417378451318095,0,1,56,M,RS003,J45.9,93.96,1,3,0,2979441,2025-05-13,2025-07-05,auto,2300000,1.2954091304347826
3678197704238312,1,1,13,M,RS010,K21.0,45.16,3,3,0,8739848,2024-12-07,2025-07-05,manual,1400000,6.242748571428572
3342177724510006,1,1,13,F,RS007,O80,72.0,3,4,3,8152913,2024-09-04,2025-07-05,manual,3500000,2.3294037142857142
3076636346937053,1,0,3,M,RS009,M54.5,93.39,1,3,1,6232554,2024-01-26,2025-07-05,manual,1800000,3.46253
2768842318988658,0,1,23,F,RS010,R50.9,99.19,3,1,0,5358868,2025-02-18,2025-07-05,auto,1000000,5.358868
8661097260376336,1,0,16,F,RS003,J18.9,96.04,3,4,0,5034449,2024-10-22,2025-07-05,manual,4200000,1.1986783333333333
4581348501650664,0,0,19,F,RS005,E11,99.10,2,2,1,9733051,2025-01-31,2025-07-05,manual,2500000,3.8932204
1222554135379550,1,1,41,M,RS002,M54.5,93.39,1,2,0,9142641,2025-06-20,2025-07-05,manual,1800000,5.079245
0285322132812752,1,1,27,F,RS005,J00,93.9,1,4,0,5941944,2024-03-29,2025-07-05,manual,500000,11.883888
4659131653908156,1,0,58,F,RS004,M54.5,93.39,3,2,0,9907031,2025-04-07,2025-07-05,manual,1800000,5.503906111111111
8399802278259272,1,1,85,F,RS009,N39.0,57.94,2,3,2,6182515,2024-07-10,2025-07-07,manual,2200000,2.810234090909091
9557635511730605,1,1,15,F,RS008,J18.9,96.04,3,1,0,1839995,2025-01-30,2025-07-07,manual,4200000,0.43809404761904763
0315619825446469,1,1,23,F,RS001,I25.1,36.15,1,3,3,5389066,2024-11-05,2025-07-07,auto,5000000,1.0778132
9734406236726499,1,0,64,M,RS002,J18.9,96.04,3,2,0,8195481,2024-09-14,2025-07-07,manual,4200000,1.951305
1445145803833441,1,1,56,M,RS010,N39.0,57.98,2,2,1,2148882,2025-02-25,2025-07-07,auto,2200000,0.9767645454545455
9270727056704384,1,1,76,M,RS006,Z03.8,93.91,2,3,0,8918186,2024-11-11,2025-07-07,auto,1200000,7.431821666666667
7683924049915803,1,0,46,F,RS008,I25.1,99.24,3,4,5,8251033,2025-06-21,2025-07-07,manual,5000000,1.6502066
4215995736979502,1,1,80,M,RS007,J18.9,93.94,3,4,0,9184629,2024-04-23,2025-07-07,manual,4200000,2.1868164285714284
6857860143558473,1,0,8,F,RS008,K21.0,45.16,1,3,0,6783545,2025-02-12,2025-07-07,manual,1400000,4.845389285714286
8113811072458469,0,1,44,M,RS002,Z00.0,93.99,2,2,1,3721037,2025-02-11,2025-07-07,manual,700000,5.315767142857143
4536346179659780,1,1,47,F,RS004,Z34.0,73.0,3,1,2,2351957,2025-04-14,2025-07-07,auto,800000,2.93994625
6276042149114715,1,1,3,F,RS003,N39.0,57.94,2,3,1,8411717,2025-05-07,2025-07-07,manual,2200000,3.823507727272727
4110746312800349,1,1,72,M,RS009,Z34.0,73.0,2,2,2,406592,2025-04-24,2025-07-07,manual,800000,0.50824
6022652431743594,1,1,81,M,RS005,H25.9,13.1,3,4,0,8532071,2025-05-12,2025-07-07,auto,7500000,1.1376094666666667
9369774358721116,1,0,80,F,RS004,N39.0,57.94,2,2,0,2128425,2025-05-20,2025-07-07,manual,2200000,0.9674659090909091
2744218297522063,1,1,27,F,RS003,I25.1,99.24,1,2,2,5644460,2024-10-22,2025-07-07,manual,5000000,1.128892
5945562047567614,0,1,90,F,RS007,H25.9,13.5,3,1,0,8589729,2024-10-26,2025-07-07,auto,7500000,1.1452972
7011948972527272,1,1,72,M,RS003,J18.9,93.94,1,3,0,9533586,2024-12-02,2025-07-07,manual,4200000,2.2699014285714285
8706521065904296,1,1,57,M,RS008,M54.5,93.39,1,4,0,6753439,2024-08-31,2025-07-07,manual,1800000,3.7519105555555554
8673881653325308,0,1,25,F,RS008,J00,93.9,1,4,0,885666,2024-10-29,2025-07-07,manual,500000,1.771332
7456509477882515,1,1,48,F,RS009,E11,99.10,2,4,1,1537469,2024-02-23,2025-07-08,auto,2500000,0.6149876
8692248918710825,1,1,46,F,RS005,N39.0,57.94,3,2,0,7426017,2025-05-17,2025-07-08,auto,2200000,3.3754622727272725
3879706923493545,1,1,84,M,RS006,O80,72.0,2,1,2,3085417,2025-06-02,2025-07-08,auto,3500000,0.8815477142857143
6870740317422122,1,1,58,M,RS001,I25.1,36.15,3,3,2,5049774,2025-01-29,2025-07-08,auto,5000000,1.0099548
9382308773967750,1,1,58,M,RS010,J18.9,93.94,3,3,0,1100315,2025-04-14,2025-07-08,manual,4200000,0.2619797619047619
5652778936888672,1,0,79,M,RS004,Z34.0,73.0,3,3,3,1282493,2025-03-12,2025-07-08,manual,800000,1.60311625
1250458991857109,1,0,67,F,RS009,J45.9,93.96,3,4,0,3860854,2025-01-10,2025-07-08,auto,2300000,1.6786321739130434
5057408363979261,1,1,14,F,RS010,O80,72.0,1,2,1,9534811,2025-03-24,2025-07-08,auto,3500000,2.724231714285714
0656666842337095,1,1,88,M,RS005,H25.9,13.4,3,2,0,3042587,2024-07-10,2025-07-08,auto,7500000,0.4056782666666667
2854662884970022,1,0,32,F,RS007,I25.1,99.24,2,1,3,4060693,2024-10-10,2025-07-08,auto,5000000,0.8121386
1385241344555728,0,1,73,F,RS005,Z03.8,93.91,2,4,0,3018951,2024-12-04,2025-07-08,auto,1200000,2.5157925
8893465789209452,0,1,9,F,RS009,Z34.0,73.0,1,3,2,5798640,2025-05-31,2025-07-08,manual,800000,7.2483
3617481897877767,0,1,1,M,RS005,I25.1,36.15,1,2,3,6971873,2024-12-13,2025-07-08,auto,5000000,1.3943746
8323820778376259,1,1,48,M,RS005,O80,72.0,3,2,2,7077336,2025-05-03,2025-07-08,manual,3500000,2.022096
1710127384618966,1,0,38,M,RS007,A09,45.23,3,3,1,8323086,2024-06-26,2025-07-08,manual,1300000,6.402373846153846
4070916106914059,1,1,8,F,RS001,R10.4,45.23,2,4,0,7064309,2025-06-03,2025-07-08,manual,1200000,5.886924166666667
6298405903376682,1,1,80,M,RS007,N39.0,57.98,3,1,0,7328228,2025-01-27,2025-07-08,manual,2200000,3.3310127272727272
2326733573230621,0,0,84,F,RS001,K29.7,45.16,2,3,0,1354580,2025-06-27,2025-07-08,auto,1700000,0.7968117647058823
1501479587674742,1,1,8,M,RS009,H25.9,13.4,2,4,0,6140085,2025-05-30,2025-07-08,manual,7500000,0.818678
4281208182104094,1,1,47,F,RS003,R10.4,45.23,1,3,0,6529870,2025-05-13,2025-07-08,auto,1200000,5.441558333333333
6227300849406605,0,1,52,F,RS002,Z03.8,93.91,1,1,0,6462992,2025-02-18,2025-07-08,auto,1200000,5.3858266666666665
1815559531523603,1,1,57,F,RS006,E11,99.10,2,2,2,4101553,2024-10-09,2025-07-08,manual,2500000,1.6406212
8641806193344137,1,0,33,M,RS007,J00,93.9,1,2,0,1452508,2025-02-21,2025-07-08,auto,500000,2.905016
0696230795231362,1,1,62,M,RS003,E11,99.10,3,2,1,5883010,2024-12-11,2025-07-08,auto,2500000,2.353204
4180101645269836,0,1,16,F,RS008,Z00.0,93.99,2,4,0,836272,2025-03-01,2025-07-08,manual,700000,1.1946742857142858
8202054422518066,1,1,14,F,RS008,J00,93.9,2,3,0,2147792,2025-05-20,2025-07-09,manual,500000,4.295584
7768280343339046,1,0,85,F,RS006,O80,72.0,1,2,2,8214332,2024-12-27,2025-07-09,auto,3500000,2.346952
8747432799530596,1,1,5,F,RS002,Z03.8,93.91,3,4,1,6837848,2024-06-24,2025-07-09,auto,1200000,5.698206666666667
3853110597860758,1,1,25,M,RS006,M54.5,93.39,3,4,0,8260648,2024-03-28,2025-07-09,manual,1800000,4.589248888888889
5124039520614457,1,1,39,F,RS005,O80,72.0,1,3,2,4622786,2025-06-25,2025-07-09,auto,3500000,1.320796
2514661796539039,0,0,28,M,RS007,N39.0,57.98,1,3,2,2443804,2025-06-19,2025-07-09,manual,2200000,1.11082
8528622624108403,1,1,6,F,RS010,Z00.0,93.99,3,1,1,6653139,2024-01-20,2025-07-09,auto,700000,9.504484285714286
5418188134217819,1,1,36,F,RS005,H25.9,13.5,2,2,0,4762493,2025-03-28,2025-07-09,manual,7500000,0.6349990666666666
6821489080645111,1,1,14,F,RS001,M54.5,93.39,1,3,0,3320334,2025-05-31,2025-07-09,auto,1800000,1.84463
5535235619078856,1,1,72,F,RS001,K21.0,45.16,2,1,1,6617800,2024-10-29,2025-07-09,manual,1400000,4.727
6582997103923122,1,1,9,M,RS009,H25.9,13.4,1,4,0,8662151,2025-05-09,2025-07-09,auto,7500000,1.1549534666666668
9744640172958390,1,0,62,M,RS010,R10.4,87.09,3,4,0,5115922,2024-03-29,2025-07-09,manual,1200000,4.263268333333333
9729815643709629,1,1,53,F,RS002,K21.0,45.16,2,2,1,2971094,2025-05-17,2025-07-09,manual,1400000,2.12221
5519825488340102,1,1,46,F,RS007,E11,99.10,3,3,1,4429720,2025-06-09,2025-07-09,manual,2500000,1.771888
6276042149114715,1,1,3,F,RS003,N39.0,57.98,1,4,0,481944,2024-04-25,2025-07-09,manual,2200000,0.21906545454545454
8231782736277653,1,1,5,M,RS007,N39.0,57.94,1,4,4,4068368,2024-08-19,2025-07-09,auto,2200000,1.849258181818182
3092374663510852,1,1,77,F,RS008,A09,45.23,2,1,0,9701039,2024-11-18,2025-07-09,manual,1300000,7.462337692307693
4252525526263830,0,1,53,F,RS005,A09,45.23,2,2,0,2553229,2025-01-04,2025-07-09,manual,1300000,1.9640223076923078
8255770207505376,0,1,42,F,RS007,E11,99.10,2,3,3,2026107,2024-10-09,2025-07-09,auto,2500000,0.8104428
5500057006681866,1,1,84,F,RS001,Z34.0,73.0,3,1,2,5192226,2024-10-24,2025-07-09,manual,800000,6.4902825
5552238132440421,0,0,16,M,RS006,J45.9,93.96,3,1,0,6786956,2024-10-01,2025-07-09,manual,2300000,2.9508504347826086
7654642196308417,1,1,60,F,RS002,E11,99.10,3,1,0,5209683,2025-01-18,2025-07-09,manual,2500000,2.0838732
8221205651521330,0,1,59,F,RS001,M54.5,93.39,3,2,1,7885985,2024-11-23,2025-07-10,auto,1800000,4.381102777777778
3067399049433130,1,1,27,M,RS005,M54.5,93.39,1,1,0,1669128,2025-05-24,2025-07-10,auto,1800000,0.9272933333333333
5780077446410753,1,1,67,M,RS002,J00,93.9,2,3,0,4698998,2025-01-23,2025-07-10,manual,500000,9.397996
7134011170927254,0,0,32,M,RS009,Z03.8,93.91,3,1,0,4036434,2024-04-08,2025-07-10,auto,1200000,3.363695
7202313982194516,0,0,38,F,RS010,I25.1,36.15,3,2,4,5772326,2025-03-29,2025-07-10,auto,5000000,1.1544652
6821489080645111,1,1,14,F,RS001,M54.5,93.39,3,4,2,8114455,2025-02-21,2025-07-10,auto,1800000,4.508030555555556
1413384681675581,1,1,90,F,RS001,J18.9,93.94,1,3,0,7837932,2025-05-20,2025-07-10,manual,4200000,1.8661742857142858
0609162315562941,0,1,7,M,RS003,K21.0,45.16,1,1,3,4576186,2024-06-11,2025-07-10,auto,1400000,3.2687042857142856
7039627128182909,1,1,7,M,RS001,Z00.0,93.99,1,3,0,5167861,2025-01-14,2025-07-10,manual,700000,7.382658571428571
5561134190346425,1,1,26,M,RS001,E11,99.10,3,3,2,9239243,2025-05-29,2025-07-10,auto,2500000,3.6956972
6713021505662344,1,1,9,M,RS005,R50.9,99.19,3,2,0,8966372,2025-06-03,2025-07-10,manual,1000000,8.966372
8202104832042024,1,1,4,M,RS003,J00,93.9,1,2,2,462195,2025-03-27,2025-07-10,auto,500000,0.92439
2599124358910743,1,1,54,F,RS006,J18.9,96.04,1,2,1,9375553,2024-06-03,2025-07-10,auto,4200000,2.2322745238095236
0375962382335677,1,1,51,F,RS010,K29.7,45.16,2,4,1,5285247,2025-03-29,2025-07-10,auto,1700000,3.1089688235294117
7104698512848497,1,1,24,M,RS010,E11,99.10,1,1,2,3887375,2024-02-27,2025-07-10,manual,2500000,1.55495
7608312207456934,1,1,48,F,RS010,O80,72.0,1,4,2,8479879,2024-12-12,2025-07-10,auto,3500000,2.4228225714285716
6151670937396524,1,1,77,M,RS004,Z00.0,93.99,1,4,1,7644518,2025-07-02,2025-07-10,auto,700000,10.92074
2304257551681757,1,1,47,M,RS005,J00,93.9,3,2,1,9968941,2024-04-04,2025-07-10,manual,500000,19.937882
6840867016380066,1,0,63,F,RS002,E11,99.10,1,4,0,3989649,2025-05-09,2025-07-10,manual,2500000,1.5958596
3931689555239606,1,0,2,M,RS009,J00,93.9,3,3,0,8129451,2025-02-01,2025-07-11,auto,500000,16.258902
8166715159168790,1,0,29,F,RS006,E66.9,99.28,1,3,4,4138204,2025-02-28,2025-07-11,manual,1000000,4.138204
8825307890787648,1,1,46,F,RS004,I10,99.04,1,3,1,2960281,2024-10-23,2025-07-11,auto,2000000,1.4801405
3828760921840735,1,1,49,M,RS006,E66.9,99.28,3,4,1,3010339,2025-03-17,2025-07-11,manual,1000000,3.010339
1177206678366892,1,1,15,M,RS008,Z00.0,93.99,2,4,0,4249419,2024-11-30,2025-07-11,auto,700000,6.0705985714285715
9813365066526230,1,1,50,F,RS004,K21.0,45.16,2,4,0,4225353,2025-01-09,2025-07-11,auto,1400000,3.0181092857142855
4586715196777985,0,1,26,M,RS001,E11,99.10,3,2,1,2510407,2025-06-30,2025-07-11,manual,2500000,1.0041628
4948997898514829,1,1,16,F,RS006,E66.9,99.28,4,1,2,1608052,2024-08-19,2025-07-11,auto,1000000,1.608052
5281676812688291,1,1,41,F,RS003,N39.0,57.94,1,4,5,4627890,2025-06-16,2025-07-11,auto,2200000,2.1035863636363636
6534406524227827,0,1,20,M,RS006,J18.9,93.94,3,3,0,4490864,2025-06-07,2025-07-11,manual,4200000,1.0692533333333334
5242892784396581,1,0,79,F,RS002,M54.5,93.39,3,3,0,4302649,2025-01-14,2025-07-11,manual,1800000,2.3903605555555556
8192619147946310,1,1,63,F,RS001,K21.0,45.16,1,3,3,4191192,2025-06-17,2025-07-11,auto,1400000,2.9937085714285714
2599124358910743,1,1,54,F,RS006,J18.9,93.94,3,1,2,6005998,2024-10-02,2025-07-11,auto,4200000,1.4299995238095238
9370233076094656,1,1,12,M,RS003,Z34.0,73.0,1,4,2,7807610,2024-01-10,2025-07-11,auto,800000,9.7595125
5875096461777870,1,1,38,F,RS007,I10,99.04,3,3,3,4810802,2025-06-26,2025-07-12,auto,2000000,2.405401
3888514952668670,1,0,80,F,RS006,K29.7,45.16,2,2,1,1578322,2025-05-27,2025-07-12,auto,1700000,0.9284247058823529
2049891277266700,0,1,7,M,RS001,J45.9,93.96,3,1,0,6863255,2025-05-13,2025-07-12,manual,2300000,2.9840239130434782
2316414926065218,1,0,14,M,RS009,J18.9,93.94,2,4,2,831062,2024-05-01,2025-07-12,manual,4200000,0.19787190476190475
6857860143558473,1,0,8,F,RS008,K29.7,45.16,3,3,3,7798975,2025-06-13,2025-07-12,manual,1700000,4.587632352941177
7038578589303999,0,1,76,F,RS005,M54.5,93.39,3,4,2,1334157,2025-04-19,2025-07-12,auto,1800000,0.7411983333333333
8092679456933417,1,1,57,M,RS004,Z03.8,93.91,1,1,1,7641785,2025-06-26,2025-07-12,auto,1200000,6.368154166666667
4657195907441934,0,1,90,F,RS008,N39.0,57.94,1,2,0,6409965,2024-03-01,2025-07-12,auto,2200000,2.9136204545454545
0270780469986356,0,1,31,M,RS005,J18.9,96.04,3,1,0,6864393,2025-07-07,2025-07-12,manual,4200000,1.6343792857142858
9574164019195810,0,1,89,F,RS004,K29.7,45.16,3,4,1,4544047,2025-04-29,2025-07-12,auto,1700000,2.672968823529412
7445404487177647,1,1,18,M,RS009,J00,93.9,3,2,0,714323,2024-04-05,2025-07-12,auto,500000,1.428646
3250605319470314,1,1,19,M,RS001,K29.7,45.16,2,1,1,5813495,2025-01-21,2025-07-12,manual,1700000,3.4197029411764706
2993478058555634,1,1,39,F,RS010,N39.0,57.98,3,1,1,2636871,2024-09-05,2025-07-12,manual,2200000,1.1985777272727274
5960001558299677,0,1,48,M,RS007,I25.1,36.15,3,3,3,1324889,2025-06-04,2025-07-12,manual,5000000,0.2649778
8391890040333894,1,0,62,M,RS004,O80,72.0,2,4,1,4474812,2025-07-08,2025-07-14,manual,3500000,1.2785177142857143
7783057971395830,0,1,35,M,RS002,R50.9,99.19,3,2,0,9309429,2025-05-24,2025-07-14,manual,1000000,9.309429
8705947386362240,0,1,35,F,RS008,M54.5,93.39,3,4,0,3331737,2025-06-24,2025-07-14,manual,1800000,1.850965
5562659195568358,1,1,43,M,RS008,J18.9,96.04,2,2,0,8258832,2025-01-13,2025-07-14,manual,4200000,1.9663885714285714
1493419468448991,1,1,5,F,RS003,J18.9,93.94,2,4,0,9589633,2025-04-23,2025-07-14,auto,4200000,2.2832459523809523
4150380157685581,1,1,71,M,RS002,K21.0,45.16,1,1,2,1597178,2024-09-06,2025-07-14,manual,1400000,1.1408414285714286
9526040651749891,0,1,39,F,RS009,I10,99.04,3,3,3,5985890,2024-03-07,2025-07-14,manual,2000000,2.992945
9819520819893304,1,0,72,M,RS001,J18.9,93.94,3,3,1,8136484,2025-06-27,2025-07-14,auto,4200000,1.9372580952380953
3726747116370957,1,1,17,M,RS006,K21.0,45.16,2,1,2,6941730,2025-06-21,2025-07-14,auto,1400000,4.958378571428572
7579017205455543,1,0,17,F,RS007,K29.7,45.16,2,2,4,8136358,2025-06-18,2025-07-14,auto,1700000,4.786092941176471
7090454115709204,0,1,7,M,RS003,K29.7,45.16,2,1,0,518556,2024-06-25,2025-07-14,auto,1700000,0.30503294117647056
5567647471165465,0,1,43,M,RS004,I25.1,99.24,3,1,3,3190679,2024-09-28,2025-07-14,manual,5000000,0.6381358
1391506379480615,0,0,7,M,RS005,I25.1,36.15,3,4,2,8284276,2024-11-11,2025-07-14,auto,5000000,1.6568552
2858522158951699,0,1,12,M,RS008,Z00.0,93.99,3,3,0,2822509,2024-03-22,2025-07-14,manual,700000,4.0321557142857145
8310456410787226,1,1,79,M,RS007,R10.4,87.09,1,4,0,7807476,2025-03-05,2025-07-14,auto,1200000,6.50623
1966130377363425,1,1,56,F,RS002,J45.9,93.96,3,2,0,8979782,2025-01-30,2025-07-14,manual,2300000,3.9042530434782607
2011200014076145,1,1,1,F,RS007,R10.4,87.09,1,1,1,6892399,2025-01-06,2025-07-14,auto,1200000,5.743665833333333
1426163359843708,1,1,18,F,RS004,E66.9,99.28,3,4,5,5516635,2024-06-06,2025-07-14,manual,1000000,5.516635
0848093134701863,1,1,57,F,RS003,Z00.0,93.99,1,1,0,1221257,2024-02-14,2025-07-14,auto,700000,1.7446528571428572
5488594253824256,0,1,64,F,RS006,O80,72.0,1,3,1,7252534,2025-06-17,2025-07-14,auto,3500000,2.0721525714285716
6772259978251224,0,1,69,F,RS002,K21.0,45.16,1,4,2,4094205,2025-03-17,2025-07-14,manual,1400000,2.924432142857143
7428853963649703,1,0,12,M,RS004,Z00.0,93.99,2,4,1,5599256,2025-02-20,2025-07-14,auto,700000,7.998937142857143
1804964538301977,0,1,51,F,RS008,Z00.0,93.99,3,2,2,2986980,2025-02-25,2025-07-14,manual,700000,4.267114285714285
1393356349247128,1,1,66,F,RS005,M54.5,93.39,2,2,0,3989875,2025-04-11,2025-07-14,auto,1800000,2.216597222222222
5535235619078856,1,1,72,F,RS001,K21.0,45.16,1,3,1,7575424,2025-03-28,2025-07-15,auto,1400000,5.411017142857143
6930344289116666,1,1,26,F,RS002,K21.0,45.16,2,2,1,9334238,2024-02-08,2025-07-15,manual,1400000,6.667312857142857
1624824136308085,1,1,32,M,RS001,E11,99.10,2,2,1,9075446,2024-06-14,2025-07-15,manual,2500000,3.6301784
8345854329008913,1,1,44,F,RS004,K29.7,45.16,3,1,0,9299148,2024-11-05,2025-07-15,auto,1700000,5.4700870588235295
2835852385434651,1,1,65,F,RS007,N39.0,57.98,3,4,1,4594115,2025-07-09,2025-07-15,auto,2200000,2.088234090909091
0321989755753476,1,1,16,M,RS002,O80,72.0,3,3,2,4658433,2024-03-28,2025-07-15,auto,3500000,1.3309808571428572
1222554135379550,1,1,41,M,RS002,M54.5,93.39,3,2,0,9756745,2025-01-23,2025-07-15,auto,1800000,5.420413888888889
7824943251185450,1,1,41,M,RS004,Z00.0,93.99,1,1,0,9537432,2025-05-19,2025-07-15,manual,700000,13.624902857142857
3369629799338385,1,0,22,M,RS010,E66.9,99.28,1,3,1,8988177,2025-06-03,2025-07-15,auto,1000000,8.988177
8968741664612122,1,1,33,F,RS001,Z34.0,73.0,3,3,2,7480486,2024-12-30,2025-07-15,manual,800000,9.3506075
7484628441388237,0,1,12,F,RS004,E66.9,99.28,1,2,2,3500068,2024-11-18,2025-07-15,auto,1000000,3.500068
7412739805401343,1,0,36,F,RS005,Z34.0,73.0,2,3,1,6609645,2025-01-04,2025-07-15,manual,800000,8.26205625
2768842318988658,0,1,23,F,RS010,R50.9,99.19,3,4,1,2378517,2025-01-07,2025-07-15,auto,1000000,2.378517
7907315054201660,0,1,77,M,RS002,O80,72.0,3,3,2,3078041,2025-05-29,2025-07-15,manual,3500000,0.8794402857142857
4657195907441934,0,1,90,F,RS008,N39.0,57.98,1,4,3,411587,2024-06-25,2025-07-15,auto,2200000,0.187085
0673374816293677,1,1,81,M,RS002,E11,99.10,1,3,4,5245641,2025-06-26,2025-07-15,auto,2500000,2.0982564
4483283255323643,1,1,51,M,RS008,O80,72.0,3,1,2,3154630,2025-04-16,2025-07-15,manual,3500000,0.9013228571428571
7917852985551246,0,0,4,F,RS005,K21.0,45.16,1,4,1,9202202,2025-06-17,2025-07-15,auto,1400000,6.573001428571429
1250458991857109,1,0,67,F,RS009,J00,93.9,1,3,0,9302824,2024-04-10,2025-07-15,manual,500000,18.605648
5706863606912757,1,0,13,M,RS008,M54.5,93.39,2,1,0,6967115,2024-11-04,2025-07-15,manual,1800000,3.8706194444444444
8552871560518504,1,1,20,M,RS009,Z34.0,73.0,1,3,1,1077629,2024-10-11,2025-07-15,auto,800000,1.34703625
1555805379314284,1,0,42,F,RS003,E11,99.10,1,1,3,6304991,2024-05-24,2025-07-15,manual,2500000,2.5219964
9963081688936337,1,1,29,F,RS007,J18.9,96.04,2,1,0,2342261,2024-04-20,2025-07-15,manual,4200000,0.5576811904761905
5922076436130139,1,1,75,F,RS006,K29.7,45.16,1,3,1,2841218,2025-04-15,2025-07-15,manual,1700000,1.671304705882353
4831592105256498,0,1,26,F,RS009,J00,93.9,2,1,1,5152361,2024-04-18,2025-07-15,manual,500000,10.304722
6817849671151815,1,0,13,F,RS002,A09,45.23,1,2,2,3079411,2025-05-29,2025-07-16,auto,1300000,2.368777692307692
3900268197211729,1,0,30,F,RS001,N39.0,57.94,2,3,1,5634656,2024-04-24,2025-07-16,manual,2200000,2.5612072727272728
4304267915650959,1,1,23,M,RS005,H25.9,13.1,1,1,0,807094,2024-09-23,2025-07-16,manual,7500000,0.10761253333333333
1112450439366337,1,0,60,F,RS002,R10.4,45.23,1,2,0,9987453,2025-07-07,2025-07-16,manual,1200000,8.3228775
5552238132440421,0,0,16,M,RS006,J45.9,93.96,2,3,1,2755738,2025-05-02,2025-07-16,auto,2300000,1.198146956521739
9527515718531974,1,1,59,M,RS003,M54.5,93.39,3,4,0,6872465,2024-07-20,2025-07-16,manual,1800000,3.818036111111111
4613627972702577,0,1,65,F,RS003,J45.9,93.96,3,2,0,5844392,2024-11-25,2025-07-16,manual,2300000,2.54104
3121247992137668,1,1,16,F,RS001,R50.9,99.19,3,2,0,1551521,2024-05-21,2025-07-16,manual,1000000,1.551521
1848999200007838,0,1,44,M,RS010,N39.0,57.98,1,4,0,3052543,2024-12-16,2025-07-16,manual,2200000,1.3875195454545455
9125910376308540,1,1,64,F,RS005,K21.0,45.16,2,4,0,1167830,2025-02-26,2025-07-16,auto,1400000,0.8341642857142857
9372761545840578,0,1,18,M,RS009,Z03.8,93.91,1,4,0,1490451,2024-04-11,2025-07-16,manual,1200000,1.2420425
8327920661011970,1,1,49,F,RS005,J00,93.9,1,3,2,4410957,2025-04-30,2025-07-16,manual,500000,8.821914
0974452209400816,1,1,58,M,RS004,I25.1,36.15,3,2,3,9820765,2024-07-09,2025-07-16,auto,5000000,1.964153
9221730252048830,1,1,15,F,RS006,K21.0,45.16,2,1,3,7239758,2025-01-30,2025-07-16,auto,1400000,5.1712557142857145
8940402949212915,1,1,66,M,RS006,J45.9,93.96,1,2,1,9077333,2024-08-27,2025-07-16,manual,2300000,3.9466665217391306
4335089685116576,1,1,2,F,RS008,I25.1,36.15,1,2,1,6725354,2024-08-24,2025-07-16,auto,5000000,1.3450708
5243252278618393,0,1,84,M,RS001,A09,45.23,3,1,0,7276690,2025-06-16,2025-07-16,manual,1300000,5.597453846153846
9268457040179281,1,1,21,F,RS001,E11,99.10,2,1,4,8433954,2025-06-21,2025-07-16,auto,2500000,3.3735816
3611416287189403,1,1,61,F,RS007,A09,45.23,3,3,0,8369877,2024-03-19,2025-07-16,auto,1300000,6.438366923076923
2857487166885947,1,1,33,F,RS004,K29.7,45.16,1,2,2,4565074,2024-02-16,2025-07-16,auto,1700000,2.6853376470588235
8056839724228373,1,1,46,M,RS003,Z00.0,93.99,2,3,0,3414855,2025-04-08,2025-07-16,manual,700000,4.8783642857142855
0120678118987099,1,1,59,F,RS001,Z00.0,93.99,1,2,0,3383918,2024-12-11,2025-07-16,auto,700000,4.834168571428571
2244265806498939,1,1,49,F,RS001,M54.5,93.39,3,1,1,5399654,2024-08-26,2025-07-17,manual,1800000,2.999807777777778
3415350375992744,1,1,9,F,RS004,O80,72.0,2,4,1,9991319,2024-08-05,2025-07-17,auto,3500000,2.8546625714285714
3678197704238312,1,1,13,M,RS010,K21.0,45.16,3,4,0,9024214,2024-10-01,2025-07-17,manual,1400000,6.445867142857143
5242892784396581,1,0,79,F,RS002,M54.5,93.39,2,4,0,5615809,2025-03-08,2025-07-17,manual,1800000,3.119893888888889
9732458967890419,1,1,79,M,RS001,K29.7,45.16,3,3,2,7215948,2025-06-30,2025-07-17,auto,1700000,4.244675294117647
4281208182104094,1,1,47,F,RS003,R10.4,87.09,1,2,0,6068931,2025-01-02,2025-07-17,auto,1200000,5.0574425
4412476244484100,1,1,4,F,RS006,J45.9,93.96,2,2,1,6887885,2025-06-20,2025-07-17,auto,2300000,2.994732608695652
4361348173262579,1,1,76,F,RS009,I25.1,36.15,1,1,2,1810204,2024-12-03,2025-07-17,auto,5000000,0.3620408
7297573114568543,1,1,24,M,RS009,I10,99.04,1,3,3,3588748,2024-05-03,2025-07-17,auto,2000000,1.794374
7184385697297213,1,1,21,F,RS002,Z34.0,73.0,1,2,2,4800549,2025-06-14,2025-07-17,manual,800000,6.00068625
5810166096727822,1,1,77,M,RS009,K21.0,45.16,1,1,3,6572851,2024-12-06,2025-07-17,manual,1400000,4.6948935714285716
1161351260301758,1,1,31,M,RS009,J18.9,93.94,3,4,0,7072642,2024-08-30,2025-07-17,auto,4200000,1.683962380952381
2837607235152902,0,1,3,F,RS003,K29.7,45.16,2,4,1,6186466,2025-04-30,2025-07-17,manual,1700000,3.6390976470588234
6368083962193216,0,1,85,M,RS004,J45.9,93.96,2,4,0,1293108,2024-02-20,2025-07-17,manual,2300000,0.5622208695652174
6027000885549999,0,1,71,M,RS002,J00,93.9,2,1,0,4334971,2024-06-11,2025-07-17,auto,500000,8.669942
8827045452732691,1,0,31,M,RS005,H25.9,13.4,1,1,1,3547592,2025-03-03,2025-07-17,auto,7500000,0.4730122666666667
9277062180038058,1,1,39,F,RS003,J00,93.9,3,3,1,7329910,2025-06-05,2025-07-17,auto,500000,14.65982
2435704389682589,1,1,81,M,RS002,K29.7,45.16,2,2,0,3992037,2025-05-10,2025-07-17,manual,1700000,2.3482570588235294
6427726418346997,1,0,62,M,RS005,N39.0,57.98,1,2,1,5057316,2025-06-11,2025-07-17,manual,2200000,2.29878
4776965480262103,0,1,44,F,RS004,I10,99.04,1,3,5,8252818,2025-06-10,2025-07-17,auto,2000000,4.126409
9401769083528999,1,1,42,M,RS002,K29.7,45.16,2,1,0,9251988,2024-02-06,2025-07-17,auto,1700000,5.442345882352941
7370205258922667,1,1,40,M,RS003,A09,45.23,1,2,0,3190184,2024-04-11,2025-07-17,manual,1300000,2.453987692307692
6790382698950307,1,1,31,F,RS001,R10.4,45.23,2,1,2,6340185,2025-02-04,2025-07-17,auto,1200000,5.2834875
5894985616931757,1,1,15,M,RS005,R10.4,45.23,3,1,0,2840658,2024-11-23,2025-07-17,auto,1200000,2.367215
1871856155345349,1,0,88,M,RS009,R50.9,99.19,1,1,0,5717069,2024-12-11,2025-07-17,manual,1000000,5.717069
8913879578703433,1,0,15,M,RS005,O80,72.0,2,3,1,2457429,2025-06-18,2025-07-18,auto,3500000,0.7021225714285714
5177232162896585,1,0,34,F,RS007,A09,45.23,3,3,0,9453830,2024-06-04,2025-07-18,manual,1300000,7.272176923076923
5426793851201163,1,0,4,M,RS006,J18.9,96.04,3,4,0,465813,2024-05-06,2025-07-18,manual,4200000,0.11090785714285714
0875142694809400,1,0,5,M,RS007,J18.9,93.94,2,3,1,6831955,2025-05-14,2025-07-18,manual,4200000,1.6266559523809523
6672381129694723,1,1,8,F,RS007,M54.5,93.39,1,3,0,6766197,2024-04-25,2025-07-18,manual,1800000,3.7589983333333334
2168315908383585,0,1,2,F,RS001,A09,45.23,3,1,1,1958287,2025-03-28,2025-07-18,auto,1300000,1.5063746153846154
5556693730990013,0,1,20,M,RS001,I25.1,36.15,2,1,6,4583808,2024-12-19,2025-07-18,manual,5000000,0.9167616
4325980198805127,1,0,22,F,RS004,E66.9,99.28,3,3,2,9864378,2024-04-17,2025-07-18,auto,1000000,9.864378
9282878766736636,1,0,78,M,RS007,K29.7,45.16,2,1,1,4765634,2024-09-04,2025-07-18,auto,1700000,2.8033141176470586
6525350322602392,1,1,28,M,RS007,Z00.0,93.99,3,4,0,808178,2025-06-24,2025-07-18,auto,700000,1.15454
6247945305457062,1,1,85,F,RS007,O80,72.0,3,3,2,7423627,2025-06-25,2025-07-18,auto,3500000,2.1210362857142857
1655676763646571,0,0,77,F,RS006,J45.9,93.96,2,4,0,5418054,2024-02-29,2025-07-18,auto,2300000,2.355675652173913
0859967719914113,0,1,11,M,RS004,O80,72.0,2,2,2,971005,2025-07-02,2025-07-18,manual,3500000,0.27743
7365779835622070,0,1,39,M,RS005,J00,93.9,3,1,1,487655,2024-11-09,2025-07-18,manual,500000,0.97531
9786737746073421,1,0,2,F,RS008,A09,45.23,3,2,3,3468466,2024-06-19,2025-07-18,manual,1300000,2.6680507692307693
6294636969505306,1,1,47,F,RS007,A09,45.23,3,3,0,4229537,2024-05-24,2025-07-18,manual,1300000,3.25349
0392405087961834,1,0,9,F,RS005,E66.9,99.28,3,4,1,7758027,2024-02-05,2025-07-18,manual,1000000,7.758027
8568418520245529,1,1,41,F,RS005,N39.0,57.98,1,1,0,9244705,2024-07-13,2025-07-18,auto,2200000,4.202138636363636
2311733752635927,1,1,22,M,RS002,M54.5,93.39,3,4,0,2297458,2024-08-23,2025-07-18,manual,1800000,1.2763655555555555
2549436835722058,1,1,28,F,RS003,N39.0,57.98,2,4,3,1721887,2024-10-28,2025-07-18,manual,2200000,0.7826759090909091
6600666742590162,1,1,20,M,RS003,E11,99.10,2,2,0,3918330,2024-03-04,2025-07-18,auto,2500000,1.567332
5888079935141854,1,1,6,M,RS001,K21.0,45.16,2,1,0,7750752,2025-01-18,2025-07-18,manual,1400000,5.536251428571428
2095170039431707,0,1,71,M,RS001,K29.7,45.16,2,1,0,3571762,2025-04-10,2025-07-18,manual,1700000,2.101036470588235
2879367754077574,1,1,21,M,RS002,R50.9,99.19,3,4,0,5257871,2025-05-02,2025-07-18,manual,1000000,5.257871
4776965480262103,0,1,44,F,RS004,I10,99.04,1,3,4,2230646,2024-01-16,2025-07-19,auto,2000000,1.115323
0610606685488164,1,0,12,M,RS008,Z00.0,93.99,2,3,0,4511226,2024-02-09,2025-07-19,auto,700000,6.444608571428572
6840835586996761,1,1,8,F,RS006,E11,99.10,2,2,0,9954144,2025-03-03,2025-07-19,manual,2500000,3.9816576
4141124895771584,1,1,39,F,RS009,J00,93.9,1,2,0,8885921,2024-09-11,2025-07-19,auto,500000,17.771842
5875096461777870,1,1,38,F,RS007,K29.7,45.16,1,1,3,9952991,2024-06-29,2025-07-19,manual,1700000,5.8547005882352945
8392933547891253,1,1,2,F,RS004,Z34.0,73.0,3,4,4,3037276,2025-03-19,2025-07-19,auto,800000,3.796595
7751291884050540,1,0,85,M,RS004,E11,99.10,3,3,0,4863379,2025-02-27,2025-07-19,auto,2500000,1.9453516
3993497940265172,0,1,12,F,RS002,K29.7,45.16,1,2,0,1314001,2025-07-16,2025-07-19,manual,1700000,0.7729417647058824
9934677224493339,1,0,73,F,RS007,J00,93.9,1,1,1,5175183,2024-01-06,2025-07-19,manual,500000,10.350366
2058288071391914,1,1,40,M,RS007,R50.9,99.19,3,3,0,9021307,2025-01-27,2025-07-19,manual,1000000,9.021307
3936501464377786,1,1,23,M,RS007,K21.0,45.16,2,4,3,7460398,2025-05-01,2025-07-19,auto,1400000,5.328855714285714
3779154468471657,1,1,32,M,RS003,E11,99.10,2,2,0,9502315,2025-05-24,2025-07-19,manual,2500000,3.800926
1921389090047487,1,1,41,F,RS009,Z34.0,73.0,3,1,1,8355173,2024-01-18,2025-07-19,manual,800000,10.44396625
9206978035566899,1,0,2,F,RS009,Z34.0,73.0,2,4,3,1018334,2025-06-05,2025-07-19,manual,800000,1.2729175
3127588357665686,1,1,11,M,RS009,O80,72.0,2,3,2,2777019,2024-04-27,2025-07-19,manual,3500000,0.793434
1393356349247128,1,1,66,F,RS005,M54.5,93.39,2,3,0,6375749,2025-02-25,2025-07-19,auto,1800000,3.542082777777778
4818058220758163,1,1,51,F,RS008,J45.9,93.96,3,4,1,5569243,2025-05-03,2025-07-19,manual,2300000,2.42141
9372761545840578,0,1,18,M,RS009,Z03.8,93.91,3,3,0,8284145,2024-08-06,2025-07-19,manual,1200000,6.903454166666666
4327307733084916,1,0,15,M,RS002,J18.9,96.04,3,4,0,9564799,2024-02-08,2025-07-19,manual,4200000,2.2773330952380952
4850587547042431,1,1,74,F,RS005,E11,99.10,1,3,3,5755504,2025-04-02,2025-07-19,manual,2500000,2.3022016
7485901312352468,1,1,88,M,RS008,M54.5,93.39,1,1,1,9888163,2025-03-25,2025-07-19,auto,1800000,5.493423888888889
8202998881568925,0,1,50,F,RS001,J45.9,93.96,1,2,0,1637663,2025-06-14,2025-07-19,manual,2300000,0.7120273913043478
6545333595574259,1,1,28,M,RS007,I10,99.04,3,3,2,8685146,2024-09-13,2025-07-21,manual,2000000,4.342573
6638458907451555,1,1,24,F,RS005,Z34.0,73.0,2,3,3,2866986,2025-05-16,2025-07-21,auto,800000,3.5837325
1778677321351188,1,1,56,M,RS003,I10,99.04,2,1,1,3109095,2025-07-04,2025-07-21,manual,2000000,1.5545475
4546861063008706,0,1,81,F,RS007,I25.1,99.24,1,1,6,4120589,2025-03-26,2025-07-21,manual,5000000,0.8241178
1320383327716598,0,1,38,M,RS006,E66.9,99.28,1,3,4,7915178,2024-06-21,2025-07-21,auto,1000000,7.915178
9565309342585900,1,1,71,M,RS005,Z00.0,93.99,1,1,0,5298293,2025-04-09,2025-07-21,auto,700000,7.56899
8446090480072456,1,1,40,M,RS003,J45.9,93.96,1,4,0,9935543,2025-01-29,2025-07-21,manual,2300000,4.319801304347826
5445263605743361,1,0,89,M,RS006,J00,93.9,2,1,0,1046317,2024-10-17,2025-07-21,manual,500000,2.092634
4108041382339678,1,1,5,F,RS004,Z34.0,73.0,5,1,2,3091289,2024-10-21,2025-07-21,manual,800000,3.86411125
1179721150512224,1,1,60,F,RS003,I10,99.04,2,1,3,8778144,2024-02-27,2025-07-21,manual,2000000,4.389072
5677715415216966,1,1,23,M,RS002,K21.0,45.16,1,4,1,2136681,2025-05-30,2025-07-21,auto,1400000,1.5262007142857144
5944932902790404,0,1,2,M,RS006,J00,93.9,1,4,2,5616326,2025-01-06,2025-07-21,manual,500000,11.232652
6554758002152634,1,1,81,F,RS004,R50.9,99.19,3,3,0,8747516,2024-10-18,2025-07-21,manual,1000000,8.747516
9817980362437691,1,0,5,F,RS003,Z03.8,93.91,3,2,0,5432222,2024-09-09,2025-07-21,manual,1200000,4.5268516666666665
3528767056847118,1,0,63,F,RS010,N39.0,57.98,2,1,2,5960647,2024-11-23,2025-07-21,manual,2200000,2.709385
7714590588821549,1,1,25,F,RS006,E11,99.10,3,2,1,5727382,2024-02-07,2025-07-21,auto,2500000,2.2909528
6342408048979301,0,1,31,M,RS010,R50.9,99.19,1,1,0,5258460,2025-04-28,2025-07-21,auto,1000000,5.25846
1144026668555637,1,0,81,M,RS008,M54.5,93.39,1,3,1,4285463,2024-07-12,2025-07-21,manual,1800000,2.380812777777778
1679499139191819,1,1,47,M,RS003,K29.7,45.16,3,1,1,3313138,2025-01-13,2025-07-21,manual,1700000,1.948904705882353
4207896064408625,1,1,20,M,RS005,Z03.8,93.91,3,2,0,1972012,2025-04-09,2025-07-21,auto,1200000,1.6433433333333334
0375962382335677,1,1,51,F,RS010,K21.0,45.16,2,3,0,5835103,2025-06-05,2025-07-21,manual,1400000,4.167930714285714
8191255536134854,1,1,61,F,RS001,Z00.0,93.99,1,2,0,9286574,2025-03-03,2025-07-21,manual,700000,13.266534285714286
5057408363979261,1,1,14,F,RS010,E11,99.10,2,3,2,760326,2024-06-15,2025-07-22,auto,2500000,0.3041304
4354955773113222,1,1,2,F,RS006,E11,99.10,1,3,1,5055142,2025-02-03,2025-07-22,auto,2500000,2.0220568
4831592105256498,0,1,26,F,RS009,J18.9,96.04,2,2,2,824733,2024-09-04,2025-07-22,auto,4200000,0.196365
7775453601718401,1,0,19,M,RS006,E11,99.10,3,3,0,8123466,2025-03-01,2025-07-22,manual,2500000,3.2493864
5861913885625431,1,1,30,F,RS010,Z00.0,93.99,1,4,0,7763235,2024-09-18,2025-07-22,auto,700000,11.090335714285715
4773352549521454,0,1,52,M,RS009,Z34.0,73.0,3,3,1,8740070,2025-04-02,2025-07-22,manual,800000,10.9250875
0250691975058839,1,1,84,M,RS009,M54.5,93.39,1,4,0,8080788,2024-05-07,2025-07-22,manual,1800000,4.489326666666667
7818245222117226,1,1,17,F,RS003,I25.1,99.24,1,4,1,2962257,2025-07-10,2025-07-22,manual,5000000,0.5924514
5711219656369910,0,1,29,F,RS003,O80,72.0,2,2,2,2055219,2025-04-17,2025-07-22,auto,3500000,0.5872054285714285
3549030484885680,1,1,5,F,RS001,O80,72.0,2,3,3,6286364,2025-01-01,2025-07-22,manual,3500000,1.796104
5268194515341869,1,1,37,M,RS001,J18.9,96.04,3,3,1,5911176,2024-02-27,2025-07-22,auto,4200000,1.407422857142857
4659131653908156,1,0,58,F,RS004,M54.5,93.39,1,4,0,7800468,2024-07-06,2025-07-22,manual,1800000,4.333593333333333
7260672358332250,1,0,60,F,RS008,A09,45.23,3,2,0,1048056,2024-04-16,2025-07-22,auto,1300000,0.806196923076923
4881323969410829,0,0,44,F,RS004,I25.1,36.15,1,3,3,6104940,2025-03-21,2025-07-22,manual,5000000,1.220988
6920885808068841,1,0,18,F,RS008,R10.4,45.23,2,4,0,2293790,2024-05-17,2025-07-22,manual,1200000,1.9114916666666666
3924207037924646,1,1,33,M,RS008,Z00.0,93.99,2,1,0,9036445,2024-02-24,2025-07-22,auto,700000,12.909207142857143
4669365054300076,1,1,35,F,RS008,O80,72.0,1,2,2,6605091,2025-03-27,2025-07-22,auto,3500000,1.887168857142857
7398493674328705,1,1,50,M,RS005,Z03.8,93.91,1,2,0,9821461,2024-05-22,2025-07-22,manual,1200000,8.184550833333333
6067664148201174,0,1,56,F,RS009,H25.9,13.1,1,1,0,828826,2025-05-27,2025-07-22,auto,7500000,0.11051013333333333
5956344265567032,1,1,17,M,RS004,Z03.8,93.91,1,4,0,6540814,2024-05-18,2025-07-22,auto,1200000,5.450678333333333
2229598609262457,0,1,84,M,RS003,R10.4,45.23,2,4,0,5513406,2025-04-01,2025-07-22,manual,1200000,4.594505
4150380157685581,1,1,71,M,RS001,K21.0,45.16,1,1,0,7395500,2025-01-14,2025-07-22,manual,1400000,5.2825
8086989462965946,1,1,76,F,RS001,M54.5,93.39,2,4,1,2285370,2025-06-26,2025-09-10,manual,1800000,1.26965
7714590588821549,1,1,25,F,RS006,E66.9,99.28,1,1,1,6394137,2024-05-02,2025-07-22,manual,1000000,6.394137
9369774358721116,1,0,80,F,RS004,N39.0,57.98,1,1,1,6624613,2024-12-14,2025-07-23,manual,2200000,3.0111877272727274
7608312207456934,1,1,48,F,RS010,O80,72.0,2,3,1,3637405,2024-09-07,2025-07-23,auto,3500000,1.0392585714285714
2316414926065218,1,0,14,M,RS009,J18.9,93.94,3,4,0,3976774,2025-05-15,2025-07-23,auto,4200000,0.9468509523809524
8943195251932499,0,0,29,M,RS010,Z00.0,93.99,3,3,0,1139854,2025-06-09,2025-07-23,manual,700000,1.6283628571428572
3441352247702737,1,0,39,M,RS006,J00,93.9,3,4,2,6077668,2024-10-31,2025-07-23,auto,500000,12.155336
5684584675729210,1,1,41,M,RS006,M54.5,93.39,3,1,0,7704690,2025-03-25,2025-07-23,manual,1800000,4.280383333333333
9415904837885328,1,0,27,F,RS010,E66.9,99.28,1,4,4,1922365,2025-02-18,2025-07-23,manual,1000000,1.922365
6806054474577039,1,1,10,F,RS007,O80,72.0,2,4,2,6050044,2024-08-15,2025-07-23,manual,3500000,1.728584
0670006354699483,1,0,80,F,RS001,E66.9,99.28,2,1,1,9136465,2025-07-18,2025-07-23,auto,1000000,9.136465
7056707931595140,1,1,70,M,RS006,K21.0,45.16,3,1,0,6589303,2024-12-10,2025-07-23,auto,1400000,4.706645
9954209095051036,1,1,88,M,RS004,Z34.0,73.0,1,4,2,1485169,2025-03-18,2025-07-23,auto,800000,1.85646125
5024553014223722,1,1,27,M,RS004,J00,93.9,2,4,1,7258918,2024-01-30,2025-07-23,manual,500000,14.517836
1472002978083637,1,1,20,M,RS004,J00,93.9,2,3,0,2879663,2024-09-27,2025-07-23,manual,500000,5.759326
8487274383546679,1,0,67,F,RS008,I25.1,99.24,2,3,2,5912434,2024-04-26,2025-07-23,manual,5000000,1.1824868
2949852026368660,1,1,50,M,RS002,Z34.0,73.0,2,2,3,8514492,2025-06-14,2025-07-23,manual,800000,10.643115
0110945917184723,1,1,87,F,RS008,K29.7,45.16,3,4,1,1951329,2024-12-02,2025-07-23,manual,1700000,1.1478405882352942
2167469132943320,1,1,40,M,RS002,H25.9,13.5,1,4,1,1870456,2025-06-23,2025-07-23,manual,7500000,0.24939413333333332
6530098641902510,1,0,13,M,RS010,Z03.8,93.91,3,1,0,5756778,2025-02-13,2025-07-23,auto,1200000,4.797315
1361776136193140,1,1,44,M,RS004,Z00.0,93.99,1,2,0,1477473,2025-01-02,2025-07-23,manual,700000,2.110675714285714
0802369540465812,0,1,76,M,RS001,R50.9,99.19,3,2,0,3181556,2025-01-08,2025-07-23,manual,1000000,3.181556
0365844243419916,1,1,40,F,RS008,A09,45.23,2,4,0,6708109,2024-11-04,2025-07-23,auto,1300000,5.160083846153846
0392405087961834,1,0,9,F,RS005,E66.9,99.28,2,3,4,2838319,2025-03-28,2025-07-23,manual,1000000,2.838319
8510752161319011,1,1,84,F,RS002,O80,72.0,1,4,2,8450372,2024-02-09,2025-07-24,manual,3500000,2.414392
3342177724510006,1,1,13,F,RS007,J45.9,93.96,3,4,0,2302884,2024-09-03,2025-07-24,manual,2300000,1.0012539130434783
0248268611161020,1,0,34,M,RS005,I25.1,99.24,3,3,1,8060862,2025-02-04,2025-07-24,manual,5000000,1.6121724
2067327823551775,1,1,40,F,RS008,R10.4,45.23,3,1,0,2512950,2024-02-15,2025-07-24,manual,1200000,2.094125
7775453601718401,1,0,19,M,RS006,E11,99.10,3,2,0,9129643,2024-12-27,2025-07-24,manual,2500000,3.6518572
4231312206114428,1,0,54,M,RS001,O80,72.0,2,3,2,6535298,2025-02-11,2025-07-24,auto,3500000,1.867228
2590492676309939,1,1,80,M,RS006,J45.9,93.96,3,1,0,1944277,2025-01-06,2025-07-24,manual,2300000,0.8453378260869565
6268317836288887,1,1,30,F,RS010,R50.9,99.19,2,4,1,3267300,2025-03-01,2025-07-24,auto,1000000,3.2673
3634853207244082,0,1,28,M,RS007,K21.0,45.16,1,3,2,4376081,2024-08-24,2025-07-24,manual,1400000,3.125772142857143
2854662884970022,1,0,32,F,RS007,I25.1,36.15,3,1,5,5054486,2024-07-19,2025-07-24,manual,5000000,1.0108972
5242892784396581,1,0,79,F,RS002,M54.5,93.39,2,1,0,8688830,2025-02-06,2025-07-24,manual,1800000,4.827127777777778
5833572366103123,1,1,65,F,RS008,Z00.0,93.99,3,3,0,3032069,2024-05-13,2025-07-24,auto,700000,4.3315271428571425
0996193571832522,1,1,27,F,RS009,J45.9,93.96,1,4,0,5640710,2025-04-12,2025-07-24,manual,2300000,2.4524826086956524
3237797253149966,0,1,25,F,RS002,Z03.8,93.91,3,1,1,1223130,2025-01-04,2025-07-24,auto,1200000,1.019275
8548188175771481,1,0,4,M,RS004,Z03.8,93.91,2,2,0,1035931,2024-06-05,2025-07-24,manual,1200000,0.8632758333333334
0445117992311393,1,0,89,M,RS010,K29.7,45.16,2,1,0,6331954,2025-03-22,2025-07-24,manual,1700000,3.7246788235294117
4999703422279779,0,1,84,F,RS007,R50.9,99.19,1,3,0,4638816,2025-04-16,2025-07-24,auto,1000000,4.638816
1501479587674742,1,1,8,M,RS009,H25.9,13.4,2,1,0,6075849,2024-08-17,2025-07-24,auto,7500000,0.8101132
9313949562801722,1,1,53,F,RS008,H25.9,13.1,3,2,0,951668,2024-06-12,2025-07-25,manual,7500000,0.12688906666666666
8977751854014870,1,1,78,F,RS010,I25.1,36.15,3,4,3,3254481,2025-04-12,2025-07-25,manual,5000000,0.6508962
4410730493672695,1,1,62,M,RS009,I10,99.04,3,4,1,2720346,2025-06-28,2025-07-25,manual,2000000,1.360173
4335089685116576,1,1,2,F,RS008,I25.1,36.15,2,2,2,5872136,2025-02-08,2025-07-25,manual,5000000,1.1744272
1997123657850108,0,1,46,M,RS001,N39.0,57.94,2,1,3,8807763,2025-06-24,2025-07-25,manual,2200000,4.003528636363637
5861913885625431,1,1,30,F,RS010,Z03.8,93.91,3,4,0,2395450,2025-06-28,2025-07-25,auto,1200000,1.9962083333333334
3055450589900843,1,0,23,F,RS004,Z00.0,93.99,2,2,0,2501878,2025-06-14,2025-07-25,manual,700000,3.5741114285714284
1768503421839011,1,1,86,F,RS007,K21.0,45.16,2,4,3,9317249,2025-06-12,2025-07-25,manual,1400000,6.655177857142857
4843249552723524,1,1,89,M,RS002,I10,99.04,1,4,4,7028676,2024-03-12,2025-07-25,auto,2000000,3.514338
9435124608675108,1,1,33,M,RS003,M54.5,93.39,1,1,0,3463832,2024-11-20,2025-07-25,auto,1800000,1.9243511111111111
0433683946592596,0,0,71,M,RS005,I10,99.04,3,4,1,642137,2025-02-27,2025-07-25,manual,2000000,0.3210685
1082739201779474,0,0,69,F,RS010,Z34.0,73.0,2,1,1,2115766,2024-03-30,2025-07-25,manual,800000,2.6447075
9652556984279852,0,0,70,F,RS009,H25.9,13.4,3,4,0,7871440,2025-03-18,2025-07-25,manual,7500000,1.0495253333333334
0583205510295886,1,1,65,M,RS009,J00,93.9,1,3,2,3855378,2024-03-09,2025-07-25,auto,500000,7.710756
0853312808902937,1,0,21,F,RS005,E11,99.10,3,1,1,4884153,2024-08-09,2025-07-25,manual,2500000,1.9536612
3739503434046182,0,1,88,F,RS009,K29.7,45.16,2,1,2,8718976,2025-04-24,2025-07-25,auto,1700000,5.128809411764706
5641269859740584,0,1,80,M,RS001,Z00.0,93.99,1,4,0,7979722,2025-02-24,2025-07-25,manual,700000,11.399602857142858
4070608894409772,1,1,44,M,RS004,K21.0,45.16,3,2,3,3436721,2025-01-04,2025-07-25,auto,1400000,2.4548007142857142
2693409025539426,1,1,44,F,RS004,K21.0,45.16,2,4,1,5141797,2025-06-20,2025-07-25,auto,1400000,3.6727121428571428
9526040651749891,0,1,39,F,RS009,I25.1,36.15,1,2,2,1634391,2024-12-24,2025-07-25,auto,5000000,0.3268782
5841584031436177,0,1,62,M,RS008,I10,99.04,2,3,4,4885154,2024-12-27,2025-07-25,manual,2000000,2.442577
5419202869545734,1,1,40,M,RS002,A09,45.23,1,3,0,3982235,2024-12-30,2025-07-25,auto,1300000,3.063257692307692
3055450589900843,1,0,23,F,RS004,R50.9,99.19,1,1,2,8938781,2025-06-07,2025-07-25,auto,1000000,8.938781
4659500056511315,1,1,27,M,RS001,O80,72.0,1,2,2,6822986,2024-12-06,2025-07-25,manual,3500000,1.9494245714285714
4801265940309950,1,0,26,F,RS008,O80,72.0,2,1,4,6255576,2025-02-04,2025-07-25,auto,3500000,1.7873074285714285
3050723938526956,1,0,62,F,RS008,Z00.0,93.99,3,1,0,9499519,2025-04-16,2025-07-25,manual,700000,13.570741428571429
7690027297350589,1,1,62,F,RS009,I10,99.04,3,3,4,5531544,2024-01-02,2025-07-25,manual,2000000,2.765772
7573640965017018,1,1,86,M,RS005,J00,93.9,2,1,3,8472906,2024-11-28,2025-07-25,manual,500000,16.945812
1265114964492096,1,1,24,F,RS007,I10,99.04,2,2,6,5238995,2024-05-22,2025-07-26,manual,2000000,2.6194975
6531929290619971,0,1,26,F,RS010,M54.5,93.39,2,4,0,9631199,2024-12-10,2025-07-26,auto,1800000,5.350666111111111
6207394413421658,1,1,51,F,RS008,J18.9,96.04,3,4,0,9957925,2025-06-26,2025-07-26,manual,4200000,2.370934523809524
1053801873199946,1,1,35,F,RS001,Z34.0,73.0,1,4,1,1723167,2024-06-08,2025-07-26,auto,800000,2.15395875
8564399231945722,1,1,83,M,RS003,M54.5,93.39,2,3,0,5892399,2024-11-19,2025-07-26,manual,1800000,3.273555
3166645029631921,0,1,28,F,RS004,Z03.8,93.91,2,3,1,7823388,2024-05-21,2025-07-26,manual,1200000,6.51949
9050450729245681,1,1,52,F,RS004,Z03.8,93.91,1,1,2,8460665,2025-07-15,2025-07-26,manual,1200000,7.050554166666666
0615307926722045,0,0,70,F,RS006,R50.9,99.19,3,4,0,6180595,2024-03-01,2025-07-26,auto,1000000,6.180595
1177206678366892,1,1,15,M,RS008,Z00.0,93.99,2,4,1,8771408,2025-05-12,2025-07-26,manual,700000,12.530582857142857
8507871722212911,1,0,54,M,RS004,R50.9,99.19,2,3,1,1169368,2024-10-04,2025-07-26,auto,1000000,1.169368
0326719475238460,1,1,60,M,RS010,J18.9,93.94,1,4,0,9272001,2024-07-17,2025-07-26,auto,4200000,2.207619285714286
4403284524118245,0,0,59,M,RS010,I25.1,99.24,3,3,6,9941146,2025-07-08,2025-07-26,auto,5000000,1.9882292
8379560347638061,1,1,4,M,RS006,I10,99.04,2,1,3,3411507,2025-06-06,2025-07-26,manual,2000000,1.7057535
1778677321351188,1,1,56,M,RS003,I10,99.04,1,2,3,5832923,2024-04-09,2025-07-28,manual,2000000,2.9164615
0781336579932879,1,1,79,F,RS009,R50.9,99.19,1,1,0,1619548,2025-06-19,2025-07-28,auto,1000000,1.619548
8235412019447657,1,1,18,F,RS010,I10,99.04,1,3,1,2217756,2024-11-05,2025-07-28,manual,2000000,1.108878
0584884072976700,1,1,77,M,RS005,N39.0,57.98,3,3,1,9315955,2024-01-30,2025-07-28,manual,2200000,4.234525
2460536736511679,1,1,81,M,RS003,Z03.8,93.91,1,3,1,3002707,2024-07-31,2025-07-28,manual,1200000,2.5022558333333333
9395873787778140,1,1,26,M,RS009,M54.5,93.39,1,3,0,2232102,2024-10-26,2025-07-28,auto,1800000,1.2400566666666666
8552871560518504,1,1,20,M,RS009,Z34.0,73.0,1,4,1,7983871,2025-02-07,2025-07-28,auto,800000,9.97983875
0561200547542228,0,0,60,M,RS005,K21.0,45.16,1,3,1,1931271,2025-07-24,2025-07-28,manual,1400000,1.3794792857142857
0972776666783297,1,1,59,M,RS010,O80,72.0,1,3,1,1845266,2024-07-03,2025-07-28,auto,3500000,0.5272188571428571
4647107566004102,0,1,55,F,RS005,R10.4,87.09,1,2,0,4396808,2025-07-17,2025-07-28,manual,1200000,3.664006666666667
7948698175419963,1,1,74,M,RS005,H25.9,13.5,3,3,0,6421668,2025-05-17,2025-07-28,auto,7500000,0.8562224
7121054973544890,0,1,35,M,RS004,R10.4,87.09,2,4,0,2991468,2024-05-17,2025-07-28,auto,1200000,2.49289
8482875736010738,1,1,83,F,RS005,K29.7,45.16,3,1,0,5246706,2025-03-05,2025-07-28,auto,1700000,3.0862976470588235
9221730252048830,1,1,15,F,RS006,K21.0,45.16,2,3,1,1601869,2025-07-25,2025-07-28,manual,1400000,1.1441921428571429
7155919342337187,1,1,35,F,RS010,Z34.0,73.0,2,3,2,4310516,2025-06-09,2025-07-28,auto,800000,5.388145
5353799018471819,0,0,6,M,RS003,Z00.0,93.99,2,2,0,4149471,2025-03-26,2025-07-28,manual,700000,5.927815714285714
9922832200918599,1,1,29,F,RS009,E66.9,99.28,2,4,3,7439493,2025-02-26,2025-07-28,manual,1000000,7.439493
1115863278981326,1,1,31,F,RS006,Z34.0,73.0,3,3,4,3772965,2024-01-10,2025-07-28,auto,800000,4.71620625
1927186885164968,0,1,38,F,RS001,I25.1,99.24,1,1,4,4831130,2025-04-25,2025-07-28,manual,5000000,0.966226
0995702283263215,1,1,31,M,RS005,K29.7,45.16,1,1,1,9655024,2024-12-14,2025-07-28,manual,1700000,5.679425882352941
8518924512506640,0,1,43,M,RS008,R50.9,99.19,2,4,0,460721,2025-07-08,2025-07-28,manual,1000000,0.460721
7618868280948861,1,0,28,F,RS006,I25.1,36.15,3,4,3,2266943,2024-06-17,2025-07-28,manual,5000000,0.4533886
7177516139966301,1,1,79,F,RS005,R50.9,99.19,3,2,0,576007,2024-03-01,2025-07-29,manual,1000000,0.576007
6997948331337034,0,1,75,M,RS009,I25.1,99.24,1,3,1,3945852,2024-12-24,2025-07-29,manual,5000000,0.7891704
4843249552723524,1,1,89,M,RS002,I10,99.04,1,4,4,9184994,2025-06-09,2025-07-29,manual,2000000,4.592497
1470552949443785,1,0,39,M,RS005,I10,99.04,2,3,3,4772904,2025-03-20,2025-07-29,auto,2000000,2.386452
4566336639334941,0,1,8,M,RS010,N39.0,57.94,1,3,3,8914813,2024-10-01,2025-07-29,manual,2200000,4.052187727272727
6371550332499986,1,0,25,F,RS001,O80,72.0,3,4,2,2530148,2024-09-17,2025-07-29,manual,3500000,0.7228994285714285
4272631961327563,0,1,61,M,RS007,I10,99.04,3,1,2,4545005,2025-06-26,2025-07-29,auto,2000000,2.2725025
0397987216459530,0,1,57,M,RS006,J00,93.9,3,4,3,1317473,2024-09-19,2025-07-29,auto,500000,2.634946
8481778852171589,1,0,73,F,RS002,J00,93.9,1,1,0,8064317,2025-05-20,2025-07-29,auto,500000,16.128634
5733366470320008,1,1,41,F,RS005,J45.9,93.96,1,3,2,4369612,2025-07-08,2025-07-29,auto,2300000,1.899831304347826
9256411682449471,0,1,50,M,RS006,N39.0,57.98,2,3,0,4007128,2024-05-25,2025-07-29,auto,2200000,1.8214218181818183
9953539385167889,1,1,7,M,RS002,E11,99.10,1,4,1,2021975,2025-05-02,2025-07-29,auto,2500000,0.80879
5712990863481630,1,1,44,M,RS003,Z03.8,93.91,1,1,0,7435993,2024-03-07,2025-07-29,auto,1200000,6.1966608333333335
0392405087961834,1,0,9,F,RS005,E66.9,99.28,1,2,1,8048446,2025-06-27,2025-07-29,auto,1000000,8.048446
9879803914199190,1,1,54,M,RS007,Z34.0,73.0,2,3,2,1373273,2025-07-25,2025-07-29,manual,800000,1.71659125
8244743543069125,1,1,48,F,RS002,I10,99.04,1,4,1,6697003,2025-07-18,2025-07-29,manual,2000000,3.3485015
7052178650490800,1,1,17,F,RS003,J45.9,93.96,3,3,1,3546107,2024-09-26,2025-07-29,manual,2300000,1.541785652173913
9206978035566899,1,0,2,F,RS009,Z34.0,73.0,3,2,3,1640120,2025-02-11,2025-07-29,auto,800000,2.05015
8966805201641659,1,0,28,M,RS001,Z34.0,73.0,2,3,1,4235503,2025-06-10,2025-07-29,auto,800000,5.29437875
6979995941258665,1,1,17,F,RS002,J18.9,93.94,1,1,0,8618569,2025-03-26,2025-07-29,auto,4200000,2.052040238095238
4740569431901294,1,1,17,F,RS003,K29.7,45.16,3,1,0,5768460,2024-03-25,2025-07-29,auto,1700000,3.393211764705882
3818358499646171,0,0,54,M,RS010,J18.9,96.04,2,3,1,8791807,2025-07-03,2025-07-29,manual,4200000,2.093287380952381
7550754233094298,1,0,74,M,RS004,K21.0,45.16,2,1,2,3944958,2025-06-09,2025-07-29,manual,1400000,2.817827142857143
2467496622622119,1,1,80,F,RS004,J00,93.9,1,2,0,9490063,2025-05-05,2025-07-29,manual,500000,18.980126
3705483788553762,1,1,8,F,RS007,R50.9,99.19,3,1,0,1792035,2025-05-17,2025-07-29,manual,1000000,1.792035
8510752161319011,1,1,84,F,RS002,O80,72.0,3,2,2,8240925,2024-06-04,2025-07-30,manual,3500000,2.35455
7948698175419963,1,1,74,M,RS005,H25.9,13.4,2,3,1,9442372,2025-03-19,2025-07-30,auto,7500000,1.2589829333333333
8246790209015526,0,1,18,M,RS007,Z00.0,93.99,2,3,0,9866191,2024-11-26,2025-07-30,manual,700000,14.094558571428571
8245095095164564,1,1,57,F,RS008,H25.9,13.1,2,4,0,1306742,2025-04-14,2025-07-30,auto,7500000,0.17423226666666666
6934901989164228,1,1,26,M,RS004,N39.0,57.98,3,4,2,3693167,2024-10-15,2025-07-30,auto,2200000,1.6787122727272727
3381367524285271,1,0,10,F,RS009,Z00.0,93.99,1,4,0,8460802,2025-04-14,2025-07-30,manual,700000,12.08686
2720595790301628,1,1,40,M,RS004,E11,99.10,2,1,1,5379359,2025-07-21,2025-07-30,manual,2500000,2.1517436
7184385697297213,1,1,21,F,RS002,Z34.0,73.0,3,2,4,5438902,2025-03-17,2025-07-30,manual,800000,6.7986275
4569305626590435,1,1,89,M,RS006,J00,93.9,1,2,0,3071106,2024-02-29,2025-07-30,manual,500000,6.142212
6649933664300533,1,0,41,F,RS009,E11,99.10,2,1,2,1146038,2025-04-23,2025-07-30,manual,2500000,0.4584152
7317434769110886,1,1,62,F,RS004,E66.9,99.28,3,3,4,5393480,2024-11-13,2025-07-30,auto,1000000,5.39348
4570021552410028,1,1,49,F,RS007,J45.9,93.96,2,4,0,2260841,2025-06-20,2025-07-30,manual,2300000,0.982974347826087
0931967533957884,1,1,40,F,RS007,Z03.8,93.91,3,3,0,3220554,2024-09-03,2025-07-30,auto,1200000,2.683795
6772259978251224,0,1,69,F,RS002,K21.0,45.16,2,1,0,9147214,2025-01-21,2025-07-30,manual,1400000,6.533724285714285
1701408578684890,0,0,52,M,RS009,K21.0,45.16,3,1,0,3373987,2025-07-26,2025-07-30,manual,1400000,2.409990714285714
4586715196777985,0,1,26,M,RS001,E11,99.10,2,4,2,6503138,2024-03-07,2025-07-30,manual,2500000,2.6012552
7626748403754406,1,1,43,F,RS001,Z34.0,73.0,3,1,3,1819117,2025-06-27,2025-07-30,manual,800000,2.27389625
5813951965610035,0,0,70,M,RS010,R50.9,99.19,2,4,0,9786204,2025-02-12,2025-07-30,auto,1000000,9.786204
9925017485138222,1,1,56,M,RS009,I10,99.04,1,3,1,9457872,2025-07-24,2025-07-30,auto,2000000,4.728936
8246790209015526,0,1,18,M,RS007,Z00.0,93.99,3,4,0,3178468,2025-04-30,2025-07-30,manual,700000,4.540668571428571
7964991914869624,1,1,73,F,RS009,K21.0,45.16,1,1,1,4755680,2025-07-16,2025-07-30,auto,1400000,3.3969142857142858
5395427507254849,1,1,84,M,RS001,I10,99.04,1,4,3,9771752,2024-09-11,2025-07-30,manual,2000000,4.885876
7804569773289670,1,0,65,F,RS008,O80,72.0,3,4,2,6880626,2025-07-14,2025-07-30,manual,3500000,1.965893142857143
5445263605743361,1,0,89,M,RS006,J18.9,93.94,3,4,3,5025456,2025-02-08,2025-07-30,manual,4200000,1.196537142857143
2499656119154846,1,1,52,M,RS002,Z03.8,93.91,1,1,0,9976617,2024-11-13,2025-07-30,manual,1200000,8.3138475
1165373809584641,0,1,66,F,RS007,R10.4,87.09,1,1,0,2602349,2024-11-08,2025-07-30,auto,1200000,2.1686241666666666
3004479034126125,1,0,45,M,RS002,J18.9,93.94,1,2,0,4800733,2025-07-23,2025-07-31,manual,4200000,1.1430316666666667
0026950361518025,1,0,74,M,RS008,R50.9,99.19,1,3,0,7287742,2025-05-23,2025-07-31,auto,1000000,7.287742
7090454115709204,0,1,7,M,RS003,A09,45.23,2,3,0,4647221,2024-11-12,2025-07-31,manual,1300000,3.5747853846153848
7104698512848497,1,1,24,M,RS010,A09,45.23,3,2,1,1926081,2024-05-15,2025-07-31,manual,1300000,1.4816007692307693
8968741664612122,1,1,33,F,RS008,O80,72.0,1,3,2,2555500,2024-09-03,2025-07-31,auto,3500000,0.7301428571428571
2699632373607150,1,1,2,F,RS004,I25.1,36.15,2,3,3,8611805,2024-03-30,2025-07-31,manual,5000000,1.722361
6471123294119714,0,1,79,M,RS001,K29.7,45.16,1,1,0,1094563,2025-03-31,2025-07-31,auto,1700000,0.6438605882352941
9478812641087575,0,1,2,M,RS006,E66.9,99.28,3,2,1,3044164,2025-02-26,2025-07-31,auto,1000000,3.044164
1529754249124832,0,1,27,M,RS009,O80,72.0,3,1,3,7552533,2025-07-24,2025-07-31,manual,3500000,2.1578665714285714
3067399049433130,1,1,27,M,RS003,M54.5,93.39,2,1,0,4396128,2025-07-31,2025-07-31,auto,1800000,2.442293333333333
9652556984279852,0,0,70,F,RS009,H25.9,13.4,1,4,1,4069159,2025-05-28,2025-07-31,auto,7500000,0.5425545333333334
4067324326111909,1,0,55,F,RS009,K21.0,45.16,2,4,1,8679576,2024-05-16,2025-07-31,manual,1400000,6.199697142857143
9347210202087893,0,1,13,F,RS003,K21.0,45.16,1,2,1,7932106,2025-06-09,2025-07-31,auto,1400000,5.66579
8621957618239294,1,0,3,F,RS006,Z00.0,93.99,1,1,0,3588497,2025-07-26,2025-07-31,manual,700000,5.126424285714286
7356070297812652,1,1,71,M,RS008,E66.9,99.28,2,4,1,3857046,2024-05-28,2025-07-31,manual,1000000,3.857046
1588339970503141,0,1,76,F,RS006,K29.7,45.16,3,1,3,6277051,2024-02-23,2025-07-31,manual,1700000,3.6923829411764704
1319383808572015,1,1,74,F,RS009,M54.5,93.39,2,1,1,5564368,2025-05-31,2025-07-31,manual,1800000,3.0913155555555556
3633698316226719,1,1,79,F,RS001,J18.9,96.04,2,3,0,3028131,2025-06-21,2025-07-31,auto,4200000,0.7209835714285714
2066691137652819,1,1,16,M,RS003,K21.0,45.16,3,1,2,1400570,2025-06-13,2025-08-01,manual,1400000,1.0004071428571428
2540420245592927,1,1,36,F,RS007,J18.9,96.04,2,2,0,1316461,2025-03-31,2025-08-01,manual,4200000,0.3134430952380952
7006475652516925,1,1,27,F,RS001,K21.0,45.16,3,4,0,8156663,2024-08-19,2025-08-01,manual,1400000,5.826187857142857
9432885362614517,1,1,89,M,RS004,I25.1,36.15,1,3,4,2479774,2025-01-18,2025-08-01,auto,5000000,0.4959548
2800803433967044,1,1,87,M,RS004,R10.4,45.23,1,1,0,1035609,2025-05-13,2025-08-01,manual,1200000,0.8630075
4150966194478088,1,1,73,M,RS001,H25.9,13.4,3,4,1,5057958,2025-04-10,2025-08-01,manual,7500000,0.6743944
1115863278981326,1,1,31,F,RS006,Z34.0,73.0,2,2,1,4276681,2025-02-19,2025-08-01,manual,800000,5.34585125
6638458907451555,1,1,24,F,RS005,Z34.0,73.0,2,4,2,8326835,2024-05-28,2025-08-01,auto,800000,10.40854375
8572175922835570,1,1,9,M,RS002,J45.9,93.96,3,1,2,9638807,2024-02-16,2025-08-01,auto,2300000,4.190785652173913
7034328662713428,1,1,46,M,RS005,R10.4,87.09,3,1,0,8546446,2025-01-21,2025-08-01,auto,1200000,7.122038333333333
2625317558403859,1,1,24,F,RS009,A09,45.23,3,4,1,2224926,2025-07-26,2025-08-01,manual,1300000,1.7114815384615385
5769397812079250,0,1,44,M,RS008,A09,45.23,1,1,2,6475397,2025-07-05,2025-08-01,auto,1300000,4.981074615384616
5535235619078856,1,1,72,F,RS001,H25.9,13.4,3,2,0,431539,2024-11-04,2025-08-01,auto,7500000,0.057538533333333336
9959670986869068,1,0,44,F,RS003,I25.1,99.24,3,2,0,9008354,2025-01-09,2025-08-01,manual,5000000,1.8016708
5922076436130139,1,1,75,F,RS009,K29.7,45.16,3,1,1,7414502,2024-02-06,2025-08-01,manual,1700000,4.3614717647058825
8498160556636393,1,1,60,F,RS003,J00,93.9,3,2,0,833828,2025-06-10,2025-08-01,manual,500000,1.667656
4354955773113222,1,1,2,F,RS006,E66.9,99.28,2,1,1,5683810,2024-08-23,2025-08-01,manual,1000000,5.68381
8527376827290918,1,1,43,F,RS010,N39.0,57.94,2,3,0,4343098,2024-08-26,2025-08-01,auto,2200000,1.9741354545454546
7804569773289670,1,0,65,F,RS008,O80,72.0,2,2,2,5374772,2025-06-10,2025-08-01,auto,3500000,1.5356491428571428
0171165777125727,1,1,11,F,RS003,O80,72.0,1,3,2,6682987,2024-02-16,2025-08-01,manual,3500000,1.9094248571428571
6902550687008385,1,1,72,M,RS010,J18.9,93.94,2,4,1,479354,2025-07-16,2025-08-01,manual,4200000,0.11413190476190477
3149982322344495,1,1,70,F,RS009,M54.5,93.39,3,2,2,4268263,2025-05-26,2025-08-01,auto,1800000,2.3712572222222223
8246790209015526,0,1,18,M,RS007,Z00.0,93.99,2,3,0,9744886,2024-02-13,2025-08-01,manual,700000,13.921265714285715
5883701257234029,1,1,2,M,RS003,I10,99.04,3,4,2,9523423,2025-03-03,2025-08-01,auto,2000000,4.7617115
7608312207456934,1,1,48,F,RS010,O80,72.0,1,4,2,8859485,2025-04-24,2025-08-01,auto,3500000,2.5312814285714285
1106762168572706,1,1,75,M,RS010,J18.9,93.94,1,3,1,6722773,2025-05-12,2025-08-01,auto,4200000,1.6006602380952382
9035988094969622,1,1,89,F,RS005,A09,45.23,3,4,1,4038163,2025-07-04,2025-08-01,auto,1300000,3.1062792307692306
0023274748396172,1,0,57,M,RS001,Z00.0,93.99,1,1,0,6963999,2025-03-11,2025-08-01,manual,700000,9.94857
9355094131738508,0,1,61,M,RS003,Z34.0,73.0,3,2,2,3056820,2025-01-18,2025-08-01,auto,800000,3.821025
0081335989939966,1,1,90,M,RS004,Z00.0,93.99,1,1,0,9109484,2025-02-22,2025-08-02,auto,700000,13.013548571428572
0660665429921968,1,1,78,M,RS005,J00,93.9,2,3,2,824417,2025-07-26,2025-08-02,auto,500000,1.648834
5642264161625919,1,1,75,M,RS002,R10.4,45.23,3,3,0,911202,2025-06-21,2025-08-02,manual,1200000,0.759335
4693723671941790,1,1,55,F,RS010,N39.0,57.98,1,2,0,4282968,2024-08-05,2025-08-02,manual,2200000,1.9468036363636363
5223021224632928,1,1,65,F,RS002,R50.9,99.19,3,4,1,8316939,2025-01-04,2025-08-02,manual,1000000,8.316939
1169805646754168,1,0,11,F,RS005,Z00.0,93.99,2,1,0,1357324,2025-06-14,2025-08-02,auto,700000,1.9390342857142857
4570021552410028,1,1,49,F,RS007,J45.9,93.96,2,1,0,8979962,2025-04-21,2025-08-02,auto,2300000,3.904331304347826
7681562024027711,0,0,90,F,RS009,N39.0,57.98,1,3,3,1765926,2024-08-24,2025-08-02,manual,2200000,0.8026936363636363
6841144134715880,1,1,68,F,RS002,O80,72.0,1,3,3,6253429,2025-05-19,2025-08-02,auto,3500000,1.786694
0113611340144602,1,1,89,F,RS001,R10.4,45.23,2,1,0,5017177,2025-04-01,2025-08-02,auto,1200000,4.180980833333333
0700240324666181,1,1,71,F,RS009,K29.7,45.16,1,3,1,8125158,2024-01-22,2025-08-02,manual,1700000,4.779504705882353
5516293890481535,1,1,48,F,RS002,J18.9,93.94,2,4,2,5086095,2024-06-10,2025-08-02,auto,4200000,1.210975
7888242528122755,1,0,55,M,RS001,J45.9,93.96,2,3,0,2973226,2024-09-19,2025-08-02,auto,2300000,1.292706956521739
3935392790190888,1,1,75,M,RS009,Z03.8,93.91,3,2,0,2309861,2024-04-29,2025-08-02,manual,1200000,1.9248841666666667
0530632427127626,1,1,2,M,RS010,M54.5,93.39,1,3,0,9920348,2024-11-27,2025-08-02,manual,1800000,5.511304444444445
9284902957427888,1,1,9,F,RS005,R50.9,99.19,1,4,0,2599604,2025-02-17,2025-08-02,auto,1000000,2.599604
9401769083528999,1,1,42,M,RS002,K21.0,45.16,3,3,0,6340065,2025-07-24,2025-08-02,manual,1400000,4.528617857142857
6471123294119714,0,1,79,M,RS001,K29.7,45.16,2,3,0,4745209,2024-12-05,2025-08-02,auto,1700000,2.791299411764706
3779154468471657,1,1,32,M,RS003,E66.9,99.28,1,4,3,9496666,2025-04-03,2025-08-02,auto,1000000,9.496666
9567304089524802,1,0,3,M,RS003,H25.9,13.5,1,2,0,5741380,2024-01-27,2025-08-02,manual,7500000,0.7655173333333334
0173984806822654,0,1,39,M,RS003,E66.9,99.28,2,2,1,4478290,2025-05-24,2025-08-02,manual,1000000,4.47829
9201150147980678,1,1,73,M,RS003,I10,99.04,2,4,1,4714656,2025-03-26,2025-08-02,auto,2000000,2.357328
3679347313055052,0,1,24,F,RS005,R50.9,99.19,3,1,0,2006829,2025-07-10,2025-08-02,auto,1000000,2.006829
1320938518628974,0,1,75,F,RS009,I10,99.04,1,3,2,1695446,2025-05-30,2025-08-02,auto,2000000,0.847723
4305813375729016,1,1,14,F,RS006,J18.9,96.04,3,1,0,2043024,2024-07-18,2025-08-02,auto,4200000,0.4864342857142857
1994861188031554,1,0,36,F,RS008,N39.0,57.94,1,4,2,5819170,2024-05-23,2025-08-02,auto,2200000,2.645077272727273
5426793851201163,1,0,4,M,RS006,J18.9,96.04,2,2,0,2905838,2024-02-07,2025-08-02,manual,4200000,0.6918661904761905
8299322694051952,1,1,55,M,RS009,O80,72.0,1,3,1,7323855,2024-10-07,2025-08-02,auto,3500000,2.09253
5445263605743361,1,0,89,M,RS006,J18.9,93.94,2,4,0,9810971,2024-12-21,2025-08-04,auto,4200000,2.335945476190476
3872158410316718,1,1,90,F,RS008,I10,99.04,3,4,0,8989217,2025-07-30,2025-08-04,auto,2000000,4.4946085
3661451854977825,0,1,68,F,RS001,K29.7,45.16,2,2,2,8504609,2024-05-28,2025-08-04,manual,1700000,5.002711176470588
6551677932525974,0,1,86,M,RS002,M54.5,93.39,1,3,1,1311400,2024-01-08,2025-08-04,manual,1800000,0.7285555555555555
6371550332499986,1,0,25,F,RS001,O80,72.0,3,4,2,5204548,2024-04-19,2025-08-04,manual,3500000,1.4870137142857143
0321989755753476,1,1,16,M,RS002,O80,72.0,1,3,2,8681849,2025-04-26,2025-08-04,manual,3500000,2.4805282857142856
4162175195764334,1,1,17,M,RS008,O80,72.0,3,1,3,4081083,2024-03-16,2025-08-04,auto,3500000,1.1660237142857144
8510752161319011,1,1,84,F,RS002,O80,72.0,1,3,2,8698126,2024-12-10,2025-08-04,auto,3500000,2.485178857142857
6500701680322492,1,1,45,M,RS010,E11,99.10,3,2,1,3146076,2025-03-05,2025-08-04,manual,2500000,1.2584304
4277807931088504,1,0,58,M,RS005,J45.9,93.96,1,2,1,9196399,2024-12-26,2025-08-04,manual,2300000,3.998434347826087
0321989755753476,1,1,16,M,RS002,O80,72.0,2,4,2,2192656,2024-07-31,2025-08-04,auto,3500000,0.6264731428571428
2978530033833550,1,1,11,M,RS004,K21.0,45.16,3,3,1,2844481,2025-07-07,2025-08-04,auto,1400000,2.0317721428571427
6169692712016177,1,0,25,F,RS003,Z00.0,93.99,2,4,0,3270090,2025-06-19,2025-08-04,auto,700000,4.671557142857143
3160728153550173,0,1,87,F,RS010,Z34.0,73.0,3,1,1,1884030,2024-09-13,2025-08-04,manual,800000,2.3550375
9071190770953741,0,1,67,M,RS007,Z00.0,93.99,1,2,1,4728243,2025-02-28,2025-08-04,manual,700000,6.754632857142857
8175660262711503,0,1,87,M,RS010,Z03.8,93.91,3,2,0,9954424,2024-12-09,2025-08-04,auto,1200000,8.295353333333333
3166645029631921,0,1,28,F,RS004,Z00.0,93.99,3,4,1,652643,2025-05-08,2025-08-04,manual,700000,0.9323471428571428
4776965480262103,0,1,44,F,RS004,I10,99.04,1,3,1,495363,2024-01-13,2025-08-04,manual,2000000,0.2476815
1107508655077476,1,1,23,F,RS008,Z34.0,73.0,2,1,3,6977070,2024-08-23,2025-08-04,manual,800000,8.7213375
6823981214154266,1,0,41,M,RS008,M54.5,93.39,1,4,2,1242629,2024-03-18,2025-08-04,manual,1800000,0.6903494444444445
1250458991857109,1,0,67,F,RS003,J45.9,93.96,2,2,2,8062345,2025-02-19,2025-08-05,manual,2300000,3.5053673913043477
8555516370383420,0,1,44,M,RS004,J45.9,93.96,1,1,4,9982820,2025-04-24,2025-08-05,manual,2300000,4.34035652173913
8231782736277653,1,1,5,M,RS007,N39.0,57.94,2,2,0,8444761,2024-05-01,2025-08-05,manual,2200000,3.8385277272727274
8641806193344137,1,0,33,M,RS007,J45.9,93.96,3,1,1,8147487,2024-09-20,2025-08-05,manual,2300000,3.542385652173913
7417378451318095,0,1,56,M,RS003,J45.9,93.96,3,2,0,1505085,2024-03-13,2025-08-05,manual,2300000,0.6543847826086957
7859935000867847,1,0,67,F,RS001,K29.7,45.16,3,3,0,6260687,2025-05-23,2025-08-05,auto,1700000,3.682757058823529
3825819792221445,1,1,14,F,RS003,A09,45.23,1,1,2,5272354,2024-08-01,2025-08-05,manual,1300000,4.055656923076923
3739503434046182,0,1,88,F,RS009,K29.7,45.16,2,1,0,9741223,2024-12-17,2025-08-05,manual,1700000,5.7301311764705884
2793280388853484,1,1,69,M,RS009,M54.5,93.39,1,1,0,8759618,2024-02-17,2025-08-05,manual,1800000,4.866454444444445
5843707418947067,1,1,71,M,RS006,J00,93.9,3,4,2,8186150,2024-07-30,2025-08-05,manual,500000,16.3723
2854662884970022,1,0,32,F,RS007,I25.1,36.15,2,4,2,456337,2025-07-15,2025-08-05,auto,5000000,0.0912674
4568027264530974,1,0,76,F,RS001,I25.1,99.24,1,2,6,572643,2024-04-01,2025-08-05,manual,5000000,0.1145286
8077570284396444,1,1,67,F,RS004,E66.9,99.28,1,3,2,3387349,2025-01-07,2025-08-05,manual,1000000,3.387349
0317462806141428,1,1,9,M,RS009,N39.0,57.98,2,3,0,2789292,2025-05-02,2025-08-05,manual,2200000,1.26786
8957368642744519,1,1,39,M,RS010,J45.9,93.96,2,3,1,7862732,2024-07-30,2025-08-05,manual,2300000,3.418579130434783
7039627128182909,1,1,7,M,RS001,Z00.0,93.99,2,4,0,8050024,2024-07-09,2025-08-05,auto,700000,11.500034285714285
9182026814500775,0,1,30,M,RS001,H25.9,13.1,2,4,0,8701874,2025-02-13,2025-08-05,manual,7500000,1.1602498666666667
4904092844055756,0,0,17,F,RS009,A09,45.23,2,4,0,3864938,2025-04-18,2025-08-05,auto,1300000,2.9730292307692308
2797110441803199,0,1,90,F,RS003,R10.4,87.09,3,1,0,6125789,2024-03-23,2025-08-05,auto,1200000,5.104824166666667
9557635511730605,1,1,15,F,RS008,I25.1,99.24,2,1,4,1363863,2024-08-12,2025-08-05,auto,5000000,0.2727726
3125702526543398,1,0,85,M,RS008,Z03.8,93.91,1,1,0,9272345,2024-11-30,2025-08-05,manual,1200000,7.726954166666666
0512904047174893,0,1,7,M,RS002,Z00.0,93.99,3,1,0,5797015,2025-07-22,2025-08-05,auto,700000,8.28145
9575395982033969,0,1,56,F,RS003,E66.9,99.28,2,1,1,3787208,2024-02-05,2025-08-05,auto,1000000,3.787208
1920995916802177,1,1,21,M,RS007,Z03.8,93.91,1,3,0,6624481,2025-07-16,2025-08-05,auto,1200000,5.520400833333333
5356985323698790,1,1,6,M,RS010,O80,72.0,1,3,2,6877807,2024-04-19,2025-08-06,manual,3500000,1.9650877142857144
6742743580318968,0,1,69,F,RS001,A09,45.23,1,3,0,9469787,2024-09-17,2025-08-06,manual,1300000,7.284451538461538
9401769083528999,1,1,42,M,RS002,K29.7,45.16,3,2,0,2695919,2025-04-11,2025-08-06,auto,1700000,1.585834705882353
5552763190173433,1,1,2,M,RS008,R50.9,99.19,2,2,0,3586073,2024-10-25,2025-08-06,manual,1000000,3.586073
0512904047174893,0,1,7,M,RS002,Z00.0,93.99,3,3,0,3761865,2024-04-23,2025-08-06,manual,700000,5.374092857142857
9861899505264157,1,0,60,F,RS001,E66.9,99.28,3,2,2,8872381,2025-06-05,2025-08-06,auto,1000000,8.872381
1090001843714456,1,1,80,M,RS005,R10.4,45.23,3,1,1,4093740,2024-12-25,2025-08-06,manual,1200000,3.41145
3179651798346382,1,1,28,M,RS009,E11,99.10,2,4,3,5534498,2025-06-02,2025-08-06,auto,2500000,2.2137992
4388572784162310,1,0,2,M,RS007,Z00.0,93.99,3,1,0,5403938,2024-08-01,2025-08-06,manual,700000,7.719911428571429
5429646830831602,0,1,75,F,RS009,O80,72.0,1,1,2,2652478,2025-07-17,2025-08-06,auto,3500000,0.7578508571428572
3511172641904173,0,0,62,M,RS004,O80,72.0,2,2,2,4603835,2025-08-02,2025-08-06,auto,3500000,1.3153814285714285
9681365391342537,1,1,87,F,RS009,N39.0,57.98,2,4,0,1043565,2025-04-21,2025-08-06,auto,2200000,0.4743477272727273
6534406524227827,0,1,20,M,RS006,Z34.0,73.0,2,3,2,3882352,2025-08-01,2025-08-06,manual,800000,4.85294
7960552506623511,1,1,77,F,RS009,Z00.0,93.99,2,3,1,6421387,2025-05-05,2025-08-06,manual,700000,9.17341
8527376827290918,1,1,43,F,RS005,N39.0,57.98,3,3,3,2942600,2025-03-29,2025-08-06,auto,2200000,1.3375454545454546
4331876174871808,1,1,62,F,RS007,A09,45.23,2,4,4,1540527,2025-06-17,2025-08-06,auto,1300000,1.1850207692307693
0992148684521854,1,0,26,F,RS009,O80,72.0,1,1,2,3584696,2024-10-29,2025-08-06,auto,3500000,1.024198857142857
4446723060228537,1,1,39,F,RS002,Z00.0,93.99,2,4,1,5941081,2025-04-01,2025-08-07,manual,700000,8.48725857142857
7674459252684860,0,0,87,F,RS002,R50.9,99.19,2,3,0,537884,2025-01-31,2025-08-07,auto,1000000,0.537884
8795930822768118,0,1,16,M,RS004,I25.1,99.24,1,4,3,5718326,2024-05-09,2025-08-07,auto,5000000,1.1436652
4359874723306846,1,1,85,M,RS010,Z34.0,73.0,2,3,1,6852746,2025-07-19,2025-08-07,auto,800000,8.5659325
5268194515341869,1,1,37,M,RS001,J18.9,93.94,2,1,1,2491933,2025-05-19,2025-08-07,auto,4200000,0.593317380952381
0610606685488164,1,0,12,M,RS008,Z00.0,93.99,2,1,0,7537457,2025-04-28,2025-08-07,manual,700000,10.767795714285715
9071190770953741,0,1,67,M,RS007,Z00.0,93.99,1,1,2,510217,2025-07-16,2025-08-07,manual,700000,0.7288814285714286
0200560463621753,1,1,74,F,RS008,J18.9,93.94,3,3,0,9503318,2025-08-05,2025-08-07,manual,4200000,2.2626947619047617
0268505676828986,0,0,60,M,RS002,J00,93.9,2,1,0,6995233,2024-08-30,2025-08-07,manual,500000,13.990466
8365436043131727,1,1,23,F,RS006,I10,99.04,2,4,3,7016454,2024-07-13,2025-08-07,auto,2000000,3.508227
2387387147008419,1,1,18,M,RS010,R50.9,99.19,1,1,0,7314326,2025-08-01,2025-08-07,auto,1000000,7.314326
6214085197162573,1,1,30,F,RS005,I10,99.04,2,3,0,9372743,2025-08-02,2025-08-07,manual,2000000,4.6863715
6655955791568020,1,0,23,F,RS004,Z03.8,93.91,2,3,0,3891599,2025-06-25,2025-08-07,manual,1200000,3.242999166666667
2988416978253776,1,0,66,M,RS007,N39.0,57.98,3,3,2,3372662,2024-05-30,2025-08-07,auto,2200000,1.533028181818182
3854635058387141,1,0,69,F,RS009,Z00.0,93.99,2,3,0,941161,2025-02-21,2025-08-07,auto,700000,1.3445157142857143
5429829040066753,0,1,78,M,RS010,I10,99.04,1,4,2,4217183,2025-01-30,2025-08-07,manual,2000000,2.1085915
4412476244484100,1,1,4,F,RS006,J45.9,93.96,1,2,0,6777531,2025-01-28,2025-08-07,manual,2300000,2.946752608695652
5018385476171653,1,1,27,F,RS009,N39.0,57.94,1,2,2,1201219,2025-05-08,2025-08-07,manual,2200000,0.5460086363636364
8821019473111585,0,1,41,F,RS008,O80,72.0,1,4,2,1303393,2024-04-08,2025-08-07,manual,3500000,0.372398
8825307890787648,1,1,46,F,RS004,I25.1,36.15,2,3,7,2275669,2025-06-23,2025-08-08,auto,5000000,0.4551338
9159608998724050,1,1,63,F,RS008,N39.0,57.98,1,1,5,3450725,2025-03-01,2025-08-08,manual,2200000,1.5685113636363637
2633256230741433,1,1,12,F,RS008,H25.9,13.4,2,2,0,7491991,2025-05-23,2025-08-08,manual,7500000,0.9989321333333333
8040716160541472,1,1,22,F,RS007,M54.5,93.39,1,3,1,3182861,2024-08-03,2025-08-08,auto,1800000,1.768256111111111
1179675100857489,0,1,21,M,RS001,K21.0,45.16,1,4,2,5453347,2025-06-06,2025-08-08,manual,1400000,3.895247857142857
2226813517358157,1,1,60,F,RS008,H25.9,13.1,3,1,0,1537649,2024-11-06,2025-08-08,manual,7500000,0.20501986666666666
9858623582578531,1,1,53,F,RS007,R50.9,99.19,3,4,0,862871,2025-06-25,2025-08-08,manual,1000000,0.862871
3956183799163794,1,1,54,M,RS008,J00,93.9,2,3,0,738125,2024-12-26,2025-08-08,auto,500000,1.47625
1594962103120780,1,1,65,M,RS001,Z34.0,73.0,3,2,3,5284370,2025-07-30,2025-08-08,manual,800000,6.6054625
4693723671941790,1,1,55,F,RS010,N39.0,57.98,1,1,1,8586577,2024-04-01,2025-08-08,manual,2200000,3.9029895454545454
6930344289116666,1,1,26,F,RS002,K29.7,45.16,3,2,1,6723726,2024-11-28,2025-08-08,manual,1700000,3.9551329411764704
0958512283580173,1,1,68,F,RS002,K21.0,45.16,3,4,0,6135087,2025-06-16,2025-08-08,manual,1400000,4.382205
6840835586996761,1,1,8,F,RS006,E66.9,99.28,3,1,1,4060311,2024-04-09,2025-08-08,auto,1000000,4.060311
5544288486154092,1,1,43,F,RS010,J45.9,93.96,2,1,0,3590332,2024-05-08,2025-08-08,manual,2300000,1.5610139130434784
0470465187969650,1,1,81,F,RS010,J18.9,93.94,2,3,0,803912,2025-04-14,2025-08-08,auto,4200000,0.19140761904761905
8078806926248836,1,1,78,F,RS006,E11,99.10,2,2,2,8350239,2024-10-24,2025-08-08,manual,2500000,3.3400956
4689131088468362,0,1,63,M,RS006,K21.0,45.16,1,3,2,9266314,2024-08-05,2025-08-08,manual,1400000,6.618795714285715
2699256493551579,0,1,61,M,RS007,J18.9,93.94,2,3,1,7333946,2025-06-13,2025-08-08,manual,4200000,1.746177619047619
8142924535919896,1,0,69,M,RS010,Z00.0,93.99,1,3,0,866670,2024-11-20,2025-08-08,auto,700000,1.2381
8603255609643840,1,1,14,M,RS002,A09,45.23,3,1,1,876184,2025-07-28,2025-08-08,auto,1300000,0.6739876923076923
1191541857843508,1,1,79,M,RS002,E66.9,99.28,3,3,2,4130103,2025-04-03,2025-08-08,manual,1000000,4.130103
7395836130859090,1,1,29,M,RS002,E66.9,99.28,1,4,1,8034510,2025-08-04,2025-08-08,auto,1000000,8.03451
9813365066526230,1,1,50,F,RS004,K29.7,45.16,1,2,1,3069176,2025-07-04,2025-08-08,auto,1700000,1.8053976470588236
5894985616931757,1,1,15,M,RS005,Z00.0,93.99,1,3,0,8417362,2025-02-18,2025-08-08,manual,700000,12.024802857142857
3153865273685596,1,0,18,M,RS001,K29.7,45.16,1,4,1,4674161,2024-11-27,2025-08-08,manual,1700000,2.7495064705882353
1920995916802177,1,1,21,M,RS007,Z03.8,93.91,3,1,0,9048181,2025-07-29,2025-08-09,auto,1200000,7.540150833333334
1224150988666028,1,1,67,F,RS005,O80,72.0,2,3,3,8004495,2024-05-20,2025-08-09,manual,3500000,2.286998571428571
3897763827102959,1,1,69,F,RS001,J00,93.9,3,4,1,7715557,2025-04-29,2025-08-09,manual,500000,15.431114
4023425933717321,0,1,89,F,RS001,Z03.8,93.91,3,3,1,7404467,2024-10-23,2025-08-09,auto,1200000,6.170389166666666
6917748875676707,1,0,66,M,RS005,I10,99.04,3,4,4,4485923,2024-07-16,2025-08-09,auto,2000000,2.2429615
6848019516988740,0,1,1,M,RS008,O80,72.0,2,2,2,4150896,2024-01-22,2025-08-09,manual,3500000,1.1859702857142858
8706521065904296,1,1,57,M,RS008,M54.5,93.39,1,1,0,7978999,2024-07-25,2025-08-09,auto,1800000,4.432777222222223
0869802130814989,0,1,10,M,RS001,M54.5,93.39,2,2,0,5841663,2024-02-13,2025-08-09,auto,1800000,3.2453683333333334
2373856542486538,0,1,57,M,RS009,I10,99.04,2,1,4,3307429,2025-04-28,2025-08-09,manual,2000000,1.6537145
7683924049915803,1,0,46,F,RS008,I25.1,36.15,3,3,2,3013947,2024-07-20,2025-08-09,manual,5000000,0.6027894
0696230795231362,1,1,62,M,RS003,E66.9,99.28,3,4,2,8235757,2024-10-26,2025-08-09,auto,1000000,8.235757
7585247701200370,0,1,12,F,RS010,K29.7,45.16,3,2,0,4160886,2025-07-26,2025-08-09,manual,1700000,2.44758
2316414926065218,1,0,14,M,RS009,J18.9,96.04,3,3,1,3267628,2025-03-19,2025-08-09,auto,4200000,0.7780066666666666
5947343036470481,0,1,41,F,RS007,Z34.0,73.0,1,4,3,9981148,2025-05-08,2025-08-09,auto,800000,12.476435
8821019473111585,0,1,41,F,RS008,O80,72.0,2,3,2,1359039,2025-07-01,2025-08-09,auto,3500000,0.38829685714285717
0972776666783297,1,1,59,M,RS010,Z34.0,73.0,2,4,2,4684392,2024-12-17,2025-08-11,manual,800000,5.85549
3344512280938618,1,0,72,F,RS005,M54.5,93.39,2,1,0,5595999,2024-11-27,2025-08-11,auto,1800000,3.1088883333333333
0576463818313773,1,1,37,F,RS007,K29.7,45.16,1,3,0,8037655,2024-08-30,2025-08-11,manual,1700000,4.7280323529411765
2712170835586406,1,0,54,F,RS006,I25.1,99.24,1,3,2,4497653,2025-03-17,2025-08-11,manual,5000000,0.8995306
2793280388853484,1,1,69,M,RS009,M54.5,93.39,2,4,0,7825713,2025-07-18,2025-08-11,auto,1800000,4.347618333333333
4403011660353733,1,1,63,F,RS006,J18.9,96.04,1,3,2,3083656,2024-10-10,2025-08-11,auto,4200000,0.7342038095238095
2712170835586406,1,0,54,F,RS006,I10,99.04,2,1,2,5561052,2024-05-20,2025-08-11,auto,2000000,2.780526
5124039520614457,1,1,39,F,RS005,O80,72.0,1,3,2,8682706,2025-08-04,2025-08-11,auto,3500000,2.4807731428571427
3726747116370957,1,1,17,M,RS006,A09,45.23,2,4,0,981272,2025-04-28,2025-08-11,auto,1300000,0.7548246153846154
5545316017799861,1,0,8,F,RS008,I25.1,99.24,3,3,6,6097585,2025-04-25,2025-08-11,manual,5000000,1.219517
1201721208675463,1,0,4,M,RS004,Z03.8,93.91,1,1,0,5771953,2025-01-29,2025-08-11,auto,1200000,4.809960833333333
2053679188407932,1,0,63,F,RS006,I10,99.04,1,3,6,4079839,2024-10-02,2025-08-11,manual,2000000,2.0399195
9385626458536316,1,1,73,M,RS002,I10,99.04,2,3,4,1362695,2024-12-25,2025-08-11,manual,2000000,0.6813475
3004479034126125,1,0,45,M,RS002,J18.9,96.04,2,4,4,7062044,2025-08-01,2025-08-11,auto,4200000,1.6814390476190477
0487521962762816,1,1,18,F,RS005,O80,72.0,2,1,2,9300336,2025-02-15,2025-08-11,auto,3500000,2.657238857142857
0609162315562941,0,1,7,M,RS003,K21.0,45.16,2,2,2,6897825,2025-06-18,2025-08-11,manual,1400000,4.927017857142857
8238051599047689,1,1,74,F,RS001,J18.9,93.94,1,4,0,7224388,2024-07-13,2025-08-11,manual,4200000,1.720092380952381
7834441145195136,1,0,86,F,RS006,H25.9,13.5,1,4,0,7669683,2024-08-31,2025-08-11,manual,7500000,1.0226244
6749755793511452,1,0,82,F,RS007,H25.9,13.1,1,2,0,8753356,2025-01-10,2025-08-11,manual,7500000,1.1671141333333332
0841004995119686,1,0,76,F,RS010,H25.9,13.5,3,4,0,5993125,2024-08-30,2025-08-12,manual,7500000,0.7990833333333334
0470504238383863,1,1,13,M,RS005,M54.5,93.39,3,4,2,8169323,2025-06-30,2025-08-12,auto,1800000,4.538512777777778
0397987216459530,0,1,57,M,RS005,J00,93.9,2,2,1,2296927,2024-03-09,2025-08-12,auto,500000,4.593854
5243252278618393,0,1,84,M,RS005,A09,45.23,2,3,2,7390401,2025-08-07,2025-08-12,auto,1300000,5.684923846153846
8192619147946310,1,1,63,F,RS001,K29.7,45.16,3,4,0,2015795,2024-12-27,2025-08-12,manual,1700000,1.1857617647058825
1684642255819389,1,1,64,M,RS001,I25.1,36.15,1,4,3,5480714,2025-08-01,2025-08-12,manual,5000000,1.0961428
5343769046245881,1,1,80,F,RS001,J45.9,93.96,1,1,1,2523548,2024-09-28,2025-08-12,auto,2300000,1.0971947826086956
7052530558642372,1,0,9,F,RS005,Z34.0,73.0,3,2,2,4599898,2024-12-18,2025-08-12,manual,800000,5.7498725
4813161534313995,1,1,86,F,RS002,O80,72.0,1,4,4,9807750,2024-06-24,2025-08-12,auto,3500000,2.8022142857142858
8247383488180687,1,1,28,M,RS009,K21.0,45.16,2,4,0,8735555,2024-12-05,2025-08-12,auto,1400000,6.239682142857143
5926062375973350,0,1,28,M,RS005,Z00.0,93.99,2,4,1,6588547,2025-05-31,2025-08-12,auto,700000,9.41221
9954209095051036,1,1,88,M,RS004,Z34.0,73.0,1,4,3,5676045,2025-01-14,2025-08-12,auto,800000,7.09505625
6420984215886340,0,1,87,M,RS008,M54.5,93.39,2,1,2,6111698,2024-10-26,2025-08-12,manual,1800000,3.3953877777777777
2141842434092736,0,1,44,F,RS006,A09,45.23,2,3,2,5208759,2025-07-25,2025-08-12,manual,1300000,4.006737692307692
4325763296609102,1,1,11,M,RS008,J45.9,93.96,1,3,1,6666483,2025-04-08,2025-08-12,manual,2300000,2.8984708695652173
8562187625702599,1,1,10,F,RS006,N39.0,57.98,1,4,0,9115526,2024-03-06,2025-08-12,auto,2200000,4.143420909090909
4734721018569887,0,1,47,M,RS003,Z03.8,93.91,3,3,2,5722021,2025-01-07,2025-08-12,manual,1200000,4.768350833333334
4312680510853371,1,0,76,F,RS008,J45.9,93.96,3,3,0,1411282,2024-01-04,2025-08-12,manual,2300000,0.6136008695652174
4988508825251789,1,1,89,M,RS001,Z34.0,73.0,3,2,2,2837889,2025-07-21,2025-08-12,manual,800000,3.54736125
3096691485686496,0,1,22,F,RS007,Z00.0,93.99,1,2,0,7181214,2025-07-14,2025-08-12,auto,700000,10.258877142857143
8054090674153817,1,0,62,M,RS001,H25.9,13.4,1,1,1,7347812,2024-12-30,2025-08-12,auto,7500000,0.9797082666666667
5319134666351263,1,1,22,F,RS003,R50.9,99.19,3,2,0,5426256,2024-04-16,2025-08-12,auto,1000000,5.426256
7034328662713428,1,1,46,M,RS002,R10.4,45.23,1,2,0,6503456,2025-07-30,2025-08-12,auto,1200000,5.419546666666666
5677715415216966,1,1,23,M,RS002,A09,45.23,3,4,1,3289469,2025-06-25,2025-08-12,manual,1300000,2.5303607692307692
7068130882293285,0,1,83,F,RS007,K29.7,45.16,3,3,2,7704088,2025-05-12,2025-08-12,auto,1700000,4.531816470588235
9744640172958390,1,0,62,M,RS010,R10.4,45.23,3,3,0,3993959,2024-08-26,2025-08-12,auto,1200000,3.3282991666666666
4813161534313995,1,1,86,F,RS002,N39.0,57.98,3,1,2,1516958,2025-06-04,2025-08-12,manual,2200000,0.6895263636363637
3291394196471995,1,1,25,M,RS004,R50.9,99.19,2,3,1,1045207,2025-08-02,2025-08-12,auto,1000000,1.045207
7960552506623511,1,1,77,F,RS009,Z00.0,93.99,2,1,0,4239546,2024-04-13,2025-08-13,auto,700000,6.056494285714286
6582997103923122,1,1,9,M,RS009,H25.9,13.4,3,1,0,2567671,2024-08-07,2025-08-13,auto,7500000,0.3423561333333333
4568027264530974,1,0,76,F,RS001,I25.1,36.15,3,4,3,8212375,2025-07-07,2025-08-13,manual,5000000,1.642475
8675668065807341,0,1,25,M,RS008,J18.9,93.94,3,4,2,1963269,2024-12-16,2025-08-13,auto,4200000,0.467445
0392405087961834,1,0,9,F,RS005,E66.9,99.28,1,4,3,6430063,2024-09-23,2025-08-13,auto,1000000,6.430063
7832241239816722,1,0,4,F,RS007,J45.9,93.96,2,4,0,1390709,2025-04-22,2025-08-13,auto,2300000,0.6046560869565217
2320200927976298,0,0,40,F,RS006,H25.9,13.5,2,4,0,3861144,2024-09-05,2025-08-13,auto,7500000,0.5148192
6647485949473660,1,1,63,F,RS006,K21.0,45.16,3,1,0,2693322,2025-04-26,2025-08-13,manual,1400000,1.9238014285714287
5426793851201163,1,0,4,M,RS006,J00,93.9,3,3,1,8831380,2025-05-21,2025-08-13,auto,500000,17.66276
5300338043536990,1,0,68,M,RS007,R50.9,99.19,2,3,0,7684268,2024-09-27,2025-08-13,manual,1000000,7.684268
6707844389464178,1,0,6,F,RS002,R50.9,99.19,3,2,0,986859,2025-02-20,2025-08-13,auto,1000000,0.986859
3092374663510852,1,1,77,F,RS008,A09,45.23,3,3,0,5412511,2024-01-08,2025-08-13,manual,1300000,4.16347
7667132867591279,1,1,8,F,RS003,Z34.0,73.0,2,2,1,5288124,2025-07-11,2025-08-13,manual,800000,6.610155
8175660262711503,0,1,87,M,RS010,R10.4,45.23,2,3,0,8646316,2025-07-23,2025-08-13,manual,1200000,7.205263333333333
2857095073058460,1,0,90,M,RS002,E11,99.10,3,2,2,3142564,2025-06-20,2025-08-13,auto,2500000,1.2570256
8577595612094907,1,1,83,F,RS006,H25.9,13.5,1,4,0,4133370,2024-11-09,2025-08-13,auto,7500000,0.551116
5810166096727822,1,1,77,M,RS009,K29.7,45.16,1,1,0,2734165,2025-07-24,2025-08-13,manual,1700000,1.6083323529411764
5536080130453829,1,1,61,M,RS007,Z00.0,93.99,2,4,0,879681,2025-05-24,2025-08-13,auto,700000,1.256687142857143
0260081578038436,1,1,55,F,RS001,J45.9,93.96,1,2,2,9986277,2025-03-19,2025-08-13,manual,2300000,4.3418595652173915
0507761649408367,0,1,3,M,RS008,K21.0,45.16,1,3,0,519822,2025-07-31,2025-08-13,auto,1400000,0.37130142857142856
6249279323195675,1,1,90,M,RS001,I25.1,99.24,2,3,2,2471288,2025-07-05,2025-08-13,auto,5000000,0.4942576
1063028849030234,1,1,89,F,RS001,Z00.0,93.99,2,4,0,8738482,2025-06-21,2025-08-13,auto,700000,12.483545714285714
0495330745315346,0,1,51,M,RS005,N39.0,57.94,3,4,3,2532352,2024-02-07,2025-08-13,auto,2200000,1.1510690909090908
1678744810979104,0,0,83,M,RS009,R10.4,87.09,2,4,0,6842098,2024-12-02,2025-08-13,manual,1200000,5.701748333333334
5024553014223722,1,1,27,M,RS004,J18.9,96.04,2,4,0,1371774,2024-09-25,2025-08-13,auto,4200000,0.32661285714285715
1710127384618966,1,0,38,M,RS007,A09,45.23,3,4,2,3432813,2025-03-11,2025-08-13,manual,1300000,2.6406253846153844
3893037865770408,1,1,8,F,RS002,R50.9,99.19,2,3,0,4823512,2024-02-15,2025-08-13,manual,1000000,4.823512
2720595790301628,1,1,40,M,RS004,E66.9,99.28,2,1,1,4192716,2024-08-15,2025-08-13,auto,1000000,4.192716
0567665094814298,1,1,54,M,RS010,Z03.8,93.91,2,1,0,2441198,2024-02-29,2025-08-13,auto,1200000,2.0343316666666666
3441134935642077,1,1,59,F,RS004,J00,93.9,1,2,1,2686468,2025-04-14,2025-08-14,auto,500000,5.372936
0015577376411542,1,1,30,M,RS004,N39.0,57.98,1,2,3,1428657,2024-08-19,2025-08-14,auto,2200000,0.6493895454545454
9357512784816124,0,1,58,F,RS010,H25.9,13.4,1,3,0,8804377,2024-09-13,2025-08-14,auto,7500000,1.1739169333333332
8088580042537141,1,1,14,M,RS009,E11,99.10,1,3,0,9292736,2025-06-23,2025-08-14,manual,2500000,3.7170944
3369253369069562,1,1,55,F,RS009,J18.9,96.04,2,3,1,7501468,2025-03-10,2025-08-14,manual,4200000,1.7860638095238095
9268505306861928,0,1,45,M,RS008,K21.0,45.16,3,1,1,3968122,2024-10-12,2025-08-14,manual,1400000,2.8343728571428572
0022999433801854,1,1,76,M,RS001,J18.9,96.04,2,4,0,6179240,2025-06-28,2025-08-14,auto,4200000,1.4712476190476191
4088508809780018,1,1,1,F,RS004,A09,45.23,1,1,4,5114494,2025-07-04,2025-08-14,manual,1300000,3.934226153846154
6923621320050205,1,0,29,F,RS004,R50.9,99.19,2,4,0,6185094,2025-07-09,2025-08-14,manual,1000000,6.185094
8603235850335200,1,0,75,F,RS001,J45.9,93.96,1,4,1,8227532,2024-04-13,2025-08-14,auto,2300000,3.5771878260869565
4908241822922450,0,1,14,M,RS005,R10.4,45.23,3,1,0,6243055,2025-06-20,2025-08-14,manual,1200000,5.202545833333334
1804964538301977,0,1,51,F,RS008,Z03.8,93.91,1,1,0,3711009,2024-10-04,2025-08-14,auto,1200000,3.0925075
4813672523999981,0,1,84,F,RS005,J18.9,96.04,3,2,0,2920829,2025-05-22,2025-08-14,auto,4200000,0.6954354761904762
1513790145967014,1,1,69,F,RS007,Z34.0,73.0,3,3,1,2677129,2025-02-19,2025-08-14,manual,800000,3.34641125
5242892784396581,1,0,79,F,RS002,M54.5,93.39,3,1,0,8424372,2025-05-27,2025-08-14,auto,1800000,4.680206666666667
0982327551538289,0,1,87,M,RS004,E11,99.10,1,3,1,3348334,2025-08-08,2025-08-14,manual,2500000,1.3393336
5985548016474506,0,1,72,M,RS005,M54.5,93.39,2,1,2,776348,2025-07-21,2025-08-14,manual,1800000,0.43130444444444443
9011640907927747,1,0,46,M,RS003,I10,99.04,1,4,1,7483505,2025-07-28,2025-08-14,manual,2000000,3.7417525
3900268197211729,1,0,30,F,RS001,N39.0,57.94,2,4,2,3242577,2025-07-16,2025-08-14,manual,2200000,1.4738986363636364
2441630707957154,1,1,26,M,RS001,O80,72.0,3,2,2,8932763,2025-05-23,2025-08-14,manual,3500000,2.552218
3960607785323860,1,1,65,F,RS001,J18.9,96.04,3,4,0,8294622,2025-04-28,2025-08-14,auto,4200000,1.97491
8942003607029330,1,1,10,F,RS005,J18.9,93.94,3,1,2,9049915,2025-07-21,2025-08-14,manual,4200000,2.1547416666666668
6609815197198117,1,0,77,F,RS004,A09,45.23,2,3,3,2275166,2025-06-09,2025-08-14,manual,1300000,1.7501276923076923
6857860143558473,1,0,8,F,RS005,K21.0,45.16,2,3,1,8068257,2025-03-03,2025-08-14,manual,1400000,5.763040714285714
5004475421880959,1,1,76,F,RS003,I10,99.04,2,2,4,9638592,2025-03-13,2025-08-14,auto,2000000,4.819296
8747843473834454,0,0,83,M,RS001,K21.0,45.16,1,1,1,6297702,2024-09-07,2025-08-15,auto,1400000,4.498358571428572
8638863177918870,1,1,42,F,RS001,J18.9,96.04,3,1,2,3899868,2024-08-27,2025-08-15,auto,4200000,0.92854
6988132476989717,1,1,45,F,RS006,Z00.0,93.99,1,4,0,4427574,2024-12-28,2025-08-15,manual,700000,6.325105714285714
1124148893738432,1,1,35,M,RS004,R50.9,99.19,3,2,0,3825235,2025-08-07,2025-08-15,manual,1000000,3.825235
5343769046245881,1,1,80,F,RS008,J18.9,96.04,3,1,1,2370040,2025-05-12,2025-08-15,manual,4200000,0.5642952380952381
4904655235078615,0,0,22,M,RS002,R10.4,87.09,1,1,0,1090444,2024-02-29,2025-08-15,auto,1200000,0.9087033333333333
8459165639829967,1,0,28,M,RS004,N39.0,57.94,3,2,1,7843339,2024-04-10,2025-08-15,auto,2200000,3.565154090909091
0996193571832522,1,1,27,F,RS009,J45.9,93.96,3,2,1,9210440,2025-01-14,2025-08-15,auto,2300000,4.004539130434782
6132556220911026,1,1,36,F,RS005,I10,99.04,1,1,1,5840813,2024-10-15,2025-08-15,manual,2000000,2.9204065
9268457040179281,1,1,21,F,RS001,E11,99.10,1,2,1,2124714,2025-05-03,2025-08-15,manual,2500000,0.8498856
6980702514899927,1,1,89,F,RS002,I25.1,36.15,3,4,2,3276786,2025-06-13,2025-08-15,manual,5000000,0.6553572
0759329526027876,1,1,47,F,RS001,Z34.0,73.0,2,3,2,9711449,2025-05-12,2025-08-15,manual,800000,12.13931125
8420621456486243,1,1,43,M,RS009,I25.1,99.24,1,1,7,7516030,2024-04-26,2025-08-15,manual,5000000,1.503206
8018675692363227,0,1,37,M,RS001,N39.0,57.98,2,2,2,9100312,2025-08-05,2025-08-15,manual,2200000,4.136505454545454
1130364344708384,1,0,22,F,RS005,A09,45.23,2,4,2,3938444,2025-04-01,2025-08-15,manual,1300000,3.0295723076923076
5319134666351263,1,1,22,F,RS010,J00,93.9,1,2,1,1622906,2025-01-30,2025-08-15,auto,500000,3.245812
1000910596551954,0,0,70,M,RS002,H25.9,13.4,1,3,0,3533184,2025-03-01,2025-08-15,manual,7500000,0.4710912
1161494074524667,1,0,57,F,RS001,Z03.8,93.91,3,1,0,7115803,2025-05-14,2025-08-15,manual,1200000,5.929835833333334
2087127590254223,1,1,1,F,RS009,R10.4,45.23,2,1,1,9278948,2025-07-29,2025-08-15,manual,1200000,7.732456666666667
9681365391342537,1,1,87,F,RS009,N39.0,57.98,1,2,3,3780222,2025-05-07,2025-08-15,auto,2200000,1.7182827272727272
7317434769110886,1,1,62,F,RS004,E66.9,99.28,1,2,2,3468683,2024-10-05,2025-08-15,manual,1000000,3.468683
9858623582578531,1,1,53,F,RS002,Z00.0,93.99,2,1,0,2189824,2024-12-26,2025-08-15,manual,700000,3.12832
9803835752365209,0,1,6,F,RS010,H25.9,13.1,3,1,0,4325270,2025-07-30,2025-08-16,auto,7500000,0.5767026666666667
6316736861878312,1,1,42,F,RS010,N39.0,57.94,1,2,3,2911959,2025-07-05,2025-08-16,manual,2200000,1.3236177272727272
9310857938702230,1,1,60,M,RS001,A09,45.23,1,3,1,7884539,2025-02-05,2025-08-16,auto,1300000,6.06503
3611416287189403,1,1,61,F,RS007,A09,45.23,1,3,2,9866107,2024-04-17,2025-08-16,manual,1300000,7.5893130769230766
0470465187969650,1,1,81,F,RS010,J18.9,93.94,2,4,0,7159141,2025-01-14,2025-08-16,auto,4200000,1.7045573809523809
2891880979189409,1,0,53,M,RS005,J00,93.9,1,1,0,1719089,2024-03-05,2025-08-16,auto,500000,3.438178
8578198583685839,1,1,27,F,RS004,M54.5,93.39,3,3,1,867088,2025-05-19,2025-08-16,auto,1800000,0.48171555555555556
4864587582161966,1,1,62,F,RS006,E11,99.10,2,1,3,8409773,2024-10-09,2025-08-16,manual,2500000,3.3639092
2199556722624474,1,1,90,F,RS008,R50.9,99.19,3,4,0,8544163,2025-08-04,2025-08-16,auto,1000000,8.544163
0248268611161020,1,0,34,M,RS005,I25.1,99.24,1,4,3,9534495,2024-12-31,2025-08-16,auto,5000000,1.906899
2171149304446851,1,1,42,M,RS004,I25.1,36.15,3,3,2,5575948,2025-07-22,2025-08-16,auto,5000000,1.1151896
1701408578684890,0,0,52,M,RS009,K21.0,45.16,3,3,0,1057061,2025-07-24,2025-08-16,auto,1400000,0.7550435714285715
6132556220911026,1,1,36,F,RS005,I10,99.04,3,2,7,2338058,2024-08-02,2025-08-16,manual,2000000,1.169029
3160728153550173,0,1,87,F,RS010,Z34.0,73.0,1,4,1,4987235,2025-03-01,2025-08-16,auto,800000,6.23404375
8056839724228373,1,1,46,M,RS003,Z00.0,93.99,2,4,0,5737763,2024-11-05,2025-08-16,manual,700000,8.196804285714286
9934677224493339,1,0,73,F,RS007,J00,93.9,2,2,0,4170550,2024-01-16,2025-08-16,manual,500000,8.3411
8884092104052993,1,1,59,M,RS006,A09,45.23,2,3,1,3170943,2025-01-17,2025-08-16,auto,1300000,2.439186923076923
1427272718903279,1,0,40,F,RS005,K29.7,45.16,2,3,1,4684609,2025-05-10,2025-08-16,auto,1700000,2.7556523529411763
1710127384618966,1,0,38,M,RS007,A09,45.23,1,3,3,9242968,2025-07-21,2025-08-16,auto,1300000,7.109975384615384
9845952640501932,1,1,78,F,RS001,E11,99.10,3,4,2,3412372,2025-05-14,2025-08-16,manual,2500000,1.3649488
1082739201779474,0,0,69,F,RS010,Z34.0,73.0,3,3,2,3050432,2024-02-03,2025-08-16,auto,800000,3.81304
7734113203894465,0,1,62,M,RS001,Z00.0,93.99,1,3,0,3390923,2025-06-07,2025-08-16,manual,700000,4.844175714285714
9747574226192097,1,1,74,M,RS005,I25.1,36.15,3,3,3,2948781,2024-11-13,2025-08-16,manual,5000000,0.5897562
3350465497447588,0,1,1,F,RS010,Z03.8,93.91,2,3,0,1395194,2025-03-07,2025-08-16,manual,1200000,1.1626616666666667
1828085982130590,1,0,35,F,RS010,K21.0,45.16,3,3,3,5742605,2024-11-26,2025-08-16,manual,1400000,4.101860714285714
0426990422524751,1,1,52,M,RS010,H25.9,13.4,2,2,0,2123152,2025-08-09,2025-08-16,auto,7500000,0.28308693333333335
3724967259078654,1,0,54,M,RS003,H25.9,13.1,1,4,0,3130485,2024-03-30,2025-08-18,auto,7500000,0.417398
6316736861878312,1,1,42,F,RS010,N39.0,57.94,2,1,5,1804421,2025-08-05,2025-08-18,manual,2200000,0.8201913636363637
3739503434046182,0,1,88,F,RS009,K29.7,45.16,3,4,1,7136983,2025-08-09,2025-08-18,auto,1700000,4.198225294117647
9159999735260574,1,0,46,F,RS008,O80,72.0,1,4,2,3098245,2025-05-09,2025-08-18,auto,3500000,0.8852128571428571
1776468854172736,1,1,43,M,RS003,I10,99.04,1,1,7,3858911,2024-05-13,2025-08-18,manual,2000000,1.9294555
0260081578038436,1,1,55,F,RS010,J45.9,93.96,2,3,1,2861120,2024-06-28,2025-08-18,auto,2300000,1.2439652173913043
5880119983006952,1,1,82,M,RS001,O80,72.0,2,1,2,8148580,2025-05-31,2025-08-18,manual,3500000,2.3281657142857144
6988132476989717,1,1,45,F,RS006,Z00.0,93.99,2,1,0,8568893,2025-06-18,2025-08-18,manual,700000,12.241275714285715
9447103060373529,0,1,81,M,RS004,M54.5,93.39,1,1,0,4709334,2024-10-15,2025-08-18,auto,1800000,2.6162966666666665
7251822732631399,1,0,3,M,RS006,H25.9,13.5,3,1,0,5393916,2024-03-02,2025-08-18,manual,7500000,0.7191888
5260422762330264,1,1,36,M,RS010,N39.0,57.98,1,3,0,1067001,2025-06-02,2025-08-18,auto,2200000,0.48500045454545454
8497982321560447,1,0,56,F,RS004,R50.9,99.19,2,2,0,9519689,2025-01-17,2025-08-18,manual,1000000,9.519689
9603082917161492,1,1,33,F,RS001,J18.9,96.04,1,2,0,9204449,2024-05-18,2025-08-18,auto,4200000,2.1915354761904764
0411443200750092,0,0,79,M,RS008,Z03.8,93.91,2,4,0,7703653,2024-08-27,2025-08-18,auto,1200000,6.419710833333333
0565829225677991,1,0,88,M,RS004,M54.5,93.39,2,3,0,919655,2025-05-05,2025-08-18,manual,1800000,0.5109194444444445
8482799329010249,0,0,62,M,RS010,J00,93.9,2,3,3,7396958,2024-10-07,2025-08-18,manual,500000,14.793916
9567304089524802,1,0,3,M,RS003,H25.9,13.4,3,4,1,3734203,2024-01-01,2025-08-18,manual,7500000,0.4978937333333333
5018385476171653,1,1,27,F,RS009,N39.0,57.98,1,4,3,8732101,2025-08-04,2025-08-18,manual,2200000,3.969136818181818
1433090523121539,1,0,58,M,RS007,M54.5,93.39,3,2,1,3997454,2025-08-08,2025-08-18,manual,1800000,2.220807777777778
2633256230741433,1,1,12,F,RS008,H25.9,13.5,3,1,0,4863919,2025-03-19,2025-08-18,manual,7500000,0.6485225333333333
5780077446410753,1,1,67,M,RS002,J00,93.9,2,2,0,5337166,2025-08-02,2025-08-18,manual,500000,10.674332
0055571247379283,0,1,2,M,RS006,J00,93.9,2,1,0,1788132,2024-10-25,2025-08-18,manual,500000,3.576264
9447103060373529,0,1,81,M,RS004,M54.5,93.39,3,1,2,4655008,2025-05-07,2025-08-18,manual,1800000,2.5861155555555557
7918959926855964,0,1,35,F,RS010,Z34.0,73.0,2,3,2,4836249,2025-06-03,2025-08-18,manual,800000,6.04531125
0808443078577059,0,1,69,M,RS006,N39.0,57.94,3,3,0,526820,2024-09-12,2025-08-18,auto,2200000,0.23946363636363635
0511909183562140,1,1,73,M,RS010,Z03.8,93.91,3,2,0,6214800,2024-03-19,2025-08-18,auto,1200000,5.179
5399096333132267,1,1,23,F,RS004,Z00.0,93.99,2,4,0,7119938,2024-10-11,2025-08-18,auto,700000,10.17134
2058288071391914,1,1,40,M,RS007,R50.9,99.19,3,4,0,7356189,2025-05-03,2025-08-18,manual,1000000,7.356189
3008332600925166,1,1,90,F,RS001,H25.9,13.1,1,3,0,5420109,2025-01-23,2025-08-18,auto,7500000,0.7226812
4042846355179230,0,1,9,F,RS004,Z00.0,93.99,3,1,0,1874444,2025-06-03,2025-08-18,manual,700000,2.677777142857143
0565829225677991,1,0,88,M,RS004,M54.5,93.39,2,2,0,3238793,2025-04-01,2025-08-18,manual,1800000,1.7993294444444445
4304267915650959,1,1,23,M,RS005,H25.9,13.1,1,2,0,8995592,2025-08-08,2025-08-19,auto,7500000,1.1994122666666667
0411443200750092,0,0,79,M,RS008,M54.5,93.39,1,4,1,3860398,2025-02-27,2025-08-19,auto,1800000,2.1446655555555556
7477463114859568,1,1,59,M,RS001,I10,99.04,2,2,1,2208849,2025-05-01,2025-08-19,auto,2000000,1.1044245
7397715781862217,1,1,35,F,RS002,K29.7,45.16,2,4,1,2809086,2025-06-20,2025-08-19,auto,1700000,1.6524035294117647
6742743580318968,0,1,69,F,RS001,K21.0,45.16,3,1,0,5625690,2025-06-03,2025-08-19,auto,1400000,4.01835
2793280388853484,1,1,69,M,RS009,M54.5,93.39,2,1,0,1290755,2024-04-09,2025-08-19,manual,1800000,0.7170861111111111
8433157679439861,1,1,70,F,RS001,Z03.8,93.91,2,1,0,6221105,2025-01-10,2025-08-19,auto,1200000,5.184254166666666
4843249552723524,1,1,89,M,RS002,I10,99.04,2,3,2,5747230,2024-08-20,2025-08-19,auto,2000000,2.873615
7516429427270316,1,1,28,M,RS005,Z34.0,73.0,1,3,2,7946344,2024-08-09,2025-08-19,auto,800000,9.93293
3998183439919436,1,0,83,M,RS007,K29.7,45.16,3,2,0,2357106,2025-07-30,2025-08-19,auto,1700000,1.3865329411764706
2678864573794008,1,1,51,M,RS009,R50.9,99.19,2,3,0,8834293,2025-01-14,2025-08-19,manual,1000000,8.834293
5733366470320008,1,1,41,F,RS005,J45.9,93.96,2,3,1,8223654,2024-08-19,2025-08-19,auto,2300000,3.5755017391304347
0530632427127626,1,1,2,M,RS010,M54.5,93.39,3,1,0,5415136,2025-05-27,2025-08-19,manual,1800000,3.008408888888889
9382064479278505,1,1,65,M,RS005,Z03.8,93.91,1,3,0,8914208,2024-05-09,2025-08-19,auto,1200000,7.428506666666666
9910939395799357,1,1,55,M,RS001,K21.0,45.16,2,4,2,9656025,2025-07-22,2025-08-19,manual,1400000,6.8971607142857145
7984732877511492,0,1,69,F,RS010,R50.9,99.19,2,3,0,4753891,2025-05-07,2025-08-19,manual,1000000,4.753891
0453869805889248,1,1,35,F,RS008,Z00.0,93.99,1,2,1,2568164,2024-10-04,2025-08-19,auto,700000,3.6688057142857144
3381380723898842,1,0,25,M,RS006,E11,99.10,3,1,1,4675115,2024-01-25,2025-08-19,manual,2500000,1.870046
4216890962521381,1,1,67,F,RS009,K21.0,45.16,2,2,1,1813062,2025-05-03,2025-08-19,manual,1400000,1.2950442857142856
8877684967139127,1,1,70,M,RS005,K29.7,45.16,3,4,0,2700652,2025-04-29,2025-08-19,auto,1700000,1.5886188235294119
7374001504949100,1,1,60,F,RS002,O80,72.0,2,4,3,8098211,2024-09-02,2025-08-19,auto,3500000,2.3137745714285716
4830091898335094,1,0,47,F,RS002,R50.9,99.19,3,3,0,6954514,2025-06-16,2025-08-19,auto,1000000,6.954514
5201789267133296,0,1,76,F,RS008,Z03.8,93.91,1,4,1,1468854,2024-02-27,2025-08-19,auto,1200000,1.224045
1602723420690963,1,1,72,M,RS010,M54.5,93.39,1,4,2,5567013,2025-06-11,2025-08-19,auto,1800000,3.092785
0875603737473002,1,1,76,M,RS007,Z34.0,73.0,3,2,1,4955958,2024-06-22,2025-08-19,auto,800000,6.1949475
1222554135379550,1,1,41,M,RS002,M54.5,93.39,1,2,0,9246829,2025-03-10,2025-08-19,auto,1800000,5.137127222222222
8565032210064819,1,1,36,F,RS005,M54.5,93.39,2,4,2,2893985,2025-07-28,2025-08-19,auto,1800000,1.6077694444444444
8363309349833107,1,1,66,F,RS005,K29.7,45.16,3,4,0,792718,2025-06-26,2025-08-19,manual,1700000,0.46630470588235295
0582958168426980,1,1,79,M,RS008,Z00.0,93.99,3,2,0,6596954,2025-04-11,2025-08-19,manual,700000,9.42422
2691967737658266,0,1,12,M,RS002,Z34.0,73.0,3,4,3,5030512,2025-04-23,2025-08-19,auto,800000,6.28814
9172164010266734,0,1,27,F,RS006,J45.9,93.96,2,2,2,9739264,2024-06-29,2025-08-19,manual,2300000,4.234462608695652
6582997103923122,1,1,9,M,RS002,H25.9,13.1,3,4,0,7192129,2024-08-20,2025-08-19,manual,7500000,0.9589505333333334
6783988416654665,1,1,73,M,RS009,H25.9,13.1,1,2,0,2921907,2025-01-09,2025-08-19,auto,7500000,0.3895876
4179463005823405,1,1,12,M,RS004,I25.1,99.24,3,1,3,7749475,2025-04-12,2025-08-19,manual,5000000,1.549895
2997725283611160,1,0,28,F,RS005,K29.7,45.16,1,2,0,499291,2025-07-24,2025-08-20,manual,1700000,0.2937005882352941
1835329830185950,1,1,54,F,RS002,I10,99.04,3,3,3,908804,2025-01-31,2025-08-20,auto,2000000,0.454402
3368168281228136,1,1,14,M,RS009,A09,45.23,3,4,2,6058373,2024-02-28,2025-08-20,auto,1300000,4.6602869230769235
9282878766736636,1,0,78,M,RS007,K29.7,45.16,3,3,0,4918869,2024-04-26,2025-08-20,manual,1700000,2.8934523529411766
6468396150861957,0,1,22,M,RS006,Z34.0,73.0,1,4,1,6216463,2024-12-05,2025-08-20,manual,800000,7.77057875
3993497940265172,0,1,12,F,RS002,K29.7,45.16,3,1,2,6445504,2025-07-12,2025-08-20,manual,1700000,3.7914729411764707
2552889576569335,1,0,37,F,RS007,A09,45.23,2,4,0,5811967,2025-06-09,2025-08-20,auto,1300000,4.470743846153846
8078806926248836,1,1,78,F,RS006,E66.9,99.28,3,4,1,4595439,2025-07-16,2025-08-20,auto,1000000,4.595439
2566203662555990,1,0,78,F,RS005,I10,99.04,3,2,3,3754042,2024-11-30,2025-08-20,manual,2000000,1.877021
3617481897877767,0,1,1,M,RS005,I25.1,36.15,2,3,2,7418775,2025-08-14,2025-08-20,auto,5000000,1.483755
3769717711983368,1,1,39,F,RS002,Z03.8,93.91,2,1,0,5048051,2025-04-01,2025-08-20,manual,1200000,4.206709166666666
6423495525902165,1,1,80,M,RS004,K21.0,45.16,2,3,2,9003959,2025-08-08,2025-08-20,manual,1400000,6.431399285714286
8874434686937598,1,1,61,F,RS004,E11,99.10,2,4,1,1939370,2025-07-26,2025-08-20,auto,2500000,0.775748
8639034750764760,1,0,11,F,RS005,J00,93.9,1,3,0,6648923,2024-07-22,2025-08-20,manual,500000,13.297846
6486974534734204,1,1,69,M,RS001,A09,45.23,3,4,0,5095248,2025-02-19,2025-08-20,auto,1300000,3.9194215384615383
1874658700921760,1,0,63,F,RS004,R50.9,99.19,3,1,1,9184656,2025-04-22,2025-08-20,auto,1000000,9.184656
5514692385708093,1,1,36,M,RS008,K21.0,45.16,1,4,2,8850781,2025-08-13,2025-08-20,manual,1400000,6.321986428571429
9169727934549025,0,0,30,M,RS009,J00,93.9,2,2,1,8996013,2025-08-11,2025-08-20,manual,500000,17.992026
5756689233132963,1,1,62,M,RS006,R10.4,45.23,1,4,0,1985229,2025-02-11,2025-08-20,manual,1200000,1.6543575
0173984806822654,0,1,39,M,RS003,E66.9,99.28,2,2,2,3625623,2025-06-21,2025-08-20,auto,1000000,3.625623
0524849759093907,1,1,50,F,RS004,A09,45.23,1,1,1,8426581,2025-06-19,2025-08-20,manual,1300000,6.481985384615385
2018595464108504,1,1,39,M,RS001,R10.4,45.23,2,4,0,6814359,2024-07-11,2025-08-20,auto,1200000,5.6786325
2646930161489450,0,1,67,M,RS009,E66.9,99.28,1,4,1,8849984,2024-09-28,2025-08-20,auto,1000000,8.849984
0023274748396172,1,0,57,M,RS001,J45.9,93.96,2,2,0,6705660,2024-12-04,2025-08-20,auto,2300000,2.915504347826087
6906791659601743,1,1,15,F,RS009,Z03.8,93.91,2,4,0,6727312,2024-06-26,2025-08-20,manual,1200000,5.606093333333333
0985353639512400,1,0,6,F,RS003,K29.7,45.16,3,1,0,4293307,2025-02-27,2025-08-20,auto,1700000,2.525474705882353
8399802278259272,1,1,85,F,RS009,N39.0,57.98,3,3,1,8099979,2024-03-02,2025-08-20,manual,2200000,3.681808636363636
2597558266841110,1,1,88,F,RS002,J00,93.9,2,3,0,2461997,2025-07-29,2025-08-20,auto,500000,4.923994
9466513359166530,1,1,38,F,RS009,R50.9,99.19,2,1,2,8170701,2024-02-29,2025-08-21,manual,1000000,8.170701
4015893336898934,0,1,30,F,RS001,I10,99.04,1,3,2,1655843,2025-04-19,2025-08-21,manual,2000000,0.8279215
2182279286324316,1,0,27,F,RS004,O80,72.0,1,1,2,8069014,2024-05-27,2025-08-21,manual,3500000,2.3054325714285713
4088508809780018,1,1,1,F,RS004,A09,45.23,1,2,1,5996671,2025-01-09,2025-08-21,auto,1300000,4.612823846153846
8074272655952659,0,1,52,M,RS003,E66.9,99.28,3,2,0,2440552,2024-09-19,2025-08-21,auto,1000000,2.440552
4973829775419812,0,1,25,M,RS005,Z34.0,73.0,1,2,2,9749928,2025-05-26,2025-08-21,auto,800000,12.18741
4331876174871808,1,1,62,F,RS007,A09,45.23,1,3,2,9068389,2024-10-31,2025-08-21,manual,1300000,6.975683846153846
6486974534734204,1,1,69,M,RS001,K29.7,45.16,2,4,0,5207927,2025-06-10,2025-08-21,manual,1700000,3.063486470588235
4904092844055756,0,0,17,F,RS009,Z00.0,93.99,3,1,0,2288602,2024-03-22,2025-08-21,auto,700000,3.2694314285714285
0837377191805336,1,1,83,M,RS009,R10.4,87.09,3,1,1,1736335,2025-07-01,2025-08-21,manual,1200000,1.4469458333333334
0780750172423928,0,1,44,M,RS003,O80,72.0,2,4,3,4995257,2025-07-19,2025-08-21,manual,3500000,1.4272162857142856
0935218242488304,1,1,24,M,RS009,N39.0,57.94,3,2,0,1153244,2025-05-24,2025-08-21,manual,2200000,0.5242018181818182
5826704353014090,1,1,84,M,RS004,A09,45.23,2,3,0,6900233,2024-04-23,2025-08-21,manual,1300000,5.307871538461538
0745050735657584,1,1,63,F,RS005,H25.9,13.5,3,2,0,7656387,2025-04-30,2025-08-21,manual,7500000,1.0208516
4657436164816575,1,1,82,M,RS010,R10.4,45.23,3,3,0,3613843,2025-06-13,2025-08-21,manual,1200000,3.0115358333333333
2131451356655480,1,1,60,M,RS004,Z00.0,93.99,3,2,0,9769497,2025-08-02,2025-08-21,auto,700000,13.956424285714286
0460171138262880,1,1,14,M,RS008,N39.0,57.98,1,2,2,4346353,2025-08-08,2025-08-21,manual,2200000,1.975615
4142774471819460,0,1,71,F,RS001,O80,72.0,1,1,2,5974476,2024-03-08,2025-08-21,auto,3500000,1.7069931428571428
9494277282128680,0,1,46,F,RS006,Z03.8,93.91,3,4,0,6081764,2025-01-17,2025-08-21,manual,1200000,5.068136666666667
5636269082375464,1,1,2,M,RS001,M54.5,93.39,3,4,1,7219222,2025-07-16,2025-08-21,auto,1800000,4.010678888888889
0610606685488164,1,0,12,M,RS008,Z00.0,93.99,1,2,1,1632201,2025-07-11,2025-08-21,manual,700000,2.331715714285714
7541578413730750,0,1,70,F,RS005,R50.9,99.19,1,3,0,5933559,2025-06-21,2025-08-21,manual,1000000,5.933559
9097259862591078,0,0,89,M,RS006,Z34.0,73.0,3,3,2,8192130,2025-02-14,2025-08-21,auto,800000,10.2401625
7261573962287152,1,0,28,M,RS001,Z03.8,93.91,2,3,0,7920513,2025-06-05,2025-08-21,auto,1200000,6.6004275
0530632427127626,1,1,2,M,RS010,M54.5,93.39,1,2,0,6824475,2025-03-18,2025-08-21,auto,1800000,3.791375
7420698226803757,1,1,83,F,RS007,Z03.8,93.91,1,3,0,4843940,2025-07-25,2025-08-21,auto,1200000,4.036616666666666
9579270123728644,1,1,29,F,RS003,A09,45.23,2,3,2,7393386,2024-06-10,2025-08-21,auto,1300000,5.68722
9799485508606529,0,1,10,F,RS004,R10.4,87.09,2,1,0,6449276,2025-04-12,2025-08-21,manual,1200000,5.374396666666667
4528213324267390,1,0,81,F,RS007,M54.5,93.39,3,1,0,5173846,2025-01-17,2025-08-21,manual,1800000,2.8743588888888887
8537613175682050,1,1,48,F,RS004,O80,72.0,3,1,1,1623163,2024-11-19,2025-08-21,manual,3500000,0.46376085714285714
1427272718903279,1,0,40,F,RS005,K29.7,45.16,1,3,0,2519992,2025-08-09,2025-08-22,auto,1700000,1.4823482352941177
1804964538301977,0,1,51,F,RS008,Z00.0,93.99,3,1,0,615054,2024-12-18,2025-08-22,manual,700000,0.8786485714285714
0187271950090291,1,1,80,M,RS010,K29.7,45.16,3,4,0,9841139,2025-05-21,2025-08-22,manual,1700000,5.788905294117647
9530165106478672,1,1,62,F,RS001,I25.1,99.24,3,1,0,2947821,2024-09-05,2025-08-22,manual,5000000,0.5895642
4983776683889957,1,1,45,F,RS005,E66.9,99.28,1,2,2,3335468,2024-10-28,2025-08-22,auto,1000000,3.335468
1977629979314827,1,1,51,F,RS005,K21.0,45.16,1,3,0,1643431,2024-05-22,2025-08-22,manual,1400000,1.1738792857142857
2513636250050664,1,1,8,M,RS009,J18.9,93.94,1,2,1,5233485,2024-03-02,2025-08-22,manual,4200000,1.2460678571428572
2787182719204658,1,1,49,M,RS005,I10,99.04,2,1,2,4156223,2025-08-12,2025-08-22,manual,2000000,2.0781115
7977483293663836,1,1,83,F,RS006,R50.9,99.19,3,1,1,9909184,2025-06-18,2025-08-22,auto,1000000,9.909184
7120676890374026,1,1,67,F,RS003,J45.9,93.96,1,3,1,1451102,2025-08-15,2025-08-22,auto,2300000,0.6309139130434782
4142774471819460,0,1,71,F,RS001,K21.0,45.16,1,4,0,1643216,2025-03-29,2025-08-22,manual,1400000,1.1737257142857143
1179675100857489,0,1,21,M,RS001,K29.7,45.16,1,4,2,3969903,2024-12-06,2025-08-22,manual,1700000,2.3352370588235294
8685167806148693,1,1,5,F,RS003,O80,72.0,2,2,2,5703430,2025-05-23,2025-08-22,auto,3500000,1.6295514285714285
3365989046032572,1,1,72,F,RS008,J45.9,93.96,1,4,0,938747,2024-05-11,2025-08-22,auto,2300000,0.4081508695652174
2289532428646017,1,1,23,M,RS009,J00,93.9,1,3,0,2275510,2025-08-16,2025-08-22,auto,500000,4.55102
1000910596551954,0,0,70,M,RS002,H25.9,13.5,2,2,0,3283466,2024-03-12,2025-08-22,auto,7500000,0.4377954666666667
4189652918698162,1,1,37,M,RS010,Z00.0,93.99,2,1,1,1852289,2025-06-12,2025-08-22,manual,700000,2.646127142857143
4581014690311437,0,0,88,F,RS008,M54.5,93.39,2,1,0,9419249,2024-05-04,2025-08-22,auto,1800000,5.232916111111111
9182026814500775,0,1,30,M,RS001,H25.9,13.5,2,4,0,6845244,2024-10-09,2025-08-22,manual,7500000,0.9126992
1250458991857109,1,0,67,F,RS009,J00,93.9,3,2,0,8810554,2025-05-24,2025-08-22,manual,500000,17.621108
7365779835622070,0,1,39,M,RS005,J45.9,93.96,3,2,1,5556686,2025-01-08,2025-08-22,auto,2300000,2.4159504347826086
3611416287189403,1,1,61,F,RS007,A09,45.23,1,1,1,4428277,2025-06-28,2025-08-22,manual,1300000,3.406366923076923
1533153330659485,1,0,23,M,RS002,M54.5,93.39,1,1,0,4883305,2025-02-17,2025-08-22,auto,1800000,2.712947222222222
3511172641904173,0,0,62,M,RS004,O80,72.0,2,4,4,4499982,2025-02-08,2025-08-23,auto,3500000,1.2857091428571428
0073741296181268,0,1,77,F,RS003,K29.7,45.16,3,1,1,9648024,2024-02-24,2025-08-23,auto,1700000,5.675308235294118
6723026238887574,1,1,57,M,RS004,J45.9,93.96,2,2,0,5611300,2025-04-08,2025-08-23,manual,2300000,2.439695652173913
3369253369069562,1,1,55,F,RS009,I25.1,36.15,1,1,1,2402146,2025-07-21,2025-08-23,auto,5000000,0.4804292
8040716160541472,1,1,22,F,RS007,M54.5,93.39,2,4,0,6916268,2025-06-06,2025-08-23,auto,1800000,3.842371111111111
4088508809780018,1,1,1,F,RS004,A09,45.23,2,4,0,7794508,2025-08-02,2025-08-23,auto,1300000,5.995775384615385
3993497940265172,0,1,12,F,RS002,K29.7,45.16,1,4,2,6846918,2025-05-09,2025-08-23,manual,1700000,4.027598823529412
4386001189206967,0,1,67,F,RS004,O80,72.0,2,1,3,3145230,2025-06-24,2025-08-23,manual,3500000,0.8986371428571429
5411501721186147,1,1,17,M,RS009,A09,45.23,1,1,0,3562297,2024-02-20,2025-08-23,manual,1300000,2.7402284615384613
5380818416306672,1,1,72,F,RS009,M54.5,93.39,3,4,0,4858432,2025-04-12,2025-08-23,auto,1800000,2.6991288888888887
0268505676828986,0,0,60,M,RS002,J00,93.9,3,4,2,3078607,2025-07-01,2025-08-23,auto,500000,6.157214
3243438170546401,1,1,64,F,RS006,E66.9,99.28,2,3,2,5595500,2025-08-20,2025-08-23,auto,1000000,5.5955
1006997502231594,1,0,38,F,RS004,K29.7,45.16,3,1,2,3321053,2025-06-24,2025-08-23,manual,1700000,1.9535605882352942
2324871730607097,1,0,71,F,RS008,N39.0,57.98,3,4,1,7901114,2025-01-29,2025-08-23,auto,2200000,3.5914154545454546
5460138326649983,1,0,47,F,RS001,J45.9,93.96,1,4,0,9681526,2025-08-22,2025-08-24,auto,2300000,4.209359130434783
5487835463022599,1,1,86,F,RS008,J00,93.9,1,1,0,5652915,2025-07-26,2025-08-23,manual,500000,11.30583
7751315385467851,1,1,1,M,RS009,Z00.0,93.99,2,2,0,2574909,2025-08-20,2025-08-23,auto,700000,3.6784414285714284
6929918973312093,0,1,25,M,RS009,R10.4,45.23,2,1,0,7542344,2025-06-14,2025-08-23,manual,1200000,6.285286666666667
4881323969410829,0,0,44,F,RS004,I25.1,99.24,1,2,1,6665423,2025-07-25,2025-08-25,auto,5000000,1.3330846
6958115592991254,1,0,44,F,RS007,A09,45.23,1,3,4,6738811,2024-06-26,2025-08-25,auto,1300000,5.183700769230769
6464397231928104,1,1,30,F,RS003,O80,72.0,2,3,2,2606297,2024-07-18,2025-08-25,manual,3500000,0.7446562857142857
2206487531427005,1,0,90,M,RS001,Z00.0,93.99,2,4,0,8096655,2025-01-02,2025-08-25,manual,700000,11.56665
4332560075499912,0,1,25,M,RS007,H25.9,13.1,2,4,0,2128979,2024-01-17,2025-08-25,manual,7500000,0.2838638666666667
2056022773544311,1,1,33,M,RS009,J00,93.9,3,1,3,6016120,2025-08-14,2025-08-25,auto,500000,12.03224
6736949518875340,1,1,11,M,RS006,N39.0,57.94,3,1,2,9261425,2025-06-21,2025-08-25,auto,2200000,4.209738636363636
1564957148400074,0,0,72,M,RS009,O80,72.0,2,4,3,7423284,2024-10-12,2025-08-25,manual,3500000,2.1209382857142858
5926062375973350,0,1,28,M,RS005,R10.4,87.09,1,1,0,5432421,2024-03-06,2025-08-25,auto,1200000,4.5270175
1519432455983487,0,0,41,F,RS005,Z34.0,73.0,2,3,2,2303750,2025-05-06,2025-08-25,auto,800000,2.8796875
1695286776041495,0,1,78,M,RS005,R50.9,99.19,2,4,0,8755087,2025-05-29,2025-08-25,manual,1000000,8.755087
3936501464377786,1,1,23,M,RS007,K21.0,45.16,2,3,1,587320,2024-02-22,2025-08-25,auto,1400000,0.41951428571428573
8428382365331610,0,1,67,M,RS004,I25.1,99.24,1,4,0,6368067,2025-07-24,2025-08-25,auto,5000000,1.2736134
1492954314402453,1,1,54,M,RS006,H25.9,13.5,1,1,0,1561379,2024-01-20,2025-08-25,manual,7500000,0.20818386666666666
3396758507509830,1,1,77,M,RS001,K29.7,45.16,3,2,0,9230965,2024-10-12,2025-08-25,auto,1700000,5.429979411764706
5306817228226174,0,1,35,F,RS005,J18.9,93.94,3,3,1,8047124,2025-03-14,2025-08-25,auto,4200000,1.9159819047619047
7166026159058753,1,1,6,M,RS001,M54.5,93.39,1,2,2,908904,2024-08-05,2025-08-25,auto,1800000,0.5049466666666667
7398493674328705,1,1,50,M,RS005,A09,45.23,1,3,2,7781910,2025-03-12,2025-08-25,manual,1300000,5.986084615384615
9268505306861928,0,1,45,M,RS008,K29.7,45.16,1,3,1,9312134,2024-11-23,2025-08-25,manual,1700000,5.477725882352941
7824943251185450,1,1,41,M,RS004,Z00.0,93.99,2,2,0,9727751,2024-07-24,2025-08-25,manual,700000,13.896787142857143
1986540312006229,1,1,66,F,RS002,J45.9,93.96,3,3,1,5560814,2025-04-03,2025-08-25,manual,2300000,2.4177452173913045
8342180232557825,1,1,24,F,RS005,Z34.0,73.0,1,2,2,2989767,2024-08-31,2025-08-26,auto,800000,3.73720875
9367137590159353,1,1,41,M,RS010,A09,45.23,3,1,0,7534998,2024-02-09,2025-08-26,auto,1300000,5.796152307692307
3396758507509830,1,1,77,M,RS001,K29.7,45.16,1,4,2,7656827,2025-03-10,2025-08-26,manual,1700000,4.504015882352941
3448410486653596,1,1,22,M,RS008,N39.0,57.94,3,3,1,6269899,2024-05-14,2025-08-26,auto,2200000,2.849954090909091
0958512283580173,1,1,68,F,RS002,K21.0,45.16,3,4,2,2566957,2024-12-03,2025-08-26,auto,1400000,1.8335407142857143
8456416039069914,1,1,50,M,RS006,R10.4,87.09,3,2,0,8442914,2025-08-20,2025-08-26,manual,1200000,7.035761666666667
5943113177988161,1,0,76,M,RS007,I25.1,36.15,3,2,2,3043424,2025-08-08,2025-08-26,auto,5000000,0.6086848
2495961188989685,0,1,73,F,RS001,N39.0,57.98,3,3,3,625413,2025-01-08,2025-08-26,auto,2200000,0.28427863636363637
0670006354699483,1,0,80,F,RS001,E11,99.10,2,4,1,1854535,2024-09-14,2025-08-26,auto,2500000,0.741814
4701448618730918,0,0,32,M,RS005,Z00.0,93.99,1,1,0,4126996,2025-02-06,2025-08-26,auto,700000,5.895708571428571
9601782874278555,1,1,87,M,RS009,J18.9,93.94,1,2,2,9528304,2025-08-18,2025-08-26,auto,4200000,2.2686438095238097
5004475421880959,1,1,76,F,RS003,I25.1,36.15,2,2,2,1922186,2024-12-03,2025-08-26,manual,5000000,0.3844372
8578198583685839,1,1,27,F,RS004,M54.5,93.39,3,2,1,5232530,2025-04-22,2025-08-26,manual,1800000,2.9069611111111113
6486974534734204,1,1,69,M,RS001,K21.0,45.16,2,2,1,1790831,2025-01-30,2025-08-26,auto,1400000,1.279165
4776965480262103,0,1,44,F,RS004,I10,99.04,1,1,5,721211,2024-12-19,2025-08-26,manual,2000000,0.3606055
3727989503261230,1,1,82,M,RS004,K29.7,45.16,3,4,0,1485205,2024-12-11,2025-08-26,auto,1700000,0.87365
8054090674153817,1,0,62,M,RS001,H25.9,13.4,2,3,0,2050555,2024-11-28,2025-08-26,manual,7500000,0.27340733333333334
8746775700561102,1,1,22,M,RS003,K21.0,45.16,3,2,1,8308106,2024-10-14,2025-08-26,auto,1400000,5.934361428571429
9357512784816124,0,1,58,F,RS010,H25.9,13.1,3,3,0,3091778,2024-03-27,2025-08-26,manual,7500000,0.41223706666666665
2131102586672195,1,1,77,F,RS002,Z34.0,73.0,1,3,2,8326097,2025-08-21,2025-08-26,manual,800000,10.40762125
7039627128182909,1,1,7,M,RS001,Z00.0,93.99,2,4,0,6349872,2025-01-07,2025-08-26,auto,700000,9.071245714285714
1508223826555396,1,1,79,F,RS004,E11,99.10,2,1,0,1085895,2025-06-11,2025-08-26,manual,2500000,0.434358
1505327285243202,0,0,15,F,RS004,I10,99.04,2,1,2,2223353,2025-06-09,2025-08-26,auto,2000000,1.1116765
4924563452745917,1,0,76,F,RS007,E66.9,99.28,3,4,1,7656500,2024-11-08,2025-08-26,manual,1000000,7.6565
1508223826555396,1,1,79,F,RS004,E11,99.10,1,1,3,9795206,2024-05-08,2025-08-27,manual,2500000,3.9180824
9572252825974371,0,1,49,F,RS008,M54.5,93.39,1,1,0,2477066,2025-06-27,2025-08-27,auto,1800000,1.3761477777777777
5350968252973234,0,1,65,F,RS007,K29.7,45.16,1,4,1,6994117,2024-12-03,2025-08-27,manual,1700000,4.114186470588235
8943195251932499,0,0,29,M,RS010,Z03.8,93.91,2,1,0,1577932,2025-04-25,2025-08-27,auto,1200000,1.3149433333333334
3998183439919436,1,0,83,M,RS007,K29.7,45.16,2,2,1,4452281,2024-08-12,2025-08-27,manual,1700000,2.6189888235294116
3339973951529335,1,1,83,F,RS004,A09,45.23,2,3,0,2565011,2025-03-08,2025-08-27,auto,1300000,1.9730853846153846
4403284524118245,0,0,59,M,RS010,I25.1,99.24,2,3,3,3567300,2024-09-30,2025-08-27,auto,5000000,0.71346
7496555218540138,1,1,69,M,RS008,K29.7,45.16,1,3,0,1370002,2025-08-13,2025-08-27,manual,1700000,0.8058835294117647
3960607785323860,1,1,65,F,RS001,J18.9,96.04,1,4,3,964777,2025-08-13,2025-08-27,auto,4200000,0.22970880952380954
0356505159155425,1,0,74,M,RS005,A09,45.23,1,3,1,1655618,2024-04-12,2025-08-27,manual,1300000,1.2735523076923077
3309376725095970,1,1,49,M,RS009,Z00.0,93.99,3,1,0,9616060,2025-07-30,2025-08-27,auto,700000,13.737228571428572
2291642173917775,0,1,75,F,RS002,I25.1,36.15,2,1,2,1910755,2024-08-07,2025-08-27,manual,5000000,0.382151
8433157679439861,1,1,70,F,RS001,Z03.8,93.91,1,1,1,3688332,2025-02-14,2025-08-27,auto,1200000,3.07361
0470504238383863,1,1,13,M,RS005,M54.5,93.39,1,1,1,7989523,2025-04-02,2025-08-27,manual,1800000,4.4386238888888885
2206487531427005,1,0,90,M,RS001,Z00.0,93.99,1,3,0,4182777,2025-04-02,2025-08-27,auto,700000,5.975395714285714
6805202621952470,1,1,57,M,RS001,J18.9,93.94,3,1,0,6216941,2025-08-01,2025-08-27,auto,4200000,1.4802240476190476
5791777114261611,1,0,90,F,RS003,A09,45.23,3,1,2,1347503,2025-06-19,2025-08-27,auto,1300000,1.0365407692307693
1927186885164968,0,1,38,F,RS001,I10,99.04,2,4,3,4210188,2025-08-13,2025-08-27,auto,2000000,2.105094
6672381129694723,1,1,8,F,RS007,M54.5,93.39,2,1,0,3714017,2024-04-29,2025-08-27,auto,1800000,2.0633427777777777
9347210202087893,0,1,13,F,RS004,K29.7,45.16,1,1,2,7434600,2025-08-12,2025-08-27,auto,1700000,4.373294117647059
4818058220758163,1,1,51,F,RS009,J45.9,93.96,1,3,0,3235600,2024-09-03,2025-08-27,auto,2300000,1.406782608695652
6427726418346997,1,0,62,M,RS005,N39.0,57.98,2,4,0,1741396,2024-11-12,2025-08-27,auto,2200000,0.7915436363636363
1828085982130590,1,0,35,F,RS010,K29.7,45.16,1,1,3,8619193,2025-08-13,2025-08-27,auto,1700000,5.070113529411764
8323820778376259,1,1,48,M,RS005,Z34.0,73.0,2,1,2,3132051,2025-02-10,2025-08-27,auto,800000,3.91506375
1177206678366892,1,1,15,M,RS008,Z00.0,93.99,2,1,0,1604679,2025-04-08,2025-08-27,auto,700000,2.2923985714285715
1781439000433190,1,1,15,F,RS001,H25.9,13.5,3,1,1,980719,2024-12-20,2025-08-27,auto,7500000,0.13076253333333332
1513790145967014,1,1,69,F,RS007,Z34.0,73.0,1,3,1,7864455,2024-04-06,2025-08-28,manual,800000,9.83056875
7477783794640225,1,1,50,M,RS002,A09,45.23,1,1,1,2665193,2024-11-14,2025-08-28,manual,1300000,2.0501484615384618
1647419784293670,1,1,45,F,RS002,A09,45.23,1,3,3,4849777,2025-08-04,2025-08-28,auto,1300000,3.7305976923076924
6276042149114715,1,1,3,F,RS003,N39.0,57.94,1,4,3,5980949,2025-06-25,2025-08-28,auto,2200000,2.718613181818182
6565386733207819,1,1,11,F,RS003,I10,99.04,3,3,2,9808457,2025-02-12,2025-08-28,manual,2000000,4.9042285
2889384118607781,1,1,17,F,RS007,J00,93.9,2,3,0,1472960,2025-07-03,2025-08-28,auto,500000,2.94592
9035988094969622,1,1,89,F,RS005,A09,45.23,2,2,1,3740838,2025-07-12,2025-08-28,auto,1300000,2.8775676923076925
1389202829910678,0,1,75,F,RS010,A09,45.23,2,4,1,8795804,2025-08-02,2025-08-28,auto,1300000,6.766003076923077
2923959800363212,1,1,15,M,RS007,J18.9,93.94,3,3,0,4057950,2025-08-22,2025-08-28,auto,4200000,0.9661785714285714
2817608546896121,1,1,28,M,RS006,Z03.8,93.91,2,2,0,4760628,2025-06-07,2025-08-28,manual,1200000,3.96719
5356982010823317,0,1,8,F,RS006,H25.9,13.5,2,3,0,6176769,2025-07-12,2025-08-28,manual,7500000,0.8235692
7182473329903077,1,1,18,M,RS002,N39.0,57.94,2,3,2,8162836,2025-01-24,2025-08-28,manual,2200000,3.71038
1448904801933367,1,0,30,M,RS002,J45.9,93.96,3,1,0,5900700,2025-07-23,2025-08-28,auto,2300000,2.5655217391304346
7888242528122755,1,0,55,M,RS001,J18.9,96.04,2,2,1,9731089,2025-08-21,2025-08-28,auto,4200000,2.3169259523809522
8914872947098870,1,1,14,F,RS006,E11,99.10,2,2,1,2773836,2024-10-25,2025-08-28,manual,2500000,1.1095344
6089237954325745,1,0,5,M,RS003,Z03.8,93.91,1,1,1,578924,2024-03-15,2025-08-28,manual,1200000,0.4824366666666667
7529783699025813,1,1,71,F,RS002,A09,45.23,3,1,0,1942019,2024-06-12,2025-08-28,manual,1300000,1.4938607692307693
6938464959958802,1,1,43,M,RS009,E66.9,99.28,3,4,2,8455345,2025-05-06,2025-08-28,manual,1000000,8.455345
9509101809481881,1,1,2,M,RS004,K29.7,45.16,3,2,2,7412119,2025-04-22,2025-08-28,auto,1700000,4.36007
2464990556319126,1,1,25,M,RS003,E66.9,99.28,1,3,2,1170904,2025-02-25,2025-08-28,manual,1000000,1.170904
8056839724228373,1,1,46,M,RS003,Z00.0,93.99,2,3,0,7248336,2024-07-09,2025-08-28,manual,700000,10.354765714285714
6875639298000694,1,0,1,M,RS001,M54.5,93.39,1,3,0,2125187,2025-07-08,2025-08-28,manual,1800000,1.1806594444444445
8259449936742787,1,1,72,M,RS004,A09,45.23,3,2,2,4679256,2025-05-22,2025-08-28,auto,1300000,3.5994276923076924
2225364991885311,1,1,48,M,RS001,I10,99.04,1,4,2,3914532,2025-06-13,2025-08-28,auto,2000000,1.957266
6269287672880053,1,1,33,F,RS010,H25.9,13.4,2,4,0,2598826,2025-06-11,2025-08-28,manual,7500000,0.34651013333333336
4453182788104814,0,1,48,M,RS009,K21.0,45.16,3,4,1,865443,2025-01-22,2025-08-28,manual,1400000,0.6181735714285714
9160390588799943,1,1,32,F,RS008,K21.0,45.16,3,3,0,736343,2025-08-01,2025-08-28,auto,1400000,0.5259592857142857
1191541857843508,1,1,79,M,RS002,J00,93.9,1,3,0,848698,2025-03-24,2025-08-29,manual,500000,1.697396
3648513951558433,1,1,2,F,RS008,N39.0,57.98,1,1,1,1357002,2025-05-29,2025-08-29,auto,2200000,0.6168190909090909
8858142305852110,1,1,52,M,RS005,Z03.8,93.91,1,1,1,6361791,2025-08-14,2025-08-29,manual,1200000,5.3014925
6112131283865695,1,1,17,F,RS003,Z00.0,93.99,1,3,0,1850567,2025-02-26,2025-08-29,manual,700000,2.6436671428571428
1815559531523603,1,1,57,F,RS006,E66.9,99.28,3,3,3,16811222,2025-04-08,2025-08-29,auto,1000000,7.778166
2905646745646148,1,0,13,M,RS003,R50.9,99.19,1,2,0,3002469,2024-09-28,2025-08-29,manual,1000000,3.002469
8669133342632378,0,1,24,F,RS007,Z34.0,73.0,3,2,1,4295113,2025-04-30,2025-08-29,auto,800000,5.36889125
7832818970023545,1,0,47,M,RS001,Z03.8,93.91,2,1,0,6087739,2025-06-14,2025-08-29,auto,1200000,5.0731158333333335
4527342938448643,1,1,42,F,RS007,I25.1,36.15,3,1,3,7394544,2025-07-11,2025-08-29,manual,5000000,1.4789088
3850239264906869,1,1,6,F,RS006,R10.4,45.23,1,3,0,5078809,2025-06-09,2025-08-29,manual,1200000,4.232340833333334
8510752161319011,1,1,84,F,RS005,O80,72.0,2,4,1,1059431,2025-08-05,2025-08-29,auto,3500000,0.3026945714285714
5519825488340102,1,1,46,F,RS007,E11,99.10,1,2,3,8062654,2024-10-12,2025-08-29,auto,2500000,3.2250616
2053679188407932,1,0,63,F,RS006,I10,99.04,2,4,3,4883815,2024-02-13,2025-08-29,manual,2000000,2.4419075
7818245222117226,1,1,17,F,RS003,I25.1,99.24,2,3,2,1018443,2025-02-25,2025-08-29,auto,5000000,0.2036886
8077570284396444,1,1,67,F,RS004,E11,99.10,3,3,2,6108740,2025-08-14,2025-08-29,auto,2500000,2.443496
2691967737658266,0,1,12,M,RS002,E66.9,99.28,1,1,2,1949553,2024-04-11,2025-08-29,auto,1000000,1.949553
4740569431901294,1,1,17,F,RS003,A09,45.23,1,1,2,8563076,2025-03-14,2025-08-29,auto,1300000,6.586981538461538
2402606470461297,1,0,57,M,RS009,H25.9,13.5,3,1,0,590508,2025-07-23,2025-08-29,manual,7500000,0.0787344
5702219468271551,1,1,81,F,RS009,N39.0,57.98,3,1,2,576130,2025-06-02,2025-08-29,manual,2200000,0.26187727272727274
3153865273685596,1,0,18,M,RS001,K29.7,45.16,3,3,2,8768384,2024-12-28,2025-08-29,manual,1700000,5.15787294117647
0507761649408367,0,1,3,M,RS008,K29.7,45.16,3,3,0,9913806,2025-07-09,2025-08-29,manual,1700000,5.831650588235294
0059702135674460,0,1,84,M,RS007,Z34.0,73.0,2,1,3,7303004,2025-07-29,2025-08-29,manual,800000,9.128755
5982381906123751,1,1,30,M,RS002,K29.7,45.16,1,4,2,3835575,2025-07-11,2025-08-29,manual,1700000,2.256220588235294
5561134190346425,1,1,26,M,RS001,E11,99.10,2,1,1,8616466,2024-10-05,2025-08-29,manual,2500000,3.4465864
5769397812079250,0,1,44,M,RS008,K21.0,45.16,1,1,1,3972899,2025-07-28,2025-08-30,manual,1400000,2.837785
0759329526027876,1,1,47,F,RS001,Z34.0,73.0,3,2,2,8119791,2024-12-30,2025-08-30,manual,800000,10.14973875
8086989462965946,1,1,76,F,RS001,J18.9,93.94,3,4,1,3714348,2025-08-04,2025-08-30,auto,4200000,0.8843685714285714
3975033264938899,1,1,71,M,RS007,J00,93.9,3,2,2,9198698,2024-03-04,2025-08-30,manual,500000,18.397396
1502490653007146,1,1,12,F,RS001,I10,99.04,1,4,5,6327669,2025-07-11,2025-08-30,auto,2000000,3.1638345
2854662884970022,1,0,32,F,RS005,I25.1,99.24,1,3,1,1402107,2025-08-27,2025-08-30,auto,5000000,0.2804214
5124039520614457,1,1,39,F,RS005,O80,72.0,2,4,3,8746877,2025-08-12,2025-08-30,manual,3500000,2.499107714285714
6582997103923122,1,1,9,M,RS009,H25.9,13.5,1,1,0,7313190,2025-08-26,2025-08-30,manual,7500000,0.975092
7564809414736917,1,0,71,F,RS006,J00,93.9,3,3,2,2578029,2025-08-13,2025-08-30,auto,500000,5.156058
3584259371813630,1,0,76,F,RS010,Z34.0,73.0,3,3,2,8434674,2024-01-04,2025-08-30,manual,800000,10.5433425
8282712405092353,1,1,47,M,RS007,Z34.0,73.0,3,1,4,7016079,2024-06-06,2025-08-30,auto,800000,8.77009875
6097853457600696,1,0,43,M,RS008,J00,93.9,1,2,1,2536163,2025-08-09,2025-08-30,manual,500000,5.072326
7818245222117226,1,1,17,F,RS003,I25.1,99.24,2,1,4,3728208,2024-04-15,2025-08-30,manual,5000000,0.7456416
5545316017799861,1,0,8,F,RS008,I25.1,99.24,1,2,7,4977309,2025-07-10,2025-08-30,manual,5000000,0.9954618
9643876977252852,1,0,13,F,RS010,Z03.8,93.91,1,2,0,4414672,2024-07-04,2025-08-30,auto,1200000,3.6788933333333333
9372761545840578,0,1,18,M,RS009,Z00.0,93.99,3,2,0,9522119,2025-08-12,2025-08-30,auto,700000,13.603027142857142
0808443078577059,0,1,69,M,RS006,N39.0,57.98,3,2,3,5646504,2025-03-04,2025-08-30,manual,2200000,2.5665927272727274
1594962103120780,1,1,65,M,RS001,Z34.0,73.0,2,2,2,8919805,2025-02-10,2025-08-30,auto,800000,11.14975625
2131451356655480,1,1,60,M,RS004,Z03.8,93.91,1,2,0,3582747,2025-08-27,2025-08-30,manual,1200000,2.9856225
1206640953745033,1,0,27,M,RS009,I25.1,36.15,2,2,3,7427878,2024-05-29,2025-08-30,manual,5000000,1.4855756
5353799018471819,0,0,6,M,RS003,R50.9,99.19,1,3,0,7778188,2024-07-16,2025-08-30,manual,1000000,7.778188
7198099579289186,1,1,37,M,RS004,R10.4,45.23,1,1,0,9898519,2025-06-17,2025-08-30,manual,1200000,8.248765833333334
9493247457207057,1,1,17,M,RS002,Z34.0,73.0,2,3,2,9304158,2024-11-25,2025-08-30,auto,800000,11.6301975
1605976334267270,1,1,79,F,RS008,H25.9,13.5,2,4,0,447054,2024-04-08,2025-08-30,auto,7500000,0.0596072
6227300849406605,0,1,52,F,RS002,R10.4,87.09,3,2,0,7473940,2024-06-01,2025-08-30,auto,1200000,6.228283333333334
3499567306281678,0,1,66,F,RS002,M54.5,93.39,2,4,0,7972637,2025-08-27,2025-08-30,auto,1800000,4.429242777777778
1632778114375289,0,1,89,M,RS001,N39.0,57.98,3,4,1,4698105,2025-05-23,2025-08-30,manual,2200000,2.1355022727272726
8237345221738966,1,1,29,M,RS001,I25.1,99.24,1,1,3,498668,2025-08-23,2025-08-30,manual,5000000,0.0997336
3931770696109976,1,0,19,M,RS004,E11,99.10,2,3,1,3377681,2024-11-08,2025-08-30,manual,2500000,1.3510724
2993478058555634,1,1,39,F,RS010,N39.0,57.94,1,3,2,6268064,2025-01-10,2025-08-30,manual,2200000,2.84912
5443030136654180,1,1,61,M,RS002,K21.0,45.16,1,4,1,2520800,2024-05-27,2025-08-30,manual,1400000,1.8005714285714285
4252525526263830,0,1,53,F,RS005,A09,45.23,2,3,2,2449243,2025-07-28,2025-09-01,auto,1300000,1.8840330769230769
8825307890787648,1,1,46,F,RS004,I10,99.04,1,2,3,5391966,2025-03-24,2025-09-01,auto,2000000,2.695983
4659131653908156,1,0,58,F,RS004,M54.5,93.39,1,4,0,4182898,2025-06-02,2025-09-01,auto,1800000,2.3238322222222223
9544822182508197,1,0,2,M,RS002,H25.9,13.5,3,4,0,1402721,2025-07-26,2025-09-01,manual,7500000,0.18702946666666667
0260762035188301,1,0,53,M,RS008,Z34.0,73.0,3,3,3,8241060,2025-08-13,2025-09-01,manual,800000,10.301325
3671485102522417,1,1,76,F,RS008,R10.4,87.09,2,1,0,9932350,2024-03-21,2025-09-01,auto,1200000,8.276958333333333
1505327285243202,0,0,15,F,RS004,I10,99.04,2,1,3,3956207,2025-08-11,2025-09-01,auto,2000000,1.9781035
9977956565515420,1,1,64,F,RS001,J45.9,93.96,1,3,0,8130814,2025-06-26,2025-09-01,auto,2300000,3.5351365217391306
9177255086043773,1,1,33,F,RS009,J18.9,93.94,3,2,0,3803307,2025-02-08,2025-09-01,auto,4200000,0.9055492857142857
7202313982194516,0,0,38,F,RS010,I10,99.04,3,2,3,2580760,2025-03-29,2025-09-01,manual,2000000,1.29038
7412739805401343,1,0,36,F,RS005,Z34.0,73.0,3,2,2,1637108,2024-11-27,2025-09-01,manual,800000,2.046385
8807876339093834,1,1,31,F,RS001,O80,72.0,2,3,2,8771448,2025-07-14,2025-09-01,auto,3500000,2.506128
0717704436007496,1,0,67,M,RS006,M54.5,93.39,3,3,0,6569468,2024-10-04,2025-09-01,manual,1800000,3.6497044444444446
3448410486653596,1,1,22,M,RS008,N39.0,57.94,2,3,0,2311907,2024-02-27,2025-09-01,auto,2200000,1.0508668181818182
7913795062628133,0,1,65,F,RS009,E66.9,99.28,1,4,2,4555591,2024-07-05,2025-09-01,manual,1000000,4.555591
6227300849406605,0,1,52,F,RS002,R10.4,45.23,2,1,1,1333148,2024-12-14,2025-09-01,manual,1200000,1.1109566666666666
8305563943499235,0,0,52,F,RS003,Z00.0,93.99,3,4,0,8572768,2024-02-23,2025-09-01,auto,700000,12.246811428571428
7297573114568543,1,1,24,M,RS009,I10,99.04,3,1,1,2420247,2025-05-12,2025-09-01,auto,2000000,1.2101235
1179721150512224,1,1,60,F,RS003,I10,99.04,2,1,4,4857252,2025-05-22,2025-09-01,manual,2000000,2.428626
3245684556103441,0,0,54,F,RS003,E66.9,99.28,3,2,1,4433809,2024-04-18,2025-09-01,auto,1000000,4.433809
5130185890995689,1,1,56,F,RS002,R50.9,99.19,2,1,0,6394308,2024-08-30,2025-09-01,auto,1000000,6.394308
5870719206323855,1,1,35,M,RS002,Z03.8,93.91,3,1,0,2966998,2025-06-02,2025-09-01,auto,1200000,2.4724983333333332
6071469708144548,1,0,32,F,RS004,K21.0,45.16,2,3,1,4189770,2024-01-18,2025-09-01,auto,1400000,2.992692857142857
5018882146372777,1,0,26,F,RS005,E66.9,99.28,1,2,0,2885212,2025-02-14,2025-09-01,manual,1000000,2.885212
2311733752635927,1,1,22,M,RS002,M54.5,93.39,2,1,1,818774,2025-05-29,2025-09-01,auto,1800000,0.45487444444444447
0699936061516634,1,1,19,M,RS003,I25.1,99.24,1,4,3,7506508,2024-05-29,2025-09-01,manual,5000000,1.5013016
6806491483796398,1,1,57,F,RS008,R50.9,99.19,1,3,0,6655556,2025-01-29,2025-09-02,manual,1000000,6.655556
0055571247379283,0,1,2,M,RS006,J00,93.9,1,3,1,1000457,2025-01-09,2025-09-02,manual,500000,2.000914
6247945305457062,1,1,85,F,RS007,O80,72.0,3,2,2,7772685,2024-02-08,2025-09-02,auto,3500000,2.220767142857143
0624647003540733,1,0,69,F,RS002,E66.9,99.28,2,2,4,1376438,2024-06-12,2025-09-02,auto,1000000,1.376438
5353799018471819,0,0,6,M,RS003,A09,45.23,1,4,0,3155301,2025-01-21,2025-09-02,auto,1300000,2.4271546153846155
5268194515341869,1,1,37,M,RS001,J00,93.9,2,2,1,6212171,2025-06-18,2025-09-02,manual,500000,12.424342
8821019473111585,0,1,41,F,RS008,O80,72.0,3,3,4,5442386,2025-06-02,2025-09-02,manual,3500000,1.5549674285714286
3344512280938618,1,0,72,F,RS005,M54.5,93.39,1,3,0,587304,2024-01-23,2025-09-02,manual,1800000,0.32628
7977123625014509,0,1,49,F,RS007,E66.9,99.28,3,4,2,2484351,2025-04-23,2025-09-02,manual,1000000,2.484351
7039627128182909,1,1,7,M,RS001,Z00.0,93.99,1,1,0,4868109,2025-08-21,2025-09-02,manual,700000,6.954441428571428
1115863278981326,1,1,31,F,RS006,Z34.0,73.0,1,2,2,3668933,2025-07-10,2025-09-02,manual,800000,4.58616625
5353799018471819,0,0,6,M,RS003,R10.4,87.09,3,4,0,1127909,2025-05-17,2025-09-02,auto,1200000,0.9399241666666667
5882313632040384,0,1,13,M,RS010,J45.9,93.96,1,2,2,8477719,2024-09-26,2025-09-02,manual,2300000,3.685964782608696
1066832594969276,0,1,56,M,RS005,K29.7,45.16,2,1,0,7613644,2025-06-20,2025-09-02,manual,1700000,4.478614117647059
0015577376411542,1,1,30,M,RS004,N39.0,57.98,2,4,0,6224525,2025-05-27,2025-09-02,manual,2200000,2.8293295454545455
6092388103827119,1,1,88,F,RS002,H25.9,13.4,1,3,0,8463030,2025-06-23,2025-09-02,auto,7500000,1.128404
9277062180038058,1,1,39,F,RS003,J00,93.9,3,1,0,9353024,2025-08-01,2025-09-02,auto,500000,18.706048
7052178650490800,1,1,17,F,RS003,J18.9,96.04,2,3,0,7488393,2024-05-21,2025-09-02,auto,4200000,1.7829507142857144
8459165639829967,1,0,28,M,RS004,N39.0,57.94,2,3,0,3825351,2025-02-13,2025-09-02,auto,2200000,1.738795909090909
8299322694051952,1,1,55,M,RS009,O80,72.0,2,3,3,4913645,2025-07-03,2025-09-02,auto,3500000,1.4038985714285714
7546063553438211,1,1,50,M,RS001,J18.9,93.94,1,2,2,5321409,2024-08-17,2025-09-02,manual,4200000,1.267002142857143
1341920056165040,1,1,84,F,RS004,M54.5,93.39,1,4,0,3924669,2024-06-11,2025-09-02,manual,1800000,2.180371666666667
6663496472719317,1,0,75,F,RS008,N39.0,57.94,2,1,2,6523999,2025-07-08,2025-09-02,auto,2200000,2.9654540909090907
4864750948347430,0,0,26,M,RS002,J00,93.9,2,4,0,4337768,2024-11-01,2025-09-02,auto,500000,8.675536
3420702734844499,1,1,65,M,RS004,K21.0,45.16,1,2,3,7069215,2024-02-09,2025-09-02,auto,1400000,5.049439285714286
7915765655931487,0,1,80,M,RS010,R50.9,99.19,3,4,0,1042535,2024-12-17,2025-09-02,auto,1000000,1.042535
8942003607029330,1,1,10,F,RS005,J45.9,93.96,3,3,2,2692010,2025-07-12,2025-09-02,auto,2300000,1.1704391304347825
2174596819423931,1,0,2,M,RS004,R10.4,45.23,2,2,0,8633838,2025-08-30,2025-09-02,auto,1200000,7.194865
1513790145967014,1,1,69,F,RS007,Z34.0,73.0,1,4,1,8585408,2025-04-28,2025-09-02,auto,800000,10.73176
1798236253049940,1,1,80,F,RS002,A09,45.23,3,1,0,9103433,2025-07-08,2025-09-02,auto,1300000,7.002640769230769
0062217216638737,1,1,90,M,RS006,Z34.0,73.0,3,2,4,4952372,2024-10-02,2025-09-02,manual,800000,6.190465
8957368642744519,1,1,39,M,RS010,J45.9,93.96,2,2,0,3745307,2025-07-26,2025-09-02,auto,2300000,1.628394347826087
2288138832112223,1,0,72,M,RS010,K29.7,45.16,3,3,1,5955412,2025-02-19,2025-09-02,manual,1700000,3.5031835294117646
1513790145967014,1,1,69,F,RS007,O80,72.0,3,3,2,1271008,2025-06-05,2025-09-02,manual,3500000,0.36314514285714283
3986029374732558,1,0,73,M,RS008,R10.4,87.09,2,3,0,5580361,2024-08-20,2025-09-03,auto,1200000,4.6503008333333336
9369774358721116,1,0,80,F,RS004,N39.0,57.98,1,4,2,4769075,2025-07-10,2025-09-03,auto,2200000,2.1677613636363637
7531794404588024,0,0,22,M,RS007,I25.1,36.15,2,1,3,3312748,2024-11-15,2025-09-03,auto,5000000,0.6625496
3055450589900843,1,0,23,F,RS004,R50.9,99.19,2,2,0,1305163,2024-11-29,2025-09-03,auto,1000000,1.305163
8671513348445146,1,0,40,F,RS004,K29.7,45.16,1,4,2,5461731,2025-02-06,2025-09-03,manual,1700000,3.212782941176471
6600666742590162,1,1,20,M,RS003,E66.9,99.28,1,2,1,6397523,2025-06-13,2025-09-03,auto,1000000,6.397523
9873752149437503,1,0,42,F,RS002,Z00.0,93.99,2,3,0,7616824,2025-08-06,2025-09-03,manual,700000,10.881177142857142
0158332536779803,1,1,73,F,RS002,E66.9,99.28,3,3,4,4129310,2025-05-12,2025-09-03,auto,1000000,4.12931
0709122828398934,1,1,45,F,RS007,K21.0,45.16,3,2,0,9480093,2025-08-21,2025-09-03,manual,1400000,6.771495
7162921781011357,1,0,49,F,RS003,O80,72.0,2,3,3,2414708,2025-06-23,2025-09-03,auto,3500000,0.6899165714285714
7341606424959871,0,1,70,M,RS005,J00,93.9,1,4,0,5301164,2025-07-03,2025-09-03,manual,500000,10.602328
8890458572613811,0,1,44,F,RS001,J00,93.9,2,3,1,2725565,2025-08-20,2025-09-03,manual,500000,5.45113
9268505306861928,0,1,45,M,RS008,K29.7,45.16,3,3,1,5671157,2025-04-21,2025-09-03,manual,1700000,3.335974705882353
5677715415216966,1,1,23,M,RS002,A09,45.23,1,4,1,5813809,2025-06-10,2025-09-03,auto,1300000,4.472160769230769
3243438170546401,1,1,64,F,RS006,E66.9,99.28,2,1,1,7298147,2024-03-12,2025-09-03,auto,1000000,7.298147
8148903064875444,1,1,9,F,RS002,I25.1,99.24,1,4,3,3380381,2025-03-05,2025-09-03,manual,5000000,0.6760762
5999538563978468,1,1,33,M,RS006,Z03.8,93.91,2,2,0,1457910,2025-01-22,2025-09-03,manual,1200000,1.214925
6972176147787868,0,0,4,F,RS008,J45.9,93.96,1,1,1,7301952,2024-03-29,2025-09-03,manual,2300000,3.174761739130435
4359874723306846,1,1,85,M,RS010,O80,72.0,1,4,1,5752009,2025-04-10,2025-09-03,auto,3500000,1.6434311428571429
7121054973544890,0,1,35,M,RS004,R10.4,87.09,2,1,0,7772233,2024-02-17,2025-09-03,manual,1200000,6.476860833333333
1666226553338808,0,1,27,F,RS003,J45.9,93.96,1,4,0,8087747,2024-11-06,2025-09-03,manual,2300000,3.516411739130435
4410730493672695,1,1,62,M,RS009,I25.1,36.15,1,1,1,7858636,2025-05-20,2025-09-03,auto,5000000,1.5717272
2650256788656680,1,1,17,F,RS003,A09,45.23,2,2,0,9595552,2025-02-18,2025-09-03,auto,1300000,7.381193846153846
0113611340144602,1,1,89,F,RS001,R50.9,99.19,3,2,0,9858071,2025-01-28,2025-09-03,manual,1000000,9.858071
0241489364650045,1,0,64,F,RS009,K29.7,45.16,2,1,0,1801294,2025-02-27,2025-09-03,manual,1700000,1.0595847058823529
2905646745646148,1,0,13,M,RS003,R50.9,99.19,2,1,0,9815611,2024-06-06,2025-09-03,manual,1000000,9.815611
8333345912105993,1,0,76,M,RS003,M54.5,93.39,1,2,0,6588261,2024-12-03,2025-09-03,auto,1800000,3.660145
9575395982033969,0,1,56,F,RS005,E11,99.10,3,4,3,4200025,2025-06-28,2025-09-03,manual,2500000,1.68001
5936992247522874,1,1,44,M,RS002,H25.9,13.1,1,3,0,8379109,2025-01-17,2025-09-03,manual,7500000,1.1172145333333334
2661855889819557,1,1,69,F,RS005,J18.9,96.04,1,2,0,1301532,2024-07-04,2025-09-04,manual,4200000,0.3098885714285714
7052178650490800,1,1,17,F,RS003,J18.9,93.94,3,2,0,9311591,2025-07-14,2025-09-04,auto,4200000,2.217045476190476
5019660706350533,0,1,70,F,RS010,R50.9,99.19,3,4,0,3355781,2024-11-08,2025-09-04,manual,1000000,3.355781
7626748403754406,1,1,43,F,RS001,Z34.0,73.0,3,4,2,1146298,2025-08-14,2025-09-04,auto,800000,1.4328725
8493060587390848,0,0,36,F,RS001,O80,72.0,2,2,3,9985377,2025-07-19,2025-09-04,auto,3500000,2.852964857142857
3429499705984665,1,1,35,F,RS004,E66.9,99.28,3,1,1,9735484,2025-03-11,2025-09-04,manual,1000000,9.735484
6368083962193216,0,1,85,M,RS004,J45.9,93.96,2,2,0,9412238,2025-03-08,2025-09-04,manual,2300000,4.092277391304348
2377252093917046,0,1,3,F,RS006,H25.9,13.1,1,1,1,8708671,2024-05-13,2025-09-04,auto,7500000,1.1611561333333333
2509494660329666,1,1,20,M,RS010,K21.0,45.16,2,1,0,3444510,2024-11-29,2025-09-04,manual,1400000,2.460364285714286
8192619147946310,1,1,63,F,RS001,K29.7,45.16,2,1,2,2827995,2025-03-27,2025-09-04,auto,1700000,1.6635264705882353
0365877148380329,1,1,25,M,RS004,K21.0,45.16,3,1,1,7320681,2025-05-02,2025-09-04,manual,1400000,5.229057857142857
6672381129694723,1,1,8,F,RS004,M54.5,93.39,2,2,0,5549448,2025-02-10,2025-09-04,manual,1800000,3.0830266666666666
3935392790190888,1,1,75,M,RS009,Z03.8,93.91,3,4,0,9928671,2025-04-16,2025-09-04,auto,1200000,8.2738925
1426163359843708,1,1,18,F,RS004,E11,99.10,1,4,2,2747509,2025-08-08,2025-09-04,auto,2500000,1.0990036
6222322694942392,1,1,16,M,RS008,A09,45.23,1,4,0,6632153,2024-01-26,2025-09-04,manual,1300000,5.101656153846154
8446090480072456,1,1,40,M,RS003,R50.9,99.19,3,3,0,9340994,2025-08-18,2025-09-04,auto,1000000,9.340994
9779138440140421,0,1,64,F,RS007,J18.9,96.04,2,1,0,6027748,2024-02-03,2025-09-04,manual,4200000,1.4351780952380953
6097853457600696,1,0,43,M,RS008,J18.9,93.94,2,3,0,422407,2024-04-09,2025-09-04,auto,4200000,0.10057309523809524
5387759687669314,0,0,84,M,RS007,O80,72.0,2,1,2,943683,2025-06-16,2025-09-04,auto,3500000,0.2696237142857143
0717704436007496,1,0,67,M,RS006,M54.5,93.39,3,2,0,8321963,2025-03-08,2025-09-04,manual,1800000,4.623312777777778
8192619147946310,1,1,63,F,RS001,K29.7,45.16,1,2,0,6088736,2025-02-20,2025-09-04,auto,1700000,3.5816094117647057
0773703208753687,1,1,77,F,RS002,I25.1,36.15,2,3,3,3647824,2025-07-12,2025-09-04,manual,5000000,0.7295648
5922076436130139,1,1,75,F,RS009,K29.7,45.16,2,4,0,9430096,2025-07-31,2025-09-04,manual,1700000,5.547115294117647
8548188175771481,1,0,4,M,RS004,Z03.8,93.91,3,4,0,7540387,2025-08-27,2025-09-04,auto,1200000,6.283655833333333
1796665644423815,1,1,8,F,RS004,I10,99.04,1,3,3,1029110,2024-04-10,2025-09-04,auto,2000000,0.514555
9703640857687958,1,1,45,M,RS001,I25.1,99.24,1,2,2,7011144,2024-04-08,2025-09-04,manual,5000000,1.4022288
7861852016437795,0,1,21,M,RS005,I10,99.04,1,4,1,7705549,2024-10-01,2025-09-05,manual,2000000,3.8527745
5961489387224392,1,0,20,M,RS007,Z00.0,93.99,1,1,0,6223895,2024-03-28,2025-09-05,auto,700000,8.891278571428572
2845381209385822,1,0,10,M,RS002,O80,72.0,3,2,2,7002210,2025-01-07,2025-09-05,auto,3500000,2.0006314285714284
3678197704238312,1,1,13,M,RS010,K21.0,45.16,2,1,0,5713341,2025-04-09,2025-09-05,manual,1400000,4.080957857142857
1678744810979104,0,0,83,M,RS009,R10.4,45.23,3,1,0,7474735,2025-04-23,2025-09-05,auto,1200000,6.228945833333333
9781273842889154,1,1,77,M,RS009,Z34.0,73.0,3,4,2,4716564,2025-06-26,2025-09-05,manual,800000,5.895705
9177255086043773,1,1,33,F,RS009,J45.9,93.96,3,2,0,7744521,2024-09-21,2025-09-05,auto,2300000,3.367183043478261
1177206678366892,1,1,15,M,RS008,Z00.0,93.99,2,4,0,2173160,2024-12-31,2025-09-05,manual,700000,3.1045142857142856
5514692385708093,1,1,36,M,RS008,K29.7,45.16,2,3,2,6773277,2025-08-02,2025-09-05,auto,1700000,3.9842805882352943
3391887873659570,0,1,64,F,RS006,Z03.8,93.91,2,3,0,600031,2024-04-26,2025-09-05,auto,1200000,0.5000258333333333
6997948331337034,0,1,75,M,RS009,I25.1,36.15,1,4,3,8790901,2025-07-29,2025-09-05,manual,5000000,1.7581802
9004069315388532,1,1,31,M,RS008,J00,93.9,1,4,0,7428865,2025-07-23,2025-09-05,manual,500000,14.85773
5335053585479344,1,0,4,F,RS010,H25.9,13.5,1,4,0,8019102,2025-07-31,2025-09-05,auto,7500000,1.0692136
8813305509883461,1,0,3,M,RS003,H25.9,13.4,1,1,0,8350594,2025-07-26,2025-09-05,auto,7500000,1.1134125333333333
1634455937541773,0,1,12,F,RS004,E66.9,99.28,1,1,2,7315725,2025-02-03,2025-09-05,auto,1000000,7.315725
3187365129560139,1,0,59,M,RS008,M54.5,93.39,1,2,0,8176260,2025-04-01,2025-09-05,manual,1800000,4.542366666666667
5395427507254849,1,1,84,M,RS001,I10,99.04,1,1,2,3504852,2025-08-07,2025-09-05,auto,2000000,1.752426
6927281934258722,0,1,43,F,RS004,J45.9,93.96,3,2,1,787339,2025-04-11,2025-09-05,auto,2300000,0.3423213043478261
0392405087961834,1,0,9,F,RS005,E66.9,99.28,3,3,2,6715756,2025-07-31,2025-09-05,manual,1000000,6.715756
2316414926065218,1,0,14,M,RS009,J18.9,93.94,1,2,0,8329017,2025-01-16,2025-09-05,manual,4200000,1.9830992857142857
2959587947260739,1,1,79,M,RS009,E66.9,99.28,3,1,2,6791425,2025-08-19,2025-09-05,auto,1000000,6.791425
0120678118987099,1,1,59,F,RS001,Z00.0,93.99,3,4,2,6632736,2025-08-05,2025-09-05,auto,700000,9.475337142857143
8574599827098542,1,1,38,F,RS010,J18.9,93.94,1,1,1,4749409,2025-04-30,2025-09-05,manual,4200000,1.1308116666666668
4747676997057084,1,1,70,F,RS004,E11,99.10,2,2,1,9765367,2025-07-16,2025-09-05,auto,2500000,3.9061468
6967751291864984,1,1,6,M,RS002,E66.9,99.28,1,1,1,3213073,2024-11-04,2025-09-05,manual,1000000,3.213073
1179721150512224,1,1,60,F,RS003,I25.1,99.24,3,1,2,3885063,2025-08-25,2025-09-06,manual,5000000,0.7770126
3840187582612808,1,0,16,F,RS010,J18.9,96.04,1,1,0,1912530,2025-07-07,2025-09-06,manual,4200000,0.4553642857142857
5472661636036569,1,0,62,M,RS007,Z34.0,73.0,2,4,2,5588312,2025-03-29,2025-09-06,manual,800000,6.98539
2464990556319126,1,1,25,M,RS003,E66.9,99.28,1,4,1,831051,2024-01-09,2025-09-06,manual,1000000,0.831051
5386067491162115,0,1,19,F,RS005,J00,93.9,2,4,2,9848542,2024-12-10,2025-09-06,auto,500000,19.697084
0387800063120347,0,1,87,F,RS007,R50.9,99.19,2,1,0,5003012,2025-07-25,2025-09-06,auto,1000000,5.003012
1484990429403137,1,1,40,F,RS007,E66.9,99.28,1,1,0,2624106,2025-03-29,2025-09-06,manual,1000000,2.624106
2226247245905893,1,1,65,F,RS007,K21.0,45.16,2,1,0,6829819,2025-08-14,2025-09-06,auto,1400000,4.878442142857143
4304267915650959,1,1,23,M,RS005,H25.9,13.4,2,1,0,8280279,2025-02-14,2025-09-06,manual,7500000,1.1040372
4521346844804966,1,1,10,M,RS007,K21.0,45.16,1,1,1,9051791,2025-07-11,2025-09-06,auto,1400000,6.465565
4675563490293494,1,1,90,F,RS007,E11,99.10,1,1,1,9489362,2024-10-29,2025-09-06,auto,2500000,3.7957448
7626748403754406,1,1,43,F,RS001,Z34.0,73.0,3,3,3,6467641,2025-04-23,2025-09-06,manual,800000,8.08455125
4570723345505603,1,1,41,F,RS002,J18.9,93.94,2,1,0,9774710,2025-07-31,2025-09-06,auto,4200000,2.327311904761905
7585247701200370,0,1,12,F,RS010,K29.7,45.16,1,2,2,4855523,2024-07-12,2025-09-06,manual,1700000,2.85619
4776965480262103,0,1,44,F,RS004,I10,99.04,1,4,2,3889802,2024-06-28,2025-09-06,manual,2000000,1.944901
2879367754077574,1,1,21,M,RS002,R50.9,99.19,1,1,2,3164180,2025-08-05,2025-09-06,manual,1000000,3.16418
0731313064084018,1,1,45,F,RS005,A09,45.23,1,1,0,8658604,2025-02-03,2025-09-06,manual,1300000,6.660464615384615
9284902957427888,1,1,9,F,RS005,Z00.0,93.99,3,3,1,3238730,2025-08-22,2025-09-06,auto,700000,4.626757142857143
9934677224493339,1,0,73,F,RS007,J18.9,93.94,2,2,1,5519923,2025-01-13,2025-09-06,auto,4200000,1.314267380952381
6359534663487435,1,0,76,F,RS001,J45.9,93.96,3,2,2,8461466,2024-03-27,2025-09-06,manual,2300000,3.6788982608695653
4693723671941790,1,1,55,F,RS010,N39.0,57.98,3,4,1,8383232,2024-12-23,2025-09-06,auto,2200000,3.81056
1977629979314827,1,1,51,F,RS005,K21.0,45.16,2,4,3,5036475,2025-03-12,2025-09-06,auto,1400000,3.597482142857143
9310857938702230,1,1,60,M,RS001,A09,45.23,2,2,0,1931448,2024-12-04,2025-09-06,auto,1300000,1.4857292307692307
1678744810979104,0,0,83,M,RS009,R10.4,45.23,1,2,0,868449,2025-08-09,2025-09-06,manual,1200000,0.7237075
5388284984400341,1,1,20,M,RS009,J45.9,93.96,3,1,0,8403213,2024-07-15,2025-09-06,auto,2300000,3.6535708695652174
0129286053114646,1,1,13,F,RS003,H25.9,13.5,1,4,0,1960881,2025-01-17,2025-09-06,auto,7500000,0.2614508
0171165777125727,1,1,11,F,RS003,R50.9,99.19,3,3,0,5516525,2025-08-18,2025-09-06,manual,1000000,5.516525
6020143639213139,1,0,81,F,RS008,R50.9,99.19,2,1,0,608626,2025-05-28,2025-09-06,manual,1000000,0.608626
9899947404723017,1,1,20,F,RS009,J00,93.9,3,3,0,4458277,2025-07-15,2025-09-08,manual,500000,8.916554
1543134656282455,1,1,68,F,RS001,I25.1,99.24,1,4,4,5355509,2025-06-30,2025-09-08,auto,5000000,1.0711018
8707395504446685,1,1,50,M,RS003,K29.7,45.16,2,3,0,1537858,2024-02-29,2025-09-08,auto,1700000,0.9046223529411764
9936675200751207,0,1,84,M,RS003,K29.7,45.16,2,4,0,5037621,2025-05-15,2025-09-08,manual,1700000,2.9633064705882353
6870740317422122,1,1,58,M,RS001,I25.1,36.15,3,1,1,5153025,2024-05-21,2025-09-08,auto,5000000,1.030605
2067327823551775,1,1,40,F,RS008,R10.4,45.23,3,3,0,4139256,2025-05-26,2025-09-08,manual,1200000,3.44938
1710127384618966,1,0,38,M,RS007,A09,45.23,1,3,0,5129361,2025-07-01,2025-09-08,manual,1300000,3.9456623076923076
6500701680322492,1,1,45,M,RS010,E11,99.10,2,2,1,3039368,2025-08-27,2025-09-08,auto,2500000,1.2157472
7204848919566770,1,0,55,F,RS004,M54.5,93.39,1,3,0,1727698,2025-01-02,2025-09-08,manual,1800000,0.9598322222222222
0780750172423928,0,1,44,M,RS003,O80,72.0,1,3,3,4453831,2025-09-12,2025-09-14,auto,3500000,1.2725231428571429
0830934471641562,1,1,70,F,RS003,O80,72.0,3,2,3,9970646,2025-02-20,2025-09-08,auto,3500000,2.848756
5726444905695800,1,1,54,M,RS007,O80,72.0,3,2,2,6971551,2025-08-29,2025-09-08,auto,3500000,1.9918717142857143
7371960000649431,1,1,63,F,RS001,Z03.8,93.91,1,4,0,5943858,2024-01-01,2025-09-08,auto,1200000,4.953215
2328601704311415,1,1,40,F,RS006,M54.5,93.39,3,2,0,6140592,2025-05-10,2025-09-08,auto,1800000,3.41144
5585831964143221,1,1,51,M,RS010,K21.0,45.16,2,1,3,2023863,2025-08-21,2025-09-08,auto,1400000,1.4456164285714286
9642444787991293,1,1,50,M,RS001,Z00.0,93.99,1,1,0,7880430,2025-04-24,2025-09-08,auto,700000,11.257757142857143
1115863278981326,1,1,31,F,RS006,Z34.0,73.0,3,2,2,2768290,2024-01-27,2025-09-08,auto,800000,3.4603625
9268457040179281,1,1,21,F,RS001,E11,99.10,3,1,2,9709125,2025-08-06,2025-09-08,auto,2500000,3.88365
8424988033885567,1,0,25,M,RS001,J45.9,93.96,2,4,3,3259215,2025-05-14,2025-09-08,manual,2300000,1.41705
9279263899401610,0,1,37,F,RS007,M54.5,93.39,2,2,0,2771350,2024-11-25,2025-09-08,auto,1800000,1.5396388888888888
0564307949727894,0,0,41,F,RS006,E66.9,99.28,3,3,4,2566753,2025-03-06,2025-09-08,auto,1000000,2.566753
1804964538301977,0,1,51,F,RS008,Z03.8,93.91,2,3,0,414854,2025-03-31,2025-09-08,manual,1200000,0.34571166666666664
9372761545840578,0,1,18,M,RS009,Z03.8,93.91,2,4,0,5374452,2024-09-17,2025-09-09,manual,1200000,4.47871
7182473329903077,1,1,18,M,RS002,N39.0,57.98,3,2,0,8017256,2025-07-11,2025-09-09,auto,2200000,3.6442072727272725
6430366032080682,1,1,73,F,RS007,J45.9,93.96,3,2,0,9196394,2024-02-06,2025-09-09,auto,2300000,3.9984321739130433
5704714485343054,1,1,70,F,RS002,O80,72.0,3,4,2,8894122,2025-08-23,2025-09-09,auto,3500000,2.5411777142857144
4613627972702577,0,1,65,F,RS003,J00,93.9,1,3,2,5672391,2024-12-28,2025-09-09,auto,500000,11.344782
3517651843171787,1,1,70,F,RS001,I10,99.04,3,3,7,4954766,2024-12-21,2025-09-09,auto,2000000,2.477383
9993489999620770,1,0,60,M,RS002,K29.7,45.16,1,4,0,1457291,2025-08-14,2025-09-09,auto,1700000,0.85723
6492230574670109,1,1,36,M,RS009,J18.9,93.94,1,2,3,2335663,2025-01-06,2025-09-09,manual,4200000,0.5561102380952381
8323820778376259,1,1,48,M,RS005,O80,72.0,1,1,2,822874,2024-11-12,2025-09-09,auto,3500000,0.23510685714285715
0371108937052778,1,1,5,F,RS001,J18.9,93.94,3,2,2,5384709,2024-12-16,2025-09-09,auto,4200000,1.2820735714285714
1737675851356394,1,0,26,F,RS004,R10.4,45.23,2,3,0,2925117,2025-06-09,2025-09-09,manual,1200000,2.4375975
2503221903541056,1,1,28,M,RS005,E11,99.10,2,2,1,4932870,2025-01-28,2025-09-09,auto,2500000,1.973148
3611416287189403,1,1,61,F,RS007,A09,45.23,1,2,2,9919222,2025-03-05,2025-09-09,auto,1300000,7.630170769230769
8572175922835570,1,1,9,M,RS002,J00,93.9,1,4,0,1115900,2025-06-27,2025-09-09,manual,500000,2.2318
8671513348445146,1,0,40,F,RS004,K29.7,45.16,2,2,0,9761473,2025-07-24,2025-09-09,manual,1700000,5.742042941176471
2102028592396317,0,1,33,M,RS006,M54.5,93.39,3,4,0,7157024,2025-07-24,2025-09-09,auto,1800000,3.9761244444444444
1997123657850108,0,1,46,M,RS001,N39.0,57.98,2,2,5,8474864,2024-11-06,2025-09-09,auto,2200000,3.852210909090909
2747680568700869,1,0,67,M,RS001,J18.9,93.94,2,4,1,3641191,2025-08-18,2025-09-09,auto,4200000,0.8669502380952381
2646930161489450,0,1,67,M,RS009,E66.9,99.28,2,4,2,2091785,2024-07-12,2025-09-09,auto,1000000,2.091785
2572526405845796,1,1,89,F,RS005,M54.5,93.39,1,4,0,1844607,2025-08-28,2025-09-09,manual,1800000,1.0247816666666667
0802369540465812,0,1,76,M,RS001,R50.9,99.19,1,3,0,9792564,2025-08-07,2025-09-09,manual,1000000,9.792564
1616504384422484,0,0,83,F,RS003,R10.4,45.23,3,2,0,4758374,2025-07-25,2025-09-09,auto,1200000,3.9653116666666666
2273808111548490,1,1,80,M,RS005,O80,72.0,2,4,1,7370305,2025-08-11,2025-09-09,auto,3500000,2.1058014285714286
8493060587390848,0,0,36,F,RS001,O80,72.0,3,1,1,4152357,2025-08-12,2025-09-09,manual,3500000,1.1863877142857142
4904655235078615,0,0,22,M,RS002,R10.4,87.09,3,4,1,4937758,2025-06-03,2025-09-09,manual,1200000,4.114798333333333
8943195251932499,0,0,29,M,RS010,Z00.0,93.99,1,2,0,7526134,2024-07-24,2025-09-09,auto,700000,10.75162
4938553777748088,1,1,11,M,RS010,R50.9,99.19,1,1,0,5708451,2025-02-28,2025-09-09,manual,1000000,5.708451
6980702514899927,1,1,89,F,RS007,I25.1,36.15,1,2,1,4377409,2025-04-24,2025-09-09,auto,5000000,0.8754818
9357512784816124,0,1,58,F,RS010,H25.9,13.5,3,3,0,5765092,2025-07-10,2025-09-09,manual,7500000,0.7686789333333334
3122374314425992,1,1,15,M,RS005,R50.9,99.19,3,4,0,5318327,2024-10-26,2025-09-09,auto,1000000,5.318327
8968741664612122,1,1,33,F,RS001,O80,72.0,3,1,2,1394295,2025-06-23,2025-09-09,manual,3500000,0.39837
5798574019483136,0,1,72,M,RS008,E66.9,99.28,1,1,1,4454882,2024-11-13,2025-09-09,manual,1000000,4.454882
2045574988312742,0,1,48,F,RS009,J00,93.9,1,3,1,5484150,2025-02-05,2025-09-09,auto,500000,10.9683
6387830859957738,1,1,79,M,RS009,E66.9,99.28,2,2,3,5464937,2025-03-15,2025-09-09,manual,1000000,5.464937
6413845228306411,0,1,1,F,RS007,R50.9,99.19,1,2,0,6071229,2024-10-05,2025-09-09,manual,1000000,6.071229
5380818416306672,1,1,72,F,RS009,M54.5,93.39,2,1,0,1971822,2025-08-21,2025-09-09,auto,1800000,1.0954566666666667
3055450589900843,1,0,23,F,RS004,Z00.0,93.99,3,1,0,2945435,2025-08-01,2025-09-09,manual,700000,4.207764285714286
8940402949212915,1,1,66,M,RS006,J18.9,93.94,1,3,0,5600149,2025-08-20,2025-09-09,manual,4200000,1.3333688095238094
4207896064408625,1,1,20,M,RS005,Z03.8,93.91,2,4,0,9478191,2024-12-05,2025-09-09,manual,1200000,7.8984925
9071190770953741,0,1,67,M,RS007,R50.9,99.19,3,2,0,8424069,2025-05-05,2025-09-10,auto,1000000,8.424069
2386590318287135,1,1,88,F,RS010,H25.9,13.5,1,2,0,7691739,2025-05-29,2025-09-10,auto,7500000,1.0255652
1558484465965654,1,1,79,F,RS002,I25.1,99.24,2,2,3,4329439,2024-12-03,2025-09-10,auto,5000000,0.8658878
7184385697297213,1,1,21,F,RS002,Z34.0,73.0,1,3,2,618127,2024-01-06,2025-09-10,manual,800000,0.77265875
9310857938702230,1,1,60,M,RS001,A09,45.23,2,4,1,4633786,2025-08-29,2025-09-10,auto,1300000,3.564450769230769
2286025430307373,1,0,61,F,RS009,J45.9,93.96,3,4,3,9560108,2025-04-18,2025-09-10,manual,2300000,4.156568695652174
6917791228096906,1,1,22,M,RS006,J45.9,93.96,1,4,0,5517434,2024-12-03,2025-09-10,auto,2300000,2.398884347826087
5321224236188223,1,1,60,F,RS002,O80,72.0,2,1,2,3153177,2025-08-19,2025-09-10,auto,3500000,0.9009077142857143
6405191332366031,1,1,70,F,RS002,O80,72.0,1,4,1,5028599,2025-06-04,2025-09-10,manual,3500000,1.4367425714285715
1816161180528659,1,1,51,F,RS010,E11,99.10,3,4,0,7855127,2025-04-26,2025-09-10,manual,2500000,3.1420508
2513636250050664,1,1,8,M,RS009,J18.9,96.04,1,1,0,1521376,2025-07-28,2025-09-10,auto,4200000,0.362232380952381
9478812641087575,0,1,2,M,RS006,E66.9,99.28,3,4,0,1630015,2024-07-02,2025-09-10,auto,1000000,1.630015
1672802152180429,1,1,37,M,RS001,I25.1,99.24,1,2,4,2897167,2025-02-19,2025-09-10,manual,5000000,0.5794334
6927281934258722,0,1,43,F,RS004,J45.9,93.96,3,2,0,5323308,2025-05-30,2025-09-10,manual,2300000,2.314481739130435
1341920056165040,1,1,84,F,RS004,M54.5,93.39,1,1,0,3496078,2025-08-04,2025-09-10,manual,1800000,1.9422655555555555
3736191394795173,1,1,67,M,RS002,E66.9,99.28,1,4,1,1341553,2024-12-14,2025-09-10,auto,1000000,1.341553
0859967719914113,0,1,11,M,RS004,O80,72.0,1,4,2,3098172,2024-06-15,2025-09-10,manual,3500000,0.885192
2097605291713116,0,1,61,M,RS001,J00,93.9,2,1,1,3963011,2025-06-07,2025-09-10,auto,500000,7.926022
0127586005610037,0,0,16,M,RS003,Z34.0,73.0,1,4,3,1779209,2024-02-16,2025-09-10,auto,800000,2.22401125
9004069315388532,1,1,31,M,RS008,J45.9,93.96,2,3,0,4333477,2024-12-23,2025-09-10,manual,2300000,1.8841204347826086
3459634427203602,0,1,30,M,RS008,J45.9,93.96,1,4,0,5079929,2025-05-31,2025-09-10,manual,2300000,2.208664782608696
3368168281228136,1,1,14,M,RS009,A09,45.23,1,1,1,3232683,2024-09-03,2025-09-10,auto,1300000,2.486679230769231
6127807157175443,1,1,79,F,RS008,Z34.0,73.0,2,1,2,6465298,2025-04-26,2025-09-10,manual,800000,8.0816225
1053801873199946,1,1,35,F,RS001,Z34.0,73.0,3,1,2,3461445,2024-06-03,2025-09-10,auto,800000,4.32680625
8283636540494355,1,1,69,F,RS004,I25.1,99.24,2,3,3,442887,2024-06-29,2025-09-10,manual,5000000,0.0885774
9643876977252852,1,0,13,F,RS010,Z03.8,93.91,3,2,0,8377051,2024-09-16,2025-09-10,auto,1200000,6.980875833333333
6512189042247367,1,1,59,M,RS005,R50.9,99.19,1,3,0,5170881,2025-08-02,2025-09-10,manual,1000000,5.170881
4816540025427372,0,0,16,M,RS008,R50.9,99.19,3,3,0,1773417,2025-07-15,2025-09-10,manual,1000000,1.773417
6691875244504564,1,1,26,F,RS005,H25.9,13.1,1,2,0,1101005,2025-07-16,2025-09-10,manual,7500000,0.14680066666666666
1017927327616206,0,1,45,M,RS002,M54.5,93.39,3,2,0,9814513,2025-06-12,2025-09-11,auto,1800000,5.452507222222223
5506099146869880,1,1,18,F,RS004,R10.4,45.23,3,3,0,6221504,2025-07-24,2025-09-11,auto,1200000,5.184586666666666
7122359134634512,1,1,8,F,RS009,Z03.8,93.91,2,1,0,8250346,2025-02-24,2025-09-11,manual,1200000,6.875288333333334
8728439225752919,1,1,86,F,RS010,R10.4,45.23,2,4,0,9351648,2025-07-03,2025-09-11,manual,1200000,7.79304
0073741296181268,0,1,77,F,RS003,K29.7,45.16,3,2,3,5053216,2025-04-05,2025-09-11,auto,1700000,2.97248
8980523665791244,1,1,80,F,RS001,N39.0,57.94,3,2,2,5767772,2024-11-18,2025-09-11,manual,2200000,2.6217145454545454
6799403522212861,1,1,70,M,RS001,O80,72.0,1,1,2,5210328,2025-02-03,2025-09-11,auto,3500000,1.488665142857143
3599352372263208,0,1,28,M,RS008,J45.9,93.96,3,2,0,428265,2024-02-17,2025-09-11,auto,2300000,0.18620217391304347
2058288071391914,1,1,40,M,RS007,Z03.8,93.91,3,4,0,5951481,2025-07-18,2025-09-11,manual,1200000,4.9595675
5419202869545734,1,1,40,M,RS002,E66.9,99.28,2,3,2,4764038,2025-08-22,2025-09-11,auto,1000000,4.764038
9466513359166530,1,1,38,F,RS009,Z00.0,93.99,1,4,1,5893552,2025-08-20,2025-09-11,manual,700000,8.41936
4023425933717321,0,1,89,F,RS001,Z03.8,93.91,3,2,1,3818952,2025-08-27,2025-09-11,manual,1200000,3.18246
1798236253049940,1,1,80,F,RS002,A09,45.23,1,1,0,9335037,2025-06-13,2025-09-11,auto,1300000,7.180797692307692
1966130377363425,1,1,56,F,RS002,J00,93.9,2,1,0,4191442,2025-01-10,2025-09-11,auto,500000,8.382884
3970197232080283,1,1,8,M,RS008,Z00.0,93.99,2,2,0,9571536,2024-10-04,2025-09-11,manual,700000,13.673622857142858
2657372287960431,1,0,25,M,RS009,E66.9,99.28,3,3,6,3595467,2025-03-27,2025-09-11,manual,1000000,3.595467
9959670986869068,1,0,44,F,RS003,I25.1,36.15,1,3,3,9524342,2025-09-03,2025-09-11,auto,5000000,1.9048684
6870740317422122,1,1,58,M,RS001,I25.1,36.15,1,3,2,9245370,2025-07-11,2025-09-11,manual,5000000,1.849074
8498160556636393,1,1,60,F,RS003,J00,93.9,2,3,0,8495223,2025-08-09,2025-09-11,manual,500000,16.990446
2827645188709924,1,1,11,F,RS008,J18.9,96.04,2,4,0,1826523,2024-05-24,2025-09-11,auto,4200000,0.43488642857142856
7876327090358085,1,1,80,M,RS002,N39.0,57.94,3,4,0,1976761,2025-04-08,2025-09-11,auto,2200000,0.8985277272727272
8890458572613811,0,1,44,F,RS001,J00,93.9,2,1,1,1130071,2025-04-19,2025-09-11,auto,500000,2.260142
5418188134217819,1,1,36,F,RS005,H25.9,13.5,3,2,0,998830,2025-04-11,2025-09-11,manual,7500000,0.13317733333333334
7134011170927254,0,0,32,M,RS009,Z03.8,93.91,3,1,0,8948703,2025-04-22,2025-09-11,manual,1200000,7.4572525
6066919408236976,0,1,40,M,RS001,I10,99.04,1,1,2,4430150,2024-12-26,2025-09-11,manual,2000000,2.215075
2691967737658266,0,1,12,M,RS002,Z34.0,73.0,1,2,2,1308355,2024-04-22,2025-09-11,manual,800000,1.63544375
6817849671151815,1,0,13,F,RS002,K29.7,45.16,1,1,4,6555420,2025-03-14,2025-09-11,auto,1700000,3.856129411764706
8917911995453249,0,1,51,F,RS007,Z00.0,93.99,3,1,2,5826058,2025-09-04,2025-09-12,manual,700000,8.32294
5765147635522208,1,0,18,F,RS010,Z34.0,73.0,3,2,2,1449609,2024-10-14,2025-09-12,auto,800000,1.81201125
0445117992311393,1,0,89,M,RS010,A09,45.23,3,3,0,8741225,2025-07-30,2025-09-12,manual,1300000,6.724019230769231
2834135883237732,1,1,71,M,RS005,J18.9,93.94,2,3,1,7079964,2024-03-23,2025-09-12,auto,4200000,1.6857057142857144
9395873787778140,1,1,26,M,RS009,M54.5,93.39,3,4,0,9676892,2024-06-03,2025-09-12,auto,1800000,5.376051111111111
0584884072976700,1,1,77,M,RS005,N39.0,57.98,2,3,1,5961796,2025-07-25,2025-09-12,manual,2200000,2.7099072727272726
0113611340144602,1,1,89,F,RS001,R50.9,99.19,2,1,0,9804818,2025-02-25,2025-09-12,manual,1000000,9.804818
2857095073058460,1,0,90,M,RS002,E11,99.10,1,1,2,7881219,2025-08-11,2025-09-12,manual,2500000,3.1524876
8957368642744519,1,1,39,M,RS010,J45.9,93.96,1,2,0,5731982,2024-12-20,2025-09-12,manual,2300000,2.4921660869565216
0771642427613130,1,1,40,F,RS008,J00,93.9,1,4,0,9010467,2025-08-22,2025-09-12,manual,500000,18.020934
3853110597860758,1,1,25,M,RS006,M54.5,93.39,2,4,0,5232237,2025-07-21,2025-09-12,auto,1800000,2.906798333333333
8572175922835570,1,1,9,M,RS002,J45.9,93.96,3,2,2,2123944,2025-03-10,2025-09-12,auto,2300000,0.9234539130434782
3002400676640339,1,1,69,M,RS009,J45.9,93.96,1,2,1,2940779,2025-05-01,2025-09-12,auto,2300000,1.2785995652173914
8379560347638061,1,1,4,M,RS006,H25.9,13.5,1,3,0,6363277,2024-12-11,2025-09-12,auto,7500000,0.8484369333333334
6413845228306411,0,1,1,F,RS007,R50.9,99.19,1,4,0,9948588,2025-07-26,2025-09-12,manual,1000000,9.948588
8241266913949089,1,1,74,M,RS005,Z03.8,93.91,2,1,0,7407848,2025-06-17,2025-09-12,auto,1200000,6.173206666666666
3378840933975669,0,0,88,M,RS002,A09,45.23,2,4,0,6867817,2025-02-14,2025-09-12,auto,1300000,5.282936153846154
5004475421880959,1,1,76,F,RS003,I25.1,99.24,3,1,3,8923438,2025-04-22,2025-09-12,auto,5000000,1.7846876
6531254732670020,0,1,18,F,RS008,E66.9,99.28,2,4,2,4192182,2025-04-19,2025-09-12,auto,1000000,4.192182
0662776982427498,1,1,10,M,RS010,R10.4,45.23,2,3,0,731792,2025-03-26,2025-09-12,manual,1200000,0.6098266666666666
7090454115709204,0,1,7,M,RS003,K21.0,45.16,1,2,0,7553451,2025-06-19,2025-09-12,auto,1400000,5.395322142857143
1616504384422484,0,0,83,F,RS003,R10.4,45.23,2,1,1,2950336,2024-06-10,2025-09-12,auto,1200000,2.4586133333333335
0662776982427498,1,1,10,M,RS010,R10.4,45.23,1,4,1,3394199,2025-05-28,2025-09-12,auto,1200000,2.8284991666666666
8675668065807341,0,1,25,M,RS008,J00,93.9,3,3,0,9639405,2024-03-19,2025-09-12,auto,500000,19.27881
6089237954325745,1,0,5,M,RS003,Z03.8,93.91,1,4,0,2255896,2025-03-12,2025-09-12,manual,1200000,1.8799133333333333
9385626458536316,1,1,73,M,RS002,I10,99.04,2,2,4,5086853,2025-03-20,2025-09-12,manual,2000000,2.5434265
1320938518628974,0,1,75,F,RS009,I10,99.04,2,2,3,5702753,2025-08-13,2025-09-12,manual,2000000,2.8513765
1313611684213715,1,1,9,M,RS007,O80,72.0,3,2,1,1116777,2025-08-30,2025-09-12,auto,3500000,0.31907914285714284
4520205236238556,0,1,72,F,RS004,O80,72.0,3,4,2,6519962,2025-04-26,2025-09-12,auto,3500000,1.8628462857142858
3441352247702737,1,0,39,M,RS002,J00,93.9,2,4,2,6082057,2025-07-17,2025-09-12,auto,500000,12.164114
4809536727004661,1,1,46,F,RS008,R50.9,99.19,1,3,0,4326472,2024-07-06,2025-09-13,manual,1000000,4.326472
9366338202595581,0,1,11,F,RS004,N39.0,57.94,3,1,1,631918,2025-01-31,2025-09-13,manual,2200000,0.28723545454545457
0931967533957884,1,1,40,F,RS007,Z03.8,93.91,1,3,0,3874587,2025-08-02,2025-09-13,auto,1200000,3.2288225
2518929604608639,1,1,58,F,RS005,A09,45.23,2,2,0,1270401,2025-07-05,2025-09-13,manual,1300000,0.9772315384615384
9959670986869068,1,0,44,F,RS003,I25.1,36.15,3,2,3,9819265,2024-03-08,2025-09-13,auto,5000000,1.963853
8544845231958323,1,0,13,F,RS008,I25.1,99.24,1,1,2,8402856,2025-01-10,2025-09-13,manual,5000000,1.6805712
5926062375973350,0,1,28,M,RS005,R10.4,87.09,3,2,0,7504997,2025-05-03,2025-09-13,manual,1200000,6.2541641666666665
4453182788104814,0,1,48,M,RS009,Z00.0,93.99,2,1,0,4453987,2025-02-25,2025-09-13,auto,700000,6.362838571428571
4782264168993741,1,1,90,M,RS007,K21.0,45.16,1,1,2,437800,2024-11-01,2025-09-13,auto,1400000,0.3127142857142857
9674514119564434,1,1,52,F,RS010,Z34.0,73.0,2,1,4,9862118,2025-07-24,2025-09-13,manual,800000,12.3276475
1916747103841103,0,1,49,F,RS007,Z03.8,93.91,1,3,0,1135507,2025-04-26,2025-09-13,manual,1200000,0.9462558333333333
0808443078577059,0,1,69,M,RS006,N39.0,57.94,2,3,0,846505,2025-03-31,2025-09-13,manual,2200000,0.384775
5031987492891343,1,1,44,F,RS006,K21.0,45.16,3,1,1,4020278,2024-03-05,2025-09-13,manual,1400000,2.8716271428571427
5556693730990013,0,1,20,M,RS001,I25.1,36.15,1,4,6,5180667,2025-07-12,2025-09-13,manual,5000000,1.0361334
9816813951567314,0,1,78,M,RS006,K29.7,45.16,3,1,3,7699755,2025-04-08,2025-09-13,manual,1700000,4.529267647058823
7208006203087617,1,0,28,M,RS003,E11,99.10,1,2,1,9743154,2025-07-03,2025-09-13,manual,2500000,3.8972616
6917791228096906,1,1,22,M,RS006,J45.9,93.96,2,1,0,3384331,2024-03-02,2025-09-13,auto,2300000,1.4714482608695651
3682712925299963,1,0,26,F,RS002,Z03.8,93.91,1,2,0,9626044,2025-04-14,2025-09-13,manual,1200000,8.021703333333333
3924207037924646,1,1,33,M,RS008,R10.4,45.23,2,4,1,8946516,2025-07-10,2025-09-13,auto,1200000,7.45543
0696230795231362,1,1,62,M,RS003,E66.9,99.28,3,3,0,6042272,2024-09-03,2025-09-13,manual,1000000,6.042272
0004221685143663,1,1,71,M,RS009,J00,93.9,2,4,0,1073612,2025-05-03,2025-09-13,manual,500000,2.147224
4070608894409772,1,1,44,M,RS004,K29.7,45.16,2,3,0,2802080,2025-09-06,2025-09-13,auto,1700000,1.6482823529411765
6917748875676707,1,0,66,M,RS005,I25.1,36.15,3,3,0,9367089,2024-12-24,2025-09-13,auto,5000000,1.8734178
7317434769110886,1,1,62,F,RS004,E66.9,99.28,1,4,1,5958492,2024-10-21,2025-09-13,auto,1000000,5.958492
6498163286098000,1,1,22,F,RS002,K29.7,45.16,1,4,0,889120,2025-02-08,2025-09-13,manual,1700000,0.5230117647058824
9993489999620770,1,0,60,M,RS002,K21.0,45.16,1,1,1,3065133,2025-04-07,2025-09-13,manual,1400000,2.1893807142857145
1679499139191819,1,1,47,M,RS003,N39.0,57.98,2,3,0,6907114,2025-04-12,2025-09-13,manual,2200000,3.1395972727272725
4734721018569887,0,1,47,M,RS003,Z03.8,93.91,1,2,0,8092897,2025-02-12,2025-09-13,manual,1200000,6.744080833333333
6027197056811162,0,1,46,F,RS002,J00,93.9,1,3,0,6126573,2025-09-06,2025-09-13,auto,500000,12.253146
2949852026368660,1,1,50,M,RS002,Z34.0,73.0,2,2,1,3645040,2024-01-19,2025-09-13,auto,800000,4.5563
3330804687169543,0,1,50,M,RS002,E11,99.10,1,4,0,5193163,2025-08-16,2025-09-13,auto,2500000,2.0772652
8235412019447657,1,1,18,F,RS010,I10,99.04,2,4,4,4218978,2025-07-22,2025-09-13,manual,2000000,2.109489
4305813375729016,1,1,14,F,RS006,J45.9,93.96,2,4,0,9490384,2025-06-24,2025-09-13,auto,2300000,4.126253913043478
6862512011531669,0,1,66,M,RS008,Z00.0,93.99,1,1,0,3143011,2025-06-06,2025-09-15,manual,700000,4.490015714285715
5813951965610035,0,0,70,M,RS010,R50.9,99.19,3,4,0,8252640,2024-03-29,2025-09-15,manual,1000000,8.25264
4727826253056129,0,0,38,M,RS010,R50.9,99.19,1,3,2,3592743,2025-02-13,2025-09-15,auto,1000000,3.592743
0753535899030228,1,1,85,F,RS007,N39.0,57.98,2,4,1,1124257,2025-09-05,2025-09-15,manual,2200000,0.5110259090909091
8008259229461849,1,1,25,F,RS008,K29.7,45.16,3,2,0,509207,2024-11-12,2025-09-15,auto,1700000,0.2995335294117647
7291643879257421,0,1,45,M,RS010,A09,45.23,2,3,2,8560694,2024-07-11,2025-09-15,auto,1300000,6.585149230769231
8246790209015526,0,1,18,M,RS007,Z00.0,93.99,3,1,1,1963530,2025-09-06,2025-09-15,manual,700000,2.805042857142857
7260672358332250,1,0,60,F,RS008,A09,45.23,1,1,0,7598674,2025-09-09,2025-09-15,auto,1300000,5.845133846153846
9519704057471303,1,0,80,M,RS010,K29.7,45.16,2,3,1,2902991,2025-07-22,2025-09-15,auto,1700000,1.7076417647058824
8890458572613811,0,1,44,F,RS001,J00,93.9,3,2,0,5546757,2025-06-19,2025-09-15,auto,500000,11.093514
6742743580318968,0,1,69,F,RS001,A09,45.23,3,3,3,5990033,2025-06-07,2025-09-15,manual,1300000,4.607717692307692
4333693941290091,1,0,52,M,RS002,I25.1,99.24,2,3,3,6776213,2025-09-10,2025-09-15,manual,5000000,1.3552426
2495961188989685,0,1,73,F,RS001,N39.0,57.98,1,4,0,4597903,2024-08-06,2025-09-15,manual,2200000,2.089955909090909
9744640172958390,1,0,62,M,RS010,Z00.0,93.99,1,2,0,810893,2024-10-09,2025-09-15,manual,700000,1.1584185714285715
0241489364650045,1,0,64,F,RS009,K29.7,45.16,1,3,0,6433019,2024-04-16,2025-09-15,manual,1700000,3.7841288235294117
7603906721002568,1,1,70,M,RS007,J00,93.9,1,3,0,9480588,2025-04-09,2025-09-15,manual,500000,18.961176
3188465804186084,1,0,80,M,RS005,E11,99.10,2,4,2,1328716,2025-06-28,2025-09-15,auto,2500000,0.5314864
2435704389682589,1,1,81,M,RS002,K29.7,45.16,1,2,1,1015646,2024-08-20,2025-09-15,manual,1700000,0.5974388235294118
6638458907451555,1,1,24,F,RS005,Z34.0,73.0,1,4,2,5842151,2025-09-08,2025-09-15,manual,800000,7.30268875
4397680017578455,1,1,17,M,RS006,R10.4,87.09,3,3,0,1248996,2025-06-14,2025-09-15,auto,1200000,1.04083
3368168281228136,1,1,14,M,RS009,K29.7,45.16,2,2,0,3944035,2025-08-04,2025-09-15,auto,1700000,2.3200205882352942
9302399826770945,1,1,11,F,RS001,E11,99.10,1,2,1,7479267,2024-11-22,2025-09-15,auto,2500000,2.9917068
7592529427228462,0,0,22,M,RS004,I25.1,36.15,2,3,2,3790157,2025-08-26,2025-09-15,manual,5000000,0.7580314
8420807372907986,0,1,37,F,RS009,H25.9,13.1,2,4,0,5996335,2025-03-03,2025-09-15,auto,7500000,0.7995113333333334
8433157679439861,1,1,70,F,RS001,Z03.8,93.91,2,1,0,9723059,2025-01-23,2025-09-15,manual,1200000,8.102549166666666
8519553497021572,1,1,72,M,RS002,K21.0,45.16,2,1,1,912574,2025-07-08,2025-09-15,manual,1400000,0.6518385714285714
7056707931595140,1,1,70,M,RS006,K29.7,45.16,3,1,2,5299615,2024-12-30,2025-09-15,manual,1700000,3.1174205882352943
3303275983419441,1,1,58,M,RS002,K21.0,45.16,2,3,0,6659067,2025-07-10,2025-09-15,auto,1400000,4.756476428571428
5780077446410753,1,1,67,M,RS002,J00,93.9,3,1,1,8753112,2025-08-06,2025-09-15,manual,500000,17.506224
3439461404879970,1,0,44,F,RS002,H25.9,13.5,2,2,0,7144924,2024-12-17,2025-09-15,manual,7500000,0.9526565333333333
1000910596551954,0,0,70,M,RS002,H25.9,13.5,3,4,0,1681514,2024-08-24,2025-09-15,manual,7500000,0.22420186666666667
0564307949727894,0,0,41,F,RS006,E66.9,99.28,3,4,1,4158187,2025-01-06,2025-09-15,manual,1000000,4.158187
7654642196308417,1,1,60,F,RS002,E11,99.10,3,4,0,9960272,2025-03-27,2025-09-15,manual,2500000,3.9841088
7162921781011357,1,0,49,F,RS003,Z34.0,73.0,1,3,2,4116814,2025-06-19,2025-09-15,auto,800000,5.1460175
9240270630048667,1,0,39,M,RS001,R50.9,99.19,2,4,1,8941626,2025-08-29,2025-09-16,auto,1000000,8.941626
6663937571532816,0,1,71,F,RS006,R10.4,87.09,3,4,0,3047368,2024-09-23,2025-09-16,manual,1200000,2.5394733333333335
5439027553348790,0,1,1,M,RS010,M54.5,93.39,2,1,0,5010477,2025-08-01,2025-09-16,manual,1800000,2.7835983333333334
8345854329008913,1,1,44,F,RS004,K21.0,45.16,1,2,1,4459054,2025-05-29,2025-09-16,manual,1400000,3.1850385714285716
9899947404723017,1,1,20,F,RS009,J45.9,93.96,2,4,0,2484800,2025-03-19,2025-09-16,auto,2300000,1.0803478260869566
3412006613222126,0,1,59,M,RS005,J00,93.9,2,2,0,7936974,2025-09-02,2025-09-16,auto,500000,15.873948
2465354732665075,0,0,19,M,RS003,O80,72.0,3,3,3,2962596,2024-06-05,2025-09-16,manual,3500000,0.846456
3108230107333565,1,0,73,F,RS001,I25.1,36.15,3,2,3,507784,2025-08-05,2025-09-16,auto,5000000,0.1015568
3818358499646171,0,0,54,M,RS010,J18.9,93.94,2,4,0,6718228,2025-03-19,2025-09-16,manual,4200000,1.5995780952380951
0512040976420313,0,1,27,F,RS010,Z34.0,73.0,2,2,1,9706527,2025-04-08,2025-09-16,auto,800000,12.13315875
3939959990377015,0,0,13,F,RS003,I10,99.04,1,4,3,8154830,2025-06-18,2025-09-16,manual,2000000,4.077415
6582997103923122,1,1,9,M,RS009,H25.9,13.4,3,3,0,6136194,2025-01-23,2025-09-16,auto,7500000,0.8181592
1871972868499822,1,1,34,M,RS010,E11,99.10,3,4,2,3628210,2024-07-20,2025-09-16,auto,2500000,1.451284
5519825488340102,1,1,46,F,RS007,E11,99.10,2,2,2,1742276,2024-07-25,2025-09-16,manual,2500000,0.6969104
4773352549521454,0,1,52,M,RS009,Z34.0,73.0,1,4,2,7409933,2024-03-04,2025-09-16,auto,800000,9.26241625
9466513359166530,1,1,38,F,RS009,R10.4,45.23,3,3,2,8378336,2025-08-15,2025-09-16,manual,1200000,6.9819466666666665
6554758002152634,1,1,81,F,RS004,R50.9,99.19,2,3,1,8899564,2025-05-10,2025-09-16,manual,1000000,8.899564
0747479228763775,1,1,55,F,RS008,J45.9,93.96,1,2,1,6434217,2025-05-01,2025-09-16,manual,2300000,2.797485652173913
6958115592991254,1,0,44,F,RS007,K21.0,45.16,1,1,0,2924805,2025-02-15,2025-09-16,auto,1400000,2.0891464285714285
9866137637510239,1,1,86,F,RS002,R50.9,99.19,3,1,0,8707119,2025-03-01,2025-09-16,manual,1000000,8.707119
8170344973886523,1,0,81,F,RS002,R10.4,87.09,3,4,0,3373392,2025-07-28,2025-09-16,manual,1200000,2.81116
6387830859957738,1,1,79,M,RS009,E11,99.10,1,4,4,2719330,2024-03-30,2025-09-16,manual,2500000,1.087732
1313611684213715,1,1,9,M,RS007,Z34.0,73.0,3,2,1,927790,2025-08-21,2025-09-16,manual,800000,1.1597375
1908988265088379,1,1,26,M,RS005,R10.4,87.09,3,4,0,5653971,2025-04-22,2025-09-16,manual,1200000,4.7116425
7204848919566770,1,0,55,F,RS004,E11,99.10,2,2,1,3111118,2025-04-09,2025-09-16,manual,2500000,1.2444472
1543134656282455,1,1,68,F,RS001,I25.1,99.24,1,1,3,9167536,2025-06-14,2025-09-16,auto,5000000,1.8335072
7477783794640225,1,1,50,M,RS002,K29.7,45.16,2,2,3,9862018,2025-02-14,2025-09-16,auto,1700000,5.80118705882353
1177206678366892,1,1,15,M,RS008,R50.9,99.19,1,2,0,1293010,2024-09-13,2025-09-16,auto,1000000,1.29301
1104164813967551,1,1,68,F,RS004,O80,72.0,1,4,3,4121699,2025-08-06,2025-09-16,manual,3500000,1.1776282857142857
6967751291864984,1,1,6,M,RS002,E11,99.10,3,2,2,9612456,2025-06-04,2025-09-16,manual,2500000,3.8449824
6698353635057411,1,0,21,M,RS004,Z03.8,93.91,3,1,0,3564106,2025-04-14,2025-09-16,auto,1200000,2.9700883333333334
6423495525902165,1,1,80,M,RS004,K21.0,45.16,2,2,2,4816513,2025-08-23,2025-09-16,manual,1400000,3.4403664285714286
2387727721875511,1,1,63,F,RS008,J00,93.9,2,3,0,1652314,2025-05-21,2025-09-16,manual,500000,3.304628
4332560075499912,0,1,25,M,RS002,H25.9,13.4,1,4,0,5061114,2025-07-28,2025-09-16,manual,7500000,0.6748152
5245956282140742,1,1,64,F,RS007,I25.1,99.24,3,2,1,5961949,2025-07-10,2025-09-16,auto,5000000,1.1923898
6649933664300533,1,0,41,F,RS009,E11,99.10,3,4,1,2867801,2024-05-02,2025-09-17,auto,2500000,1.1471204
7364736033287509,1,0,9,F,RS004,J00,93.9,3,2,1,3764000,2025-07-24,2025-09-17,manual,500000,7.528
2306964404811575,1,1,29,F,RS005,E66.9,99.28,2,1,2,2412027,2025-01-21,2025-09-17,manual,1000000,2.412027
0397132073198070,1,1,6,M,RS009,M54.5,93.39,1,1,1,5087160,2025-09-04,2025-09-17,manual,1800000,2.8262
3526277230336093,0,1,8,M,RS005,J45.9,93.96,1,4,0,563422,2025-07-15,2025-09-17,auto,2300000,0.24496608695652175
3853110597860758,1,1,25,M,RS006,M54.5,93.39,2,2,0,3708329,2024-12-11,2025-09-17,auto,1800000,2.060182777777778
6582997103923122,1,1,9,M,RS009,H25.9,13.5,3,1,0,4660873,2024-07-20,2025-09-17,auto,7500000,0.6214497333333333
7339285024522402,1,1,75,M,RS008,J45.9,93.96,1,2,0,3818370,2025-07-15,2025-09-17,manual,2300000,1.6601608695652175
3716865859988263,1,1,89,F,RS003,J18.9,93.94,3,4,0,7714804,2025-02-14,2025-09-17,auto,4200000,1.8368580952380953
6848019516988740,0,1,1,M,RS008,O80,72.0,1,2,3,7333006,2025-06-28,2025-09-17,auto,3500000,2.0951445714285715
5514692385708093,1,1,36,M,RS008,K21.0,45.16,2,3,2,4614226,2025-09-13,2025-09-17,auto,1400000,3.2958757142857142
8487274383546679,1,0,67,F,RS008,I25.1,36.15,2,4,3,3722206,2025-04-30,2025-09-17,manual,5000000,0.7444412
9199474680587550,1,1,42,F,RS002,J45.9,93.96,2,3,0,450552,2025-07-07,2025-09-17,manual,2300000,0.19589217391304348
9998229727361191,1,1,70,F,RS010,E66.9,99.28,2,2,1,9184237,2025-08-22,2025-09-17,manual,1000000,9.184237
2720595790301628,1,1,40,M,RS004,E66.9,99.28,1,1,1,1343038,2024-08-06,2025-09-17,manual,1000000,1.343038
4862518211759183,1,0,62,M,RS005,E66.9,99.28,3,1,1,8599960,2024-05-31,2025-09-17,auto,1000000,8.59996
5943113177988161,1,0,76,M,RS007,I25.1,99.24,2,3,3,6544060,2025-07-07,2025-09-17,manual,5000000,1.308812
8893465789209452,0,1,9,F,RS009,Z34.0,73.0,2,1,2,2293120,2025-05-30,2025-09-17,manual,800000,2.8664
9070692749547225,1,1,11,F,RS006,Z03.8,93.91,2,3,0,2231895,2024-12-07,2025-09-17,auto,1200000,1.8599125
2646930161489450,0,1,67,M,RS009,E66.9,99.28,2,3,1,8926589,2025-06-23,2025-09-17,auto,1000000,8.926589
1048306711750933,1,1,64,F,RS003,J00,93.9,1,3,1,7636657,2024-12-12,2025-09-17,manual,500000,15.273314
1474549373988421,1,1,61,F,RS004,K29.7,45.16,1,2,1,1009108,2024-12-12,2025-09-17,auto,1700000,0.5935929411764705
7417378451318095,0,1,56,M,RS003,J45.9,93.96,1,2,0,3484919,2024-06-15,2025-09-17,manual,2300000,1.5151821739130436
1737443541981378,1,1,60,F,RS002,J18.9,96.04,3,1,0,4862358,2024-01-15,2025-09-17,manual,4200000,1.1577042857142856
1684642255819389,1,1,64,M,RS001,I25.1,99.24,2,3,3,9868424,2024-10-15,2025-09-18,auto,5000000,1.9736848
2499656119154846,1,1,52,M,RS002,R10.4,45.23,1,2,0,7804115,2025-02-17,2025-09-18,manual,1200000,6.503429166666667
8638863177918870,1,1,42,F,RS001,J45.9,93.96,3,3,0,6841719,2024-11-12,2025-09-18,auto,2300000,2.9746604347826087
1445145803833441,1,1,56,M,RS010,N39.0,57.94,3,3,1,3191576,2025-09-15,2025-09-18,manual,2200000,1.4507163636363636
4545271230814357,1,1,52,M,RS004,J45.9,93.96,2,4,0,6303091,2024-05-29,2025-09-18,manual,2300000,2.740474347826087
0022999433801854,1,1,76,M,RS001,J18.9,96.04,3,4,1,6486315,2025-07-07,2025-09-18,auto,4200000,1.5443607142857143
7456509477882515,1,1,48,F,RS009,E11,99.10,3,2,1,8310674,2024-12-17,2025-09-18,auto,2500000,3.3242696
8943195251932499,0,0,29,M,RS010,Z00.0,93.99,2,4,0,6189082,2025-08-23,2025-09-18,auto,700000,8.841545714285715
0073075960064860,1,0,46,F,RS005,J45.9,93.96,2,3,1,6969307,2024-04-23,2025-09-18,manual,2300000,3.0301334782608698
6691875244504564,1,1,26,F,RS005,H25.9,13.4,1,1,0,2529076,2025-03-19,2025-09-18,manual,7500000,0.33721013333333333
2710277225916936,1,1,45,F,RS010,K21.0,45.16,2,4,0,3494832,2025-03-18,2025-09-18,manual,1400000,2.4963085714285715
2504997695517251,0,1,67,M,RS006,K29.7,45.16,3,3,0,4949102,2025-09-05,2025-09-18,auto,1700000,2.911236470588235
9813365066526230,1,1,50,F,RS004,K29.7,45.16,3,2,1,5883696,2024-02-19,2025-09-18,manual,1700000,3.4609976470588237
5031987492891343,1,1,44,F,RS006,K21.0,45.16,3,3,1,4269312,2025-04-26,2025-09-18,manual,1400000,3.0495085714285715
0131467713928828,1,1,23,M,RS002,I10,99.04,3,4,1,9639047,2024-06-06,2025-09-18,manual,2000000,4.8195235
8434095265576607,0,1,44,M,RS006,M54.5,93.39,1,1,1,2925687,2025-06-25,2025-09-18,manual,1800000,1.6253816666666667
0273584422256448,1,0,72,F,RS010,I10,99.04,2,3,7,1402257,2025-07-25,2025-09-18,manual,2000000,0.7011285
6342408048979301,0,1,31,M,RS010,R50.9,99.19,1,1,0,5132986,2025-01-31,2025-09-18,auto,1000000,5.132986
5169024515220406,1,0,34,F,RS001,K29.7,45.16,1,4,0,8821553,2025-09-11,2025-09-18,manual,1700000,5.189148823529412
4809536727004661,1,1,46,F,RS008,Z00.0,93.99,1,4,0,3669949,2025-03-01,2025-09-18,manual,700000,5.2427842857142855
6092388103827119,1,1,88,F,RS002,H25.9,13.5,3,3,0,1489202,2025-01-07,2025-09-18,auto,7500000,0.19856026666666668
1385241344555728,0,1,73,F,RS005,Z03.8,93.91,2,2,0,6460946,2025-05-07,2025-09-18,auto,1200000,5.384121666666666
3679347313055052,0,1,24,F,RS005,R50.9,99.19,2,3,0,4621214,2025-07-08,2025-09-18,manual,1000000,4.621214
4088508809780018,1,1,1,F,RS004,J45.9,93.96,1,4,2,4764229,2024-01-17,2025-09-18,manual,2300000,2.0714039130434783
3724967259078654,1,0,54,M,RS003,R50.9,99.19,3,1,1,729851,2025-06-16,2025-09-18,manual,1000000,0.729851
0528932693488928,1,0,77,F,RS004,O80,72.0,1,3,4,6864328,2025-01-28,2025-09-18,manual,3500000,1.9612365714285713
2206487531427005,1,0,90,M,RS001,Z00.0,93.99,1,2,2,8080610,2025-09-12,2025-09-18,manual,700000,11.543728571428572
1505840257036345,1,1,34,F,RS002,K21.0,45.16,2,1,2,7091714,2025-09-06,2025-09-18,manual,1400000,5.06551
5395427507254849,1,1,84,M,RS001,I10,99.04,1,4,5,1442153,2024-05-07,2025-09-18,auto,2000000,0.7210765
2226247245905893,1,1,65,F,RS007,K21.0,45.16,3,4,0,1555040,2024-02-26,2025-09-18,auto,1400000,1.110742857142857
8717821987979132,0,1,47,F,RS006,M54.5,93.39,2,4,0,6461452,2025-07-22,2025-09-18,auto,1800000,3.5896955555555556
1921389090047487,1,1,41,F,RS009,Z34.0,73.0,3,2,1,2542817,2025-06-19,2025-09-18,manual,800000,3.17852125
4986768987505447,1,1,57,M,RS007,Z34.0,73.0,1,2,2,9039678,2024-10-05,2025-09-18,auto,800000,11.2995975
8893465789209452,0,1,9,F,RS009,O80,72.0,1,3,4,5767469,2025-02-10,2025-09-18,auto,3500000,1.6478482857142858
1689262097121732,1,1,5,F,RS004,J00,93.9,3,1,0,7377377,2025-01-07,2025-09-19,auto,500000,14.754754
4336979296302095,1,1,37,F,RS003,K21.0,45.16,2,4,1,4929204,2025-09-11,2025-09-19,manual,1400000,3.52086
4948997898514829,1,1,16,F,RS006,E66.9,99.28,3,2,1,4014852,2025-04-10,2025-09-19,manual,1000000,4.014852
4925830010920462,1,0,30,M,RS007,O80,72.0,2,1,2,5977007,2024-10-19,2025-09-19,manual,3500000,1.7077162857142858
8675668065807341,0,1,25,M,RS008,J00,93.9,2,4,1,5143758,2024-10-16,2025-09-19,auto,500000,10.287516
2646930161489450,0,1,67,M,RS009,E66.9,99.28,3,2,0,8434856,2025-07-12,2025-09-19,manual,1000000,8.434856
7751291884050540,1,0,85,M,RS004,E11,99.10,1,1,1,7321781,2024-08-28,2025-09-19,manual,2500000,2.9287124
6528030147928783,0,1,30,M,RS008,J18.9,96.04,2,1,0,712721,2025-04-10,2025-09-19,auto,4200000,0.1696954761904762
5057408363979261,1,1,14,F,RS010,E11,99.10,2,1,2,7576192,2024-11-25,2025-09-19,auto,2500000,3.0304768
7804569773289670,1,0,65,F,RS008,O80,72.0,2,1,4,8972770,2025-06-09,2025-09-19,auto,3500000,2.5636485714285713
6570832744863866,1,0,32,M,RS008,O80,72.0,2,4,2,666471,2025-04-12,2025-09-19,auto,3500000,0.1904202857142857
7006475652516925,1,1,27,F,RS001,K21.0,45.16,3,1,1,2762823,2025-05-19,2025-09-19,auto,1400000,1.973445
1115863278981326,1,1,31,F,RS006,Z34.0,73.0,3,3,2,971472,2024-11-08,2025-09-19,manual,800000,1.21434
9093810094948070,0,1,16,F,RS004,R50.9,99.19,2,3,0,8267672,2025-05-12,2025-09-19,manual,1000000,8.267672
6713021505662344,1,1,9,M,RS005,R10.4,45.23,1,4,0,4502706,2024-05-10,2025-09-19,auto,1200000,3.752255
4782264168993741,1,1,90,M,RS007,K21.0,45.16,2,3,1,1568213,2024-11-09,2025-09-19,manual,1400000,1.1201521428571428
9199474680587550,1,1,42,F,RS002,J18.9,96.04,1,3,1,3281946,2025-06-27,2025-09-19,manual,4200000,0.7814157142857143
9730029854044707,1,1,68,M,RS006,I10,99.04,2,4,3,9667854,2025-08-04,2025-09-19,manual,2000000,4.833927
4642203147239080,1,1,65,M,RS010,E66.9,99.28,1,1,0,3573795,2025-09-11,2025-09-19,auto,1000000,3.573795
1502490653007146,1,1,12,F,RS001,I10,99.04,3,2,3,4172204,2024-09-14,2025-09-19,auto,2000000,2.086102
2469424367291430,1,1,66,M,RS005,Z34.0,73.0,3,2,3,1513982,2025-09-05,2025-09-19,auto,800000,1.8924775
9985542567456655,1,1,41,M,RS003,H25.9,13.5,1,1,0,4156043,2025-02-07,2025-09-19,manual,7500000,0.5541390666666667
9786737746073421,1,0,2,F,RS008,A09,45.23,3,1,1,1946372,2024-04-08,2025-09-19,auto,1300000,1.4972092307692308
1090001843714456,1,1,80,M,RS005,R10.4,87.09,1,4,0,9364222,2025-04-01,2025-09-19,auto,1200000,7.803518333333333
6548575927264451,0,0,31,M,RS005,O80,72.0,3,3,3,2288867,2025-07-19,2025-09-19,auto,3500000,0.653962
4675563490293494,1,1,90,F,RS007,E11,99.10,3,4,1,5726323,2025-09-09,2025-09-19,auto,2500000,2.2905292
9357512784816124,0,1,58,F,RS010,H25.9,13.4,3,4,1,8791009,2025-08-29,2025-09-19,manual,7500000,1.1721345333333333
8822472690099623,1,1,30,F,RS008,Z00.0,93.99,1,1,0,6748746,2025-08-25,2025-09-19,manual,700000,9.641065714285714
1100486984081003,1,0,43,M,RS010,M54.5,93.39,3,1,1,4615183,2024-08-23,2025-09-20,auto,1800000,2.5639905555555558
2298072669912854,0,1,32,F,RS004,J18.9,93.94,2,4,1,6755883,2025-07-21,2025-09-20,auto,4200000,1.6085435714285714
1977629979314827,1,1,51,F,RS005,A09,45.23,1,3,0,8615148,2025-01-18,2025-09-20,auto,1300000,6.627036923076923
0365877148380329,1,1,25,M,RS004,K29.7,45.16,1,2,2,1897924,2025-06-26,2025-09-20,manual,1700000,1.1164258823529412
8507871722212911,1,0,54,M,RS004,R10.4,45.23,2,1,0,9774964,2025-06-10,2025-09-20,manual,1200000,8.145803333333333
8568418520245529,1,1,41,F,RS005,A09,45.23,2,2,1,1902478,2025-08-11,2025-09-20,manual,1300000,1.4634446153846155
1112450439366337,1,0,60,F,RS002,R50.9,99.19,1,1,0,5907485,2025-08-30,2025-09-20,manual,1000000,5.907485
6721943696051368,0,0,30,M,RS002,Z00.0,93.99,2,2,1,8928855,2025-01-28,2025-09-20,manual,700000,12.755507142857143
8564399231945722,1,1,83,M,RS003,M54.5,93.39,1,1,0,9450807,2025-07-30,2025-09-20,auto,1800000,5.250448333333333
1161494074524667,1,0,57,F,RS001,Z03.8,93.91,2,4,0,7040736,2025-08-12,2025-09-20,manual,1200000,5.86728
2328601704311415,1,1,40,F,RS006,M54.5,93.39,3,1,2,4619334,2024-09-21,2025-09-20,auto,1800000,2.5662966666666667
0140430681574890,1,1,44,M,RS006,J00,93.9,2,1,0,2603518,2025-05-07,2025-09-20,manual,500000,5.207036
5436043092783054,1,1,20,F,RS009,I10,99.04,1,2,1,5512150,2025-04-14,2025-09-20,manual,2000000,2.756075
6462835810267016,1,1,27,M,RS004,O80,72.0,3,2,1,6420128,2024-06-18,2025-09-20,manual,3500000,1.8343222857142858
5936992247522874,1,1,44,M,RS002,H25.9,13.1,1,1,0,8212977,2025-07-21,2025-09-20,auto,7500000,1.0950636
3569671562354353,1,1,4,F,RS008,J45.9,93.96,2,2,0,2197251,2025-09-15,2025-09-20,manual,2300000,0.9553265217391305
7554000018774508,0,1,40,M,RS004,O80,72.0,3,1,1,3632495,2025-03-13,2025-09-20,manual,3500000,1.0378557142857143
8428382365331610,0,1,67,M,RS004,I10,99.04,3,2,4,5640218,2024-02-15,2025-09-20,manual,2000000,2.820109
3813512971597699,1,1,85,M,RS005,I10,99.04,2,1,4,2902896,2024-01-26,2025-09-20,manual,2000000,1.451448
6026617086952876,1,1,17,M,RS002,E66.9,99.28,1,1,2,8610927,2025-04-17,2025-09-20,manual,1000000,8.610927
2311733752635927,1,1,22,M,RS002,M54.5,93.39,1,4,1,7498333,2025-06-19,2025-09-20,manual,1800000,4.165740555555556
6462214513185217,1,1,14,M,RS002,H25.9,13.1,1,1,0,4139961,2024-04-06,2025-09-20,manual,7500000,0.5519948
8831120919280719,0,1,72,F,RS004,R50.9,99.19,3,3,0,8202054,2024-11-20,2025-09-20,manual,1000000,8.202054
4938553777748088,1,1,11,M,RS010,I25.1,99.24,1,3,2,4268515,2024-07-13,2025-09-20,manual,5000000,0.853703
5552763190173433,1,1,2,M,RS008,R50.9,99.19,3,3,0,6014111,2025-07-28,2025-09-20,manual,1000000,6.014111
9393823443913568,0,1,8,M,RS008,I25.1,99.24,1,4,4,890998,2025-04-07,2025-09-20,auto,5000000,0.1781996
1320938518628974,0,1,75,F,RS009,I25.1,36.15,3,4,6,8633440,2025-06-18,2025-09-20,manual,5000000,1.726688
9786613118787270,1,0,83,M,RS008,E11,99.10,1,3,2,3826874,2025-06-12,2025-09-20,auto,2500000,1.5307496
5514692385708093,1,1,36,M,RS008,K21.0,45.16,3,4,2,5843763,2025-09-09,2025-09-20,manual,1400000,4.174116428571429
5124039520614457,1,1,39,F,RS005,O80,72.0,3,1,3,6204433,2024-04-25,2025-09-20,auto,3500000,1.772695142857143
0302990690908133,1,1,90,M,RS001,A09,45.23,1,2,0,8378725,2025-05-08,2025-09-20,auto,1300000,6.445173076923077
6848019516988740,0,1,1,M,RS008,O80,72.0,2,2,2,5023569,2024-07-25,2025-09-20,manual,3500000,1.4353054285714286
9460133744519164,0,1,39,F,RS007,E11,99.10,2,2,4,1075613,2025-02-21,2025-09-20,manual,2500000,0.4302452
9752565089782370,1,1,79,M,RS002,I10,99.04,1,2,2,2518007,2024-12-05,2025-09-22,auto,2000000,1.2590035
1361776136193140,1,1,44,M,RS004,R10.4,45.23,1,2,0,3295229,2025-09-18,2025-09-22,auto,1200000,2.7460241666666665
1265300890824899,1,1,7,M,RS004,K21.0,45.16,2,4,1,4644634,2024-10-28,2025-09-22,auto,1400000,3.3175957142857144
4881174616215868,1,1,38,F,RS005,K29.7,45.16,2,3,0,9171894,2025-09-18,2025-09-22,auto,1700000,5.3952317647058825
8420807372907986,0,1,37,F,RS009,H25.9,13.1,3,3,0,678920,2024-09-06,2025-09-22,manual,7500000,0.09052266666666667
1320383327716598,0,1,38,M,RS006,E66.9,99.28,3,4,0,1601958,2025-03-06,2025-09-22,manual,1000000,1.601958
5068811175483453,1,0,16,F,RS006,Z34.0,73.0,3,3,2,844668,2025-03-06,2025-09-22,auto,800000,1.055835
1177206678366892,1,1,15,M,RS008,Z00.0,93.99,3,1,0,2681176,2025-04-15,2025-09-22,manual,700000,3.8302514285714286
1379833181406873,0,1,87,F,RS003,N39.0,57.94,2,2,1,4441051,2025-07-16,2025-09-22,manual,2200000,2.0186595454545455
2657372287960431,1,0,25,M,RS009,E66.9,99.28,2,3,2,8562313,2025-06-20,2025-09-22,manual,1000000,8.562313
4002087590544944,0,1,46,F,RS010,N39.0,57.98,2,3,0,9583768,2024-10-09,2025-09-22,manual,2200000,4.356258181818182
5556693730990013,0,1,20,M,RS001,I10,99.04,1,2,2,6887082,2024-04-22,2025-09-22,manual,2000000,3.443541
3975033264938899,1,1,71,M,RS007,J00,93.9,1,3,2,2157841,2024-09-10,2025-09-22,manual,500000,4.315682
0954382177876635,0,1,38,F,RS002,I25.1,99.24,3,1,3,8078894,2024-10-18,2025-09-22,manual,5000000,1.6157788
3861297914008947,0,1,76,F,RS004,J18.9,96.04,2,1,1,7928619,2025-08-29,2025-09-22,auto,4200000,1.8877664285714286
3648513951558433,1,1,2,F,RS008,N39.0,57.98,3,3,2,6330661,2024-02-09,2025-09-22,auto,2200000,2.877573181818182
3020858870331944,0,1,61,F,RS004,Z03.8,93.91,1,2,2,4220112,2024-10-05,2025-09-22,auto,1200000,3.51676
8851083312135006,1,1,46,M,RS006,J00,93.9,2,3,3,6306681,2025-05-06,2025-09-22,auto,500000,12.613362
6870740317422122,1,1,58,M,RS001,I25.1,36.15,3,2,2,2930477,2024-10-05,2025-09-22,manual,5000000,0.5860954
9382064479278505,1,1,65,M,RS005,Z03.8,93.91,2,3,2,7564249,2025-03-22,2025-09-22,auto,1200000,6.303540833333333
8433157679439861,1,1,70,F,RS001,Z03.8,93.91,1,4,0,6032077,2024-06-10,2025-09-22,manual,1200000,5.026730833333334
6672381129694723,1,1,8,F,RS007,M54.5,93.39,2,1,0,3283185,2024-06-18,2025-09-22,manual,1800000,1.8239916666666667
1743353525294579,1,1,4,F,RS007,I10,99.04,1,4,2,4627636,2024-11-29,2025-09-23,auto,2000000,2.313818
2650256788656680,1,1,17,F,RS003,A09,45.23,1,1,2,7507007,2025-06-03,2025-09-23,auto,1300000,5.774620769230769
7863300374732271,1,1,31,F,RS001,Z00.0,93.99,2,4,0,4499934,2025-01-28,2025-09-23,manual,700000,6.428477142857143
7382626710142900,1,0,59,F,RS004,R10.4,87.09,3,1,0,1917895,2025-07-19,2025-09-23,auto,1200000,1.5982458333333334
9348377310065652,1,1,4,F,RS010,J00,93.9,3,4,1,2885118,2025-06-26,2025-09-23,manual,500000,5.770236
9355936997744368,1,1,36,F,RS005,J45.9,93.96,2,1,1,7169369,2025-09-17,2025-09-23,auto,2300000,3.117116956521739
4642203147239080,1,1,65,M,RS005,E66.9,99.28,3,2,1,1019206,2025-09-10,2025-09-23,manual,1000000,1.019206
3020858870331944,0,1,61,F,RS004,K21.0,45.16,3,4,2,2708169,2025-08-28,2025-09-23,auto,1400000,1.9344064285714286
4521346844804966,1,1,10,M,RS007,A09,45.23,2,3,0,3943212,2024-07-26,2025-09-23,manual,1300000,3.03324
5812723090310377,1,0,63,M,RS010,E66.9,99.28,2,1,1,3541252,2025-06-16,2025-09-23,auto,1000000,3.541252
9031034793383396,0,1,53,F,RS007,M54.5,93.39,3,1,1,4495374,2025-01-10,2025-09-23,auto,1800000,2.49743
9093810094948070,0,1,16,F,RS004,R50.9,99.19,3,2,0,9453722,2025-06-09,2025-09-23,manual,1000000,9.453722
1520714846199201,0,1,77,F,RS007,J00,93.9,2,1,0,430447,2025-01-24,2025-09-23,manual,500000,0.860894
5439027553348790,0,1,1,M,RS010,M54.5,93.39,3,1,0,8126954,2025-07-11,2025-09-23,auto,1800000,4.514974444444444
7751315385467851,1,1,1,M,RS009,Z00.0,93.99,1,1,0,5224083,2025-07-04,2025-09-23,manual,700000,7.462975714285714
2036347310298226,0,1,52,F,RS002,I25.1,36.15,1,2,3,8540337,2025-04-14,2025-09-23,auto,5000000,1.7080674
6151670937396524,1,1,77,M,RS004,Z00.0,93.99,2,3,1,1638831,2025-07-25,2025-09-23,auto,700000,2.3411871428571427
6132556220911026,1,1,36,F,RS005,I10,99.04,1,1,3,6377279,2025-05-23,2025-09-23,manual,2000000,3.1886395
3020858870331944,0,1,61,F,RS004,Z03.8,93.91,3,2,0,4925577,2024-11-29,2025-09-23,manual,1200000,4.1046475
0949046316278525,1,1,85,F,RS004,K29.7,45.16,3,3,1,1178493,2025-08-07,2025-09-23,manual,1700000,0.6932311764705882
5812723090310377,1,0,63,M,RS010,E66.9,99.28,3,2,1,7807811,2024-12-16,2025-09-23,auto,1000000,7.807811
3529840699660624,1,0,65,M,RS010,N39.0,57.94,1,3,2,8801199,2025-09-26,2025-09-28,auto,2200000,4.000545
0512904047174893,0,1,7,M,RS002,Z00.0,93.99,3,1,0,517874,2025-05-13,2025-09-23,manual,700000,0.73982
1616504384422484,0,0,83,F,RS003,R10.4,45.23,1,3,0,8797715,2025-08-07,2025-09-23,manual,1200000,7.331429166666667
1520714846199201,0,1,77,F,RS007,J00,93.9,3,2,0,6525338,2024-05-17,2025-09-23,auto,500000,13.050676
8742736988066088,1,1,65,M,RS009,K29.7,45.16,3,4,3,2424170,2025-09-16,2025-09-23,manual,1700000,1.4259823529411764
3532614438581840,0,0,30,M,RS003,O80,72.0,3,1,3,6419450,2025-04-14,2025-09-23,manual,3500000,1.8341285714285713
3825819792221445,1,1,14,F,RS003,A09,45.23,1,3,1,3809995,2024-01-29,2025-09-23,auto,1300000,2.9307653846153845
2435704389682589,1,1,81,M,RS002,K29.7,45.16,2,2,1,1723235,2025-04-24,2025-09-23,auto,1700000,1.0136676470588235
8356358904030179,1,0,79,M,RS007,R50.9,99.19,1,4,1,5476211,2025-06-25,2025-09-23,auto,1000000,5.476211
8943195251932499,0,0,29,M,RS010,Z00.0,93.99,2,2,0,598681,2025-06-09,2025-09-23,auto,700000,0.8552585714285714
0959440846731639,0,1,89,M,RS004,M54.5,93.39,2,3,1,6889610,2025-09-08,2025-09-23,auto,1800000,3.827561111111111
5321224236188223,1,1,60,F,RS002,O80,72.0,1,3,4,4208089,2024-05-23,2025-09-23,manual,3500000,1.202311142857143
4813161534313995,1,1,86,F,RS002,O80,72.0,3,1,2,9005373,2025-08-13,2025-09-23,auto,3500000,2.5729637142857142
0610606685488164,1,0,12,M,RS008,Z00.0,93.99,3,3,0,7322472,2024-12-13,2025-09-23,auto,700000,10.460674285714285
3122374314425992,1,1,15,M,RS005,R50.9,99.19,3,2,0,1894988,2024-08-30,2025-09-23,auto,1000000,1.894988
1179675100857489,0,1,21,M,RS001,K21.0,45.16,3,4,0,7729065,2025-08-22,2025-09-24,auto,1400000,5.520760714285714
7052178650490800,1,1,17,F,RS003,J45.9,93.96,1,3,0,6041539,2025-07-17,2025-09-24,manual,2300000,2.626756086956522
0841004995119686,1,0,76,F,RS010,J18.9,96.04,2,1,0,6916856,2025-07-23,2025-09-24,manual,4200000,1.6468704761904762
7369417750167669,1,0,63,F,RS004,Z00.0,93.99,3,4,0,5552918,2025-09-18,2025-09-24,auto,700000,7.93274
8231782736277653,1,1,5,M,RS007,N39.0,57.98,1,3,0,6432280,2025-01-03,2025-09-24,manual,2200000,2.9237636363636366
0745050735657584,1,1,63,F,RS001,H25.9,13.4,1,3,0,3662310,2025-07-19,2025-09-24,manual,7500000,0.488308
8661118590863985,1,1,85,M,RS010,Z00.0,93.99,3,2,0,5326653,2025-05-20,2025-09-24,auto,700000,7.609504285714285
7264428727970607,1,0,60,M,RS009,J00,93.9,2,3,1,1849163,2025-07-05,2025-09-24,manual,500000,3.698326
8628608510978748,1,0,50,F,RS010,E11,99.10,3,1,0,6213023,2024-11-26,2025-09-24,manual,2500000,2.4852092
0673374816293677,1,1,81,M,RS010,E11,99.10,2,1,3,8839913,2024-04-30,2025-09-24,auto,2500000,3.5359652
0129205103690581,1,1,77,F,RS008,O80,72.0,3,2,1,3852591,2024-01-29,2025-09-24,auto,3500000,1.1007402857142856
0686759932621737,0,1,30,F,RS008,R10.4,45.23,1,4,0,6527395,2025-08-18,2025-09-24,manual,1200000,5.439495833333333
8379560347638061,1,1,4,M,RS006,H25.9,13.4,2,4,0,969147,2024-06-11,2025-09-24,manual,7500000,0.1292196
0411443200750092,0,0,79,M,RS006,N39.0,57.98,1,1,1,2712722,2025-08-18,2025-09-24,auto,2200000,1.2330554545454546
3527551743552484,1,1,81,F,RS008,Z03.8,93.91,3,1,0,7465796,2025-06-18,2025-09-24,auto,1200000,6.221496666666667
5343769046245881,1,1,80,F,RS001,J45.9,93.96,2,4,1,9273344,2025-04-21,2025-09-24,auto,2300000,4.031888695652174
4106861308068869,1,0,26,F,RS005,E11,99.10,3,3,3,1926202,2025-07-19,2025-09-24,manual,2500000,0.7704808
3278602931629557,1,0,66,M,RS009,J18.9,96.04,3,2,0,3207797,2025-07-26,2025-09-24,manual,4200000,0.7637611904761905
2320200927976298,0,0,40,F,RS006,H25.9,13.1,2,1,0,8544481,2025-07-03,2025-09-24,manual,7500000,1.1392641333333333
7737742232257082,0,1,7,M,RS004,M54.5,93.39,2,1,1,6272978,2024-11-27,2025-09-24,manual,1800000,3.4849877777777776
6638458907451555,1,1,24,F,RS005,Z34.0,73.0,2,1,1,9072820,2025-06-07,2025-09-24,auto,800000,11.341025
3939959990377015,0,0,13,F,RS003,I10,99.04,1,1,3,431312,2025-06-16,2025-09-24,auto,2000000,0.215656
9530165106478672,1,1,62,F,RS001,I25.1,99.24,1,3,1,6484583,2025-03-19,2025-09-24,manual,5000000,1.2969166
9819520819893304,1,0,72,M,RS001,J18.9,93.94,2,2,0,7500696,2025-09-11,2025-09-24,auto,4200000,1.78588
8765410831707621,1,1,14,M,RS006,K29.7,45.16,1,1,0,1596793,2025-07-08,2025-09-24,manual,1700000,0.93929
3439461404879970,1,0,44,F,RS002,H25.9,13.4,3,4,1,6981480,2024-07-08,2025-09-24,manual,7500000,0.930864
7420698226803757,1,1,83,F,RS007,Z03.8,93.91,1,2,2,4605498,2025-02-14,2025-09-24,manual,1200000,3.837915
0402058295028777,1,1,69,M,RS006,N39.0,57.94,1,1,2,646551,2024-12-10,2025-09-25,manual,2200000,0.29388681818181817
2088186843718702,1,1,20,M,RS005,J00,93.9,2,2,2,9981530,2025-05-20,2025-09-25,auto,500000,19.96306
6035283383075389,1,0,45,M,RS008,E66.9,99.28,2,1,1,4095394,2025-07-24,2025-09-25,auto,1000000,4.095394
9958327336498786,0,1,32,F,RS004,N39.0,57.94,2,1,1,4309660,2025-08-19,2025-09-25,auto,2200000,1.9589363636363637
5834511151055523,1,1,22,M,RS008,A09,45.23,3,4,0,935778,2024-04-26,2025-09-25,manual,1300000,0.7198292307692308
8874434686937598,1,1,61,F,RS003,E11,99.10,2,3,0,6068091,2024-01-30,2025-09-25,auto,2500000,2.4272364
9124321224474052,0,0,10,F,RS007,R50.9,99.19,3,2,0,5633010,2024-10-28,2025-09-25,auto,1000000,5.63301
8084434077737782,1,1,26,M,RS004,H25.9,13.4,1,3,0,8907027,2025-05-02,2025-09-25,manual,7500000,1.1876036
5398001300308113,0,1,1,M,RS005,E11,99.10,2,2,0,9558621,2025-04-01,2025-09-25,auto,2500000,3.8234484
5399096333132267,1,1,23,F,RS004,R50.9,99.19,2,4,2,7462974,2025-03-29,2025-09-25,manual,1000000,7.462974
7845021326359850,1,0,65,F,RS007,R10.4,87.09,3,3,2,8082982,2025-06-11,2025-09-25,manual,1200000,6.7358183333333335
9355936997744368,1,1,36,F,RS005,J45.9,93.96,3,4,0,6106306,2025-01-08,2025-09-25,auto,2300000,2.654915652173913
5813951965610035,0,0,70,M,RS010,R50.9,99.19,3,1,0,2417258,2025-02-08,2025-09-25,manual,1000000,2.417258
7374001504949100,1,1,60,F,RS002,O80,72.0,2,3,2,2873598,2025-08-07,2025-09-25,manual,3500000,0.821028
6431099747463069,1,1,21,M,RS004,I25.1,99.24,1,3,4,2278397,2025-08-09,2025-09-25,auto,5000000,0.4556794
0313004035377088,1,1,44,M,RS003,J18.9,93.94,1,1,0,6278372,2024-10-17,2025-09-25,manual,4200000,1.4948504761904762
1932837844152572,1,1,80,M,RS001,A09,45.23,2,2,2,3349631,2025-06-26,2025-09-25,auto,1300000,2.576639230769231
0570953459418509,1,1,49,F,RS001,I10,99.04,2,4,4,1653932,2025-04-05,2025-09-25,auto,2000000,0.826966
6675251271069761,0,1,30,M,RS004,J45.9,93.96,2,3,2,4695786,2025-04-28,2025-09-25,auto,2300000,2.0416460869565216
4333693941290091,1,0,52,M,RS002,I25.1,36.15,1,4,3,4307621,2024-08-24,2025-09-25,manual,5000000,0.8615242
4831592105256498,0,1,26,F,RS009,J18.9,96.04,2,1,0,9771003,2024-11-12,2025-09-25,auto,4200000,2.3264292857142856
9201150147980678,1,1,73,M,RS003,I10,99.04,3,4,4,772792,2025-09-10,2025-09-25,manual,2000000,0.386396
1082739201779474,0,0,69,F,RS010,Z34.0,73.0,3,4,2,2926087,2025-08-18,2025-09-25,auto,800000,3.65760875
5201789267133296,0,1,76,F,RS008,Z03.8,93.91,1,3,0,5977560,2025-05-20,2025-09-25,auto,1200000,4.9813
8639034750764760,1,0,11,F,RS005,J18.9,93.94,1,4,0,7668206,2025-07-21,2025-09-25,manual,4200000,1.8257633333333334
5238975004133386,1,1,33,F,RS004,K21.0,45.16,2,1,0,7588793,2025-05-07,2025-09-25,manual,1400000,5.420566428571429
5169024515220406,1,0,34,F,RS001,O80,72.0,1,3,3,5726083,2025-09-04,2025-09-25,auto,3500000,1.6360237142857144
8942003607029330,1,1,10,F,RS005,J18.9,93.94,1,1,1,885533,2025-06-13,2025-09-25,manual,4200000,0.2108411904761905
2876152208513884,1,1,24,F,RS003,I10,99.04,2,3,3,608876,2025-09-19,2025-09-25,manual,2000000,0.304438
4599049685738441,1,1,47,M,RS001,I10,99.04,1,1,3,3860316,2025-09-13,2025-09-25,auto,2000000,1.930158
2495961188989685,0,1,73,F,RS001,N39.0,57.94,1,1,0,892606,2025-08-12,2025-09-25,manual,2200000,0.40573
9367137590159353,1,1,41,M,RS010,A09,45.23,1,2,1,4153388,2025-01-25,2025-09-25,auto,1300000,3.194913846153846
8578198583685839,1,1,27,F,RS006,M54.5,93.39,1,1,1,4107368,2024-11-13,2025-09-26,manual,1800000,2.281871111111111
3303275983419441,1,1,58,M,RS002,K21.0,45.16,2,1,2,8606583,2024-10-07,2025-09-26,auto,1400000,6.147559285714285
9035988094969622,1,1,89,F,RS005,K21.0,45.16,3,2,2,2605548,2025-08-21,2025-09-26,manual,1400000,1.8611057142857144
7090606701733834,0,1,7,F,RS003,K21.0,45.16,2,4,0,4029964,2025-09-19,2025-09-26,auto,1400000,2.8785457142857145
4189652918698162,1,1,37,M,RS010,R10.4,87.09,1,1,0,4040345,2024-02-29,2025-09-26,manual,1200000,3.3669541666666665
6118312882326426,1,1,45,F,RS004,J18.9,93.94,3,1,2,1007020,2024-09-24,2025-09-26,manual,4200000,0.23976666666666666
6320394300532438,0,1,72,F,RS005,Z00.0,93.99,1,4,0,2671293,2025-01-11,2025-09-26,auto,700000,3.816132857142857
8603255609643840,1,1,14,M,RS002,K29.7,45.16,1,3,1,5753849,2025-04-11,2025-09-26,auto,1700000,3.3846170588235296
9310857938702230,1,1,60,M,RS001,A09,45.23,2,4,0,2717926,2025-09-09,2025-09-26,manual,1300000,2.0907123076923075
4830091898335094,1,0,47,F,RS002,R10.4,87.09,2,2,0,1355342,2025-01-18,2025-09-26,manual,1200000,1.1294516666666667
2978530033833550,1,1,11,M,RS004,K21.0,45.16,1,1,0,962310,2025-03-11,2025-09-26,manual,1400000,0.6873642857142858
4215995736979502,1,1,80,M,RS007,J45.9,93.96,2,3,0,6263391,2025-04-30,2025-09-26,auto,2300000,2.7232134782608695
3344512280938618,1,0,72,F,RS005,M54.5,93.39,1,4,1,8843247,2025-03-05,2025-09-26,manual,1800000,4.912915
9879803914199190,1,1,54,M,RS007,Z34.0,73.0,2,2,4,8263529,2025-09-09,2025-09-26,auto,800000,10.32941125
1130364344708384,1,0,22,F,RS005,A09,45.23,2,4,0,3043207,2024-09-05,2025-09-26,auto,1300000,2.3409284615384616
2513636250050664,1,1,8,M,RS009,J18.9,96.04,1,4,1,5665921,2025-05-21,2025-09-26,manual,4200000,1.3490288095238094
7038578589303999,0,1,76,F,RS005,M54.5,93.39,3,1,0,7110706,2025-02-18,2025-09-26,manual,1800000,3.9503922222222223
6066919408236976,0,1,40,M,RS001,I10,99.04,2,3,4,5578585,2025-08-14,2025-10-05,manual,2000000,2.7892925
2768842318988658,0,1,23,F,RS010,Z00.0,93.99,2,4,0,7612693,2024-04-13,2025-09-26,manual,700000,10.875275714285713
9572252825974371,0,1,49,F,RS008,M54.5,93.39,1,4,0,3864704,2025-09-05,2025-09-26,manual,1800000,2.147057777777778
2125759466188800,1,1,83,M,RS001,R10.4,87.09,2,3,0,7270857,2024-12-11,2025-09-26,auto,1200000,6.0590475
6772259978251224,0,1,69,F,RS002,K21.0,45.16,1,3,1,9827895,2025-09-01,2025-09-26,manual,1400000,7.019925
4141124895771584,1,1,39,F,RS009,J00,93.9,2,3,0,2893963,2025-08-12,2025-09-26,auto,500000,5.787926
8342180232557825,1,1,24,F,RS005,O80,72.0,2,2,2,4772462,2025-07-01,2025-09-26,auto,3500000,1.3635605714285715
7585247701200370,0,1,12,F,RS010,K29.7,45.16,1,4,0,729224,2025-08-22,2025-09-26,manual,1700000,0.42895529411764705
6268317836288887,1,1,30,F,RS010,R50.9,99.19,3,3,0,3938062,2025-07-26,2025-09-26,manual,1000000,3.938062
7084479290251865,0,0,62,F,RS009,A09,45.23,3,3,2,904482,2025-03-06,2025-09-26,auto,1300000,0.6957553846153847
7226578348736665,1,1,28,F,RS004,R10.4,87.09,1,4,0,8514693,2024-06-21,2025-09-27,manual,1200000,7.0955775
4082835171662349,1,1,2,M,RS010,R50.9,99.19,2,2,0,3881523,2024-08-01,2025-09-27,auto,1000000,3.881523
6840867016380066,1,0,63,F,RS006,R50.9,99.19,1,2,0,2377938,2025-07-07,2025-09-27,manual,1000000,2.377938
2388138687603825,0,1,73,F,RS002,Z34.0,73.0,1,1,4,9350142,2025-07-08,2025-09-27,auto,800000,11.6876775
8565032210064819,1,1,36,F,RS005,M54.5,93.39,3,2,2,1209838,2025-04-12,2025-09-27,auto,1800000,0.6721322222222222
7546063553438211,1,1,50,M,RS001,J00,93.9,2,4,1,5625728,2025-08-07,2025-09-27,manual,500000,11.251456
1594962103120780,1,1,65,M,RS001,Z34.0,73.0,2,3,3,7102205,2024-02-15,2025-09-27,manual,800000,8.87775625
0315619825446469,1,1,23,F,RS009,I10,99.04,1,3,0,5290611,2025-01-06,2025-09-27,auto,2000000,2.6453055
8822472690099623,1,1,30,F,RS008,Z00.0,93.99,2,1,0,416624,2024-08-22,2025-09-27,manual,700000,0.5951771428571428
3793726523782804,1,1,21,M,RS009,K21.0,45.16,3,4,0,3897562,2025-08-09,2025-09-27,manual,1400000,2.783972857142857
4586715196777985,0,1,26,M,RS001,E11,99.10,2,4,3,3592725,2024-02-08,2025-09-27,manual,2500000,1.43709
1969243615292712,1,1,39,M,RS009,E11,99.10,2,3,1,2400584,2024-09-09,2025-09-27,auto,2500000,0.9602336
9172164010266734,0,1,27,F,RS006,J45.9,93.96,3,1,0,4460865,2024-10-25,2025-09-27,manual,2300000,1.9395065217391305
8679786533209225,1,1,8,F,RS003,M54.5,93.39,1,2,2,878898,2025-05-03,2025-09-27,manual,1800000,0.4882766666666667
2625317558403859,1,1,24,F,RS010,A09,45.23,2,1,3,4313753,2025-09-10,2025-09-27,manual,1300000,3.3182715384615387
8244743543069125,1,1,48,F,RS002,I10,99.04,1,1,1,4555386,2024-11-26,2025-09-27,manual,2000000,2.277693
8404646540554843,1,1,65,F,RS004,O80,72.0,2,3,1,1286724,2025-06-19,2025-09-27,manual,3500000,0.36763542857142856
7196613456778908,1,1,18,F,RS003,R50.9,99.19,3,2,0,7786404,2025-07-17,2025-09-27,auto,1000000,7.786404
5926062375973350,0,1,28,M,RS005,R10.4,87.09,3,2,0,6555760,2024-06-06,2025-09-27,manual,1200000,5.463133333333333
0469014998071474,1,1,29,F,RS008,I25.1,99.24,3,1,2,9849070,2025-03-05,2025-09-27,manual,5000000,1.969814
8363309349833107,1,1,66,F,RS005,K29.7,45.16,2,2,0,1495489,2024-06-22,2025-09-27,auto,1700000,0.8796994117647059
7011948972527272,1,1,72,M,RS003,J18.9,93.94,1,2,1,5949889,2025-08-28,2025-09-27,auto,4200000,1.416640238095238
3540558533947041,1,1,60,M,RS002,R10.4,87.09,3,1,1,1023484,2024-01-04,2025-09-27,auto,1200000,0.8529033333333333
1385241344555728,0,1,73,F,RS005,Z03.8,93.91,1,4,1,496394,2025-02-27,2025-09-27,auto,1200000,0.41366166666666665
4082835171662349,1,1,2,M,RS010,Z03.8,93.91,2,3,0,9455181,2025-09-05,2025-09-27,manual,1200000,7.8793175
1391135425667237,0,1,19,F,RS010,K29.7,45.16,3,3,2,2623283,2024-11-11,2025-09-27,auto,1700000,1.5431076470588236
3287558779877850,1,1,68,F,RS004,I10,99.04,1,3,2,5522665,2024-01-15,2025-09-27,manual,2000000,2.7613325
0110945917184723,1,1,87,F,RS008,K29.7,45.16,2,1,0,4080646,2025-03-04,2025-09-27,manual,1700000,2.40038
3499318732286346,1,1,63,M,RS008,R50.9,99.19,3,1,1,4635002,2025-07-24,2025-09-27,auto,1000000,4.635002
0582958168426980,1,1,79,M,RS008,R10.4,87.09,1,4,0,3837467,2025-09-15,2025-09-27,auto,1200000,3.1978891666666667
0250691975058839,1,1,84,M,RS009,M54.5,93.39,3,3,0,3118911,2025-04-15,2025-09-27,manual,1800000,1.7327283333333334
7783057971395830,0,1,35,M,RS002,R50.9,99.19,1,4,0,4897480,2024-12-20,2025-09-27,auto,1000000,4.89748
1588339970503141,0,1,76,F,RS006,K29.7,45.16,1,4,0,8512810,2024-07-18,2025-09-27,auto,1700000,5.007535294117647
2380494624008396,1,0,37,M,RS001,K29.7,45.16,3,1,1,8395781,2025-06-18,2025-09-27,manual,1700000,4.938694705882353
9311239288418364,1,1,42,M,RS006,Z34.0,73.0,2,2,2,9225405,2025-09-24,2025-09-27,manual,800000,11.53175625
1161351260301758,1,1,31,M,RS009,J18.9,93.94,1,3,1,942579,2025-08-11,2025-09-27,manual,4200000,0.22442357142857142
3841999087286045,1,1,32,F,RS002,A09,45.23,1,3,2,2492556,2025-08-12,2025-09-27,auto,1300000,1.9173507692307692
9070692749547225,1,1,11,F,RS006,Z03.8,93.91,2,4,1,7128348,2025-07-01,2025-09-27,auto,1200000,5.94029
6545333595574259,1,1,28,M,RS007,I10,99.04,2,1,2,775502,2025-08-28,2025-09-27,auto,2000000,0.387751
6614791601019959,0,1,52,F,RS003,I10,99.04,1,2,0,1114541,2025-09-10,2025-09-27,auto,2000000,0.5572705
7939617567102819,1,1,63,F,RS001,E66.9,99.28,3,2,1,584537,2025-09-06,2025-09-27,auto,1000000,0.584537
8903231696484346,1,0,72,F,RS010,K21.0,45.16,2,3,0,9491410,2025-09-15,2025-09-29,manual,1400000,6.779578571428571
5888079935141854,1,1,6,M,RS001,A09,45.23,3,4,0,1846078,2024-01-05,2025-09-29,manual,1300000,1.42006
8942003607029330,1,1,10,F,RS005,J18.9,93.94,1,2,0,1267869,2024-08-08,2025-09-29,manual,4200000,0.3018735714285714
0313004035377088,1,1,44,M,RS003,J18.9,93.94,2,3,1,8331745,2025-09-09,2025-09-29,auto,4200000,1.9837488095238096
1764240686273313,1,1,77,M,RS007,J00,93.9,3,4,1,7315897,2025-02-18,2025-09-29,manual,500000,14.631794
6114470252394502,1,0,3,M,RS010,I25.1,99.24,2,3,3,3929157,2025-07-02,2025-09-29,manual,5000000,0.7858314
8603235850335200,1,0,75,F,RS001,J45.9,93.96,2,1,0,554052,2024-03-04,2025-09-29,manual,2300000,0.2408921739130435
3164222684055563,1,1,21,F,RS005,E66.9,99.28,3,2,1,636975,2025-07-17,2025-09-29,manual,1000000,0.636975
7610241676266677,1,1,36,M,RS006,M54.5,93.39,3,3,0,2317042,2024-07-08,2025-09-29,manual,1800000,1.2872455555555555
2452498976287226,1,1,78,F,RS007,K29.7,45.16,2,4,2,5123816,2025-09-09,2025-09-29,auto,1700000,3.014009411764706
5712990863481630,1,1,44,M,RS003,Z03.8,93.91,2,4,0,9748847,2025-03-08,2025-09-29,auto,1200000,8.124039166666666
8391890040333894,1,0,62,M,RS004,O80,72.0,1,4,1,3754152,2024-08-27,2025-09-29,auto,3500000,1.072614857142857
6570832744863866,1,0,32,M,RS008,O80,72.0,1,2,3,2137356,2025-02-08,2025-09-29,auto,3500000,0.6106731428571428
8858142305852110,1,1,52,M,RS005,Z03.8,93.91,3,3,0,736069,2025-09-15,2025-09-29,auto,1200000,0.6133908333333333
0016213988176813,0,1,62,M,RS002,J45.9,93.96,3,1,0,6339446,2025-07-14,2025-09-29,manual,2300000,2.7562808695652175
8673881653325308,0,1,25,F,RS008,J00,93.9,1,1,1,4352351,2025-05-22,2025-09-29,auto,500000,8.704702
4831592105256498,0,1,26,F,RS009,J18.9,96.04,2,2,0,6444062,2024-09-11,2025-09-29,auto,4200000,1.5343004761904762
7834441145195136,1,0,86,F,RS006,H25.9,13.5,2,3,0,9323539,2024-06-01,2025-09-29,manual,7500000,1.2431385333333334
6971066983248847,0,1,69,M,RS003,E11,99.10,1,2,2,6944097,2024-12-30,2025-09-29,auto,2500000,2.7776388
6127807157175443,1,1,79,F,RS008,Z34.0,73.0,2,2,1,441029,2025-09-10,2025-09-29,auto,800000,0.55128625
6464397231928104,1,1,30,F,RS003,O80,72.0,3,2,4,4858855,2024-05-25,2025-09-29,auto,3500000,1.3882442857142858
6697281077434688,1,0,44,M,RS008,J00,93.9,3,2,0,441435,2025-08-14,2025-09-29,auto,500000,0.88287
1518560651396961,1,0,13,F,RS007,Z03.8,93.91,3,2,1,1935401,2025-01-18,2025-09-29,manual,1200000,1.6128341666666666
0315619825446469,1,1,23,F,RS001,I25.1,36.15,3,4,3,6521450,2025-06-14,2025-09-29,auto,5000000,1.30429
2495961188989685,0,1,73,F,RS001,N39.0,57.94,2,2,2,3530297,2025-09-03,2025-09-29,auto,2200000,1.6046804545454545
9447103060373529,0,1,81,M,RS004,M54.5,93.39,3,3,1,5201951,2025-09-10,2025-09-29,manual,1800000,2.889972777777778
4150966194478088,1,1,73,M,RS003,H25.9,13.4,1,3,0,549429,2024-07-09,2025-09-29,manual,7500000,0.0732572
3047778961728469,1,0,4,M,RS008,I25.1,99.24,1,1,2,4778833,2025-05-08,2025-09-29,manual,5000000,0.9557666
1313611684213715,1,1,9,M,RS007,Z34.0,73.0,3,1,2,1916960,2025-03-03,2025-09-29,auto,800000,2.3962
6525350322602392,1,1,28,M,RS007,Z00.0,93.99,2,2,0,3445279,2025-09-20,2025-09-29,manual,700000,4.9218271428571425
8527376827290918,1,1,43,F,RS005,N39.0,57.94,3,4,1,8860085,2025-09-06,2025-09-29,auto,2200000,4.027311363636364
0802369540465812,0,1,76,M,RS001,R50.9,99.19,2,3,0,9005953,2024-09-16,2025-09-29,manual,1000000,9.005953
0926870718558999,1,1,43,F,RS009,Z34.0,73.0,3,2,1,7268564,2025-09-25,2025-09-29,manual,800000,9.085705
5031987492891343,1,1,44,F,RS006,K21.0,45.16,3,4,1,7589960,2025-05-26,2025-09-29,manual,1400000,5.4214
6439513688041679,1,1,42,M,RS008,A09,45.23,1,1,2,2096184,2024-08-17,2025-09-29,manual,1300000,1.6124492307692309
5488594253824256,0,1,64,F,RS006,O80,72.0,2,1,2,1148772,2025-08-01,2025-09-30,manual,3500000,0.3282205714285714
9526040651749891,0,1,39,F,RS009,I10,99.04,1,2,1,642029,2024-01-25,2025-09-30,manual,2000000,0.3210145
7708695437550438,1,1,33,M,RS004,J00,93.9,2,3,0,463021,2024-12-26,2025-09-30,manual,500000,0.926042
0027562408572071,1,0,47,F,RS005,I25.1,36.15,2,2,2,4061886,2025-09-15,2025-09-30,auto,5000000,0.8123772
6821489080645111,1,1,14,F,RS001,M54.5,93.39,1,1,2,8493147,2025-02-08,2025-09-30,manual,1800000,4.718415
9633153199749701,0,1,90,M,RS007,N39.0,57.94,3,4,1,5512875,2025-06-27,2025-09-30,auto,2200000,2.5058522727272727
5378118084037219,0,1,45,F,RS010,K29.7,45.16,3,4,0,496357,2025-05-22,2025-09-30,manual,1700000,0.2919747058823529
3188465804186084,1,0,80,M,RS005,E66.9,99.28,3,2,2,8149579,2025-08-09,2025-09-30,manual,1000000,8.149579
7297573114568543,1,1,24,M,RS009,I10,99.04,2,3,2,2994194,2025-03-20,2025-09-30,auto,2000000,1.497097
6790382698950307,1,1,31,F,RS001,R10.4,45.23,1,4,0,5141364,2025-04-04,2025-09-30,manual,1200000,4.28447
6127807157175443,1,1,79,F,RS008,Z34.0,73.0,1,2,2,1965903,2025-06-12,2025-09-30,manual,800000,2.45737875
2504997695517251,0,1,67,M,RS006,K29.7,45.16,1,3,1,1102534,2025-04-04,2025-09-30,manual,1700000,0.6485494117647059
5124039520614457,1,1,39,F,RS005,O80,72.0,3,4,1,8749134,2025-04-23,2025-09-30,manual,3500000,2.4997525714285715
9313949562801722,1,1,53,F,RS008,H25.9,13.5,1,2,1,9832572,2025-09-27,2025-09-30,manual,7500000,1.3110096
3888514952668670,1,0,80,F,RS006,K29.7,45.16,1,4,0,9089696,2025-07-02,2025-09-30,manual,1700000,5.34688
8705755801040283,1,0,41,M,RS007,K21.0,45.16,1,4,3,8404106,2025-09-20,2025-09-30,manual,1400000,6.0029328571428575
3492025524091001,1,0,42,F,RS006,J00,93.9,3,4,1,5339576,2025-08-23,2025-09-30,auto,500000,10.679152
6316736861878312,1,1,42,F,RS010,N39.0,57.94,1,2,0,6909437,2024-12-28,2025-09-30,auto,2200000,3.1406531818181818
2058288071391914,1,1,40,M,RS007,Z03.8,93.91,2,3,0,9439077,2024-02-21,2025-09-30,manual,1200000,7.8658975
0808443078577059,0,1,69,M,RS006,N39.0,57.94,3,2,3,8372780,2025-09-26,2025-09-30,auto,2200000,3.805809090909091
8481778852171589,1,0,73,F,RS002,J00,93.9,3,2,2,7674445,2025-03-29,2025-09-30,auto,500000,15.34889
3420702734844499,1,1,65,M,RS004,K29.7,45.16,2,4,0,4641917,2025-06-06,2025-09-30,auto,1700000,2.7305394117647057
5882037382651154,1,1,74,M,RS005,H25.9,13.4,1,2,0,589441,2025-07-01,2025-09-30,auto,7500000,0.07859213333333333
6026617086952876,1,1,17,M,RS002,E11,99.10,3,2,0,1084020,2025-09-19,2025-09-30,manual,2500000,0.433608
3341963468496054,1,1,21,M,RS006,J18.9,93.94,1,4,0,6975635,2024-02-10,2025-09-30,manual,4200000,1.6608654761904762
5455179536258516,1,1,40,F,RS010,R50.9,93.91,3,3,1,5387271,2025-07-11,2025-10-01,auto,1200000,4.4893925
4925830010920462,1,0,30,M,RS007,O80,72.0,2,3,1,1535590,2024-11-21,2025-10-01,auto,3500000,0.43874
8552871560518504,1,1,20,M,RS009,Z34.0,73.0,1,4,2,8064738,2025-05-06,2025-10-01,auto,800000,10.0809225
4583549720373922,1,1,53,M,RS006,R50.9,99.19,1,2,0,8575692,2025-04-29,2025-10-01,auto,1000000,8.575692
9324484402579378,1,1,16,F,RS005,E11,99.10,2,2,1,5497946,2025-09-16,2025-10-01,auto,2500000,2.1991784
9803835752365209,0,1,6,F,RS004,H25.9,13.1,1,1,0,4080947,2025-01-08,2025-10-01,manual,7500000,0.5441262666666666
7889581571818786,1,1,36,F,RS004,E66.9,99.28,3,4,2,2756892,2024-11-01,2025-10-01,auto,1000000,2.756892
0565829225677991,1,0,88,M,RS004,M54.5,93.39,1,2,0,5528378,2025-09-01,2025-10-01,manual,1800000,3.071321111111111
3055450589900843,1,0,23,F,RS004,R50.9,99.19,1,2,0,1769083,2025-04-02,2025-10-01,manual,1000000,1.769083
6655955791568020,1,0,23,F,RS004,Z03.8,93.91,2,4,0,1887833,2025-07-04,2025-10-01,manual,1200000,1.5731941666666667
2387387147008419,1,1,18,M,RS010,R10.4,87.09,2,1,0,6543223,2024-11-19,2025-10-01,auto,1200000,5.452685833333334
8142924535919896,1,0,69,M,RS010,R50.9,99.19,3,3,0,2413537,2025-04-30,2025-10-01,auto,1000000,2.413537
1505840257036345,1,1,34,F,RS002,K21.0,45.16,2,3,1,5398366,2025-08-15,2025-10-01,auto,1400000,3.8559757142857145
7214269751176882,1,1,23,M,RS009,J45.9,93.96,1,3,0,6988144,2025-09-17,2025-10-01,manual,2300000,3.0383234782608697
7926264611846985,0,1,66,M,RS009,Z00.0,93.99,3,1,1,6123028,2025-02-01,2025-10-01,manual,700000,8.747182857142857
7317434769110886,1,1,62,F,RS004,E66.9,99.28,2,4,2,7869164,2025-02-17,2025-10-01,manual,1000000,7.869164
6824204023864632,1,1,90,F,RS006,J45.9,93.96,3,3,1,6437643,2024-06-22,2025-10-01,manual,2300000,2.7989752173913045
5281676812688291,1,1,41,F,RS003,N39.0,57.98,2,2,2,4356141,2024-04-25,2025-10-01,manual,2200000,1.980064090909091
3661451854977825,0,1,68,F,RS001,K29.7,45.16,1,4,2,3554113,2025-09-08,2025-10-01,manual,1700000,2.090654705882353
7283761099537279,1,1,33,M,RS001,E66.9,99.28,3,3,2,6196325,2025-02-19,2025-10-01,auto,1000000,6.196325
5948843158402314,1,1,24,F,RS009,E66.9,99.28,2,3,1,7241066,2024-11-15,2025-10-01,auto,1000000,7.241066
1391135425667237,0,1,19,F,RS010,K21.0,45.16,1,4,1,8401601,2025-06-27,2025-10-01,auto,1400000,6.001143571428571
1689262097121732,1,1,5,F,RS004,J18.9,96.04,1,1,0,9699895,2025-07-25,2025-10-01,auto,4200000,2.3094988095238094
3278602931629557,1,0,66,M,RS009,E11,99.10,3,4,2,5233733,2025-04-15,2025-10-01,auto,2500000,2.0934932
2278189608055610,1,1,8,F,RS009,J45.9,93.96,1,2,1,6298763,2025-09-05,2025-10-01,manual,2300000,2.7385926086956522
9700087099945195,1,0,12,M,RS001,J18.9,96.04,2,4,2,2282339,2024-06-20,2025-10-02,manual,4200000,0.5434140476190477
8937730046438109,1,1,12,M,RS003,M54.5,93.39,2,1,0,5134958,2025-09-22,2025-10-02,auto,1800000,2.8527544444444444
2270053787197770,0,0,74,F,RS005,J45.9,93.96,3,2,1,3493647,2025-07-15,2025-10-02,auto,2300000,1.518976956521739
5378585533521299,1,0,25,M,RS006,E66.9,99.28,1,3,2,9847344,2025-09-20,2025-10-02,manual,1000000,9.847344
3770835176640282,1,1,87,F,RS003,K21.0,45.16,3,2,1,2534201,2025-06-21,2025-10-02,manual,1400000,1.8101435714285714
4813672523999981,0,1,84,F,RS005,J18.9,96.04,1,3,0,3056941,2025-07-29,2025-10-02,auto,4200000,0.7278430952380952
0375962382335677,1,1,51,F,RS010,K21.0,45.16,3,4,1,7005756,2025-02-06,2025-10-02,manual,1400000,5.004111428571429
9268457040179281,1,1,21,F,RS001,E11,99.10,3,2,2,4482510,2025-01-31,2025-10-02,manual,2500000,1.793004
9977956565515420,1,1,64,F,RS001,J00,93.9,1,4,1,8528131,2025-09-19,2025-10-02,manual,500000,17.056262
1888765689286674,0,1,71,F,RS002,K29.7,45.16,3,1,2,3064814,2025-08-22,2025-10-02,auto,1700000,1.8028317647058822
0203488158070261,1,1,47,M,RS009,O80,72.0,2,3,2,9419587,2024-11-27,2025-10-02,auto,3500000,2.691310571428571
5943113177988161,1,0,76,M,RS007,I10,99.04,1,2,3,9652012,2025-07-09,2025-10-02,auto,2000000,4.826006
0709122828398934,1,1,45,F,RS007,O80,72.0,1,2,1,4523134,2025-06-20,2025-10-02,manual,3500000,1.292324
7264428727970607,1,0,60,M,RS001,J00,93.9,3,1,0,4843803,2024-12-12,2025-10-02,auto,500000,9.687606
2141842434092736,0,1,44,F,RS006,A09,45.23,3,2,1,3535246,2025-04-10,2025-10-02,auto,1300000,2.71942
9817980362437691,1,0,5,F,RS007,Z03.8,93.91,1,3,0,4585488,2025-08-21,2025-10-02,manual,1200000,3.82124
8305563943499235,0,0,52,F,RS003,Z03.8,93.91,3,3,0,1730965,2024-09-17,2025-10-02,auto,1200000,1.4424708333333334
0470504238383863,1,1,13,M,RS005,M54.5,93.39,2,4,0,4313768,2024-08-23,2025-10-02,auto,1800000,2.3965377777777777
7869313476679676,1,0,24,F,RS007,M54.5,93.39,3,3,1,5543709,2024-04-23,2025-10-02,auto,1800000,3.0798383333333335
5780077446410753,1,1,67,M,RS002,J00,93.9,3,2,0,7284004,2024-04-04,2025-10-02,manual,500000,14.568008
5834511151055523,1,1,22,M,RS008,K29.7,45.16,2,4,0,8499886,2024-08-13,2025-10-02,auto,1700000,4.99993294117647
1201398862894144,1,1,74,F,RS002,Z03.8,93.91,3,3,0,3328036,2025-08-13,2025-10-02,auto,1200000,2.773363333333333
0656666842337095,1,1,88,M,RS005,H25.9,13.1,2,4,0,5074756,2025-04-14,2025-10-02,manual,7500000,0.6766341333333333
9321573699244178,1,1,3,M,RS002,O80,72.0,3,3,4,5538289,2024-11-26,2025-10-02,manual,3500000,1.5823682857142858
4773352549521454,0,1,52,M,RS009,Z34.0,73.0,1,3,2,3234645,2025-09-23,2025-10-02,manual,800000,4.04330625
4693723671941790,1,1,55,F,RS010,Z03.8,93.91,3,4,0,6896829,2024-05-14,2025-10-02,auto,1200000,5.7473575
7546063553438211,1,1,50,M,RS007,J18.9,93.94,2,3,1,5760751,2024-08-29,2025-10-02,manual,4200000,1.371607380952381
6027000885549999,0,1,71,M,RS002,J00,93.9,1,2,0,2647693,2024-09-02,2025-10-02,manual,500000,5.295386
8054090674153817,1,0,62,M,RS001,H25.9,13.1,1,1,0,2321463,2025-02-11,2025-10-02,auto,7500000,0.3095284
2286025430307373,1,0,61,F,RS009,J45.9,93.96,2,2,1,9131986,2024-04-05,2025-10-02,manual,2300000,3.9704286956521737
9268457040179281,1,1,21,F,RS001,E11,99.10,3,4,1,1697898,2024-10-09,2025-10-02,auto,2500000,0.6791592
2661855889819557,1,1,69,F,RS005,J18.9,96.04,2,1,0,7265026,2024-12-18,2025-10-02,manual,4200000,1.7297680952380952
8040716160541472,1,1,22,F,RS007,M54.5,93.39,2,3,1,7804984,2025-09-23,2025-10-02,manual,1800000,4.336102222222222
6020143639213139,1,0,81,F,RS008,R10.4,45.23,2,2,0,993067,2025-03-15,2025-10-03,auto,1200000,0.8275558333333334
5706863606912757,1,0,13,M,RS008,M54.5,93.39,1,1,0,1642584,2025-09-17,2025-10-03,manual,1800000,0.9125466666666666
4403284524118245,0,0,59,M,RS010,I25.1,99.24,2,1,2,6880112,2025-02-14,2025-10-03,manual,5000000,1.3760224
4659131653908156,1,0,58,F,RS004,M54.5,93.39,3,2,1,2121065,2024-10-19,2025-10-03,auto,1800000,1.1783694444444444
0448266963509804,0,1,52,F,RS005,H25.9,13.4,3,4,1,5365884,2024-02-06,2025-10-03,auto,7500000,0.7154512
2272881307634224,0,1,1,F,RS008,Z34.0,73.0,1,4,4,1396579,2024-01-23,2025-10-03,manual,800000,1.74572375
6947617368420949,1,1,29,F,RS002,Z34.0,73.0,2,1,4,1079511,2025-02-25,2025-10-03,auto,800000,1.34938875
0074593099459362,1,1,53,M,RS009,Z00.0,93.99,2,4,0,4524205,2025-04-29,2025-10-03,auto,700000,6.46315
1433090523121539,1,0,58,M,RS007,M54.5,93.39,3,2,0,7051595,2024-04-06,2025-10-03,auto,1800000,3.917552777777778
8299322694051952,1,1,55,M,RS009,O80,72.0,1,1,4,7452013,2025-06-13,2025-10-03,auto,3500000,2.1291465714285716
6028309180480693,1,1,36,F,RS007,N39.0,57.94,1,4,2,2555214,2025-08-13,2025-10-03,auto,2200000,1.1614609090909092
3211935085788326,1,1,33,F,RS008,M54.5,93.39,2,4,1,8362083,2025-09-06,2025-10-03,manual,1800000,4.645601666666667
6197252577583510,1,1,74,F,RS001,I10,99.04,2,4,0,2801735,2025-05-26,2025-10-03,auto,2000000,1.4008675
0949046316278525,1,1,85,F,RS004,J45.9,93.96,3,3,0,9030893,2025-08-05,2025-10-03,manual,2300000,3.9264752173913045
6588470576318035,1,1,17,M,RS008,J18.9,96.04,2,1,0,4066991,2025-04-03,2025-10-03,auto,4200000,0.9683311904761904
7886179660491873,0,0,54,F,RS010,N39.0,57.94,2,2,1,2968354,2025-09-23,2025-10-03,manual,2200000,1.3492518181818183
6462214513185217,1,1,14,M,RS005,H25.9,13.5,3,3,0,4736731,2025-09-04,2025-10-03,auto,7500000,0.6315641333333334
3309376725095970,1,1,49,M,RS009,Z03.8,93.91,1,2,0,8992861,2024-10-19,2025-10-03,manual,1200000,7.4940508333333336
8074272655952659,0,1,52,M,RS003,E11,99.10,2,2,1,8210960,2025-08-28,2025-10-03,manual,2500000,3.284384
8399802278259272,1,1,85,F,RS008,N39.0,57.98,3,2,0,8941845,2025-04-12,2025-10-03,manual,2200000,4.064475
6927281934258722,0,1,43,F,RS004,J18.9,93.94,2,2,1,8005921,2025-07-15,2025-10-03,auto,4200000,1.9061716666666666
0268505676828986,0,0,60,M,RS002,J00,93.9,1,1,1,5991015,2025-01-08,2025-10-03,manual,500000,11.98203
6576035683862265,1,1,43,F,RS006,Z03.8,93.91,3,2,0,704810,2025-08-28,2025-10-03,manual,1200000,0.5873416666666667
3617481897877767,0,1,1,M,RS005,N39.0,57.94,2,1,2,9013774,2024-06-08,2025-10-03,auto,2200000,4.09717
8344414157880930,1,1,17,F,RS001,I10,99.04,3,1,1,6803567,2025-06-13,2025-10-03,auto,2000000,3.4017835
6276042149114715,1,1,3,F,RS003,N39.0,57.98,2,1,1,6375999,2025-08-04,2025-10-03,auto,2200000,2.898181363636364
1624824136308085,1,1,32,M,RS001,E11,99.10,1,2,2,2010176,2025-06-16,2025-10-03,auto,2500000,0.8040704
9557635511730605,1,1,15,F,RS008,J18.9,93.94,3,1,0,2441126,2025-09-17,2025-10-03,auto,4200000,0.5812204761904762
0717704436007496,1,0,67,M,RS006,M54.5,93.39,2,3,0,1104250,2025-09-29,2025-10-03,manual,1800000,0.6134722222222222
7890400095329355,0,1,43,F,RS002,Z34.0,73.0,3,3,3,3536941,2024-12-25,2025-10-03,auto,800000,4.42117625
4599049685738441,1,1,47,M,RS001,I10,99.04,3,3,0,9705404,2025-09-29,2025-10-03,auto,2000000,4.852702
8259449936742787,1,1,72,M,RS004,K29.7,45.16,1,2,3,2390694,2025-09-29,2025-10-03,manual,1700000,1.406290588235294
4831592105256498,0,1,26,F,RS009,J18.9,93.94,1,1,1,9756234,2024-03-25,2025-10-03,auto,4200000,2.3229128571428572
5704342100938651,1,0,69,F,RS001,R10.4,45.23,3,3,0,1684058,2025-07-04,2025-10-03,auto,1200000,1.4033816666666667
7496555218540138,1,1,69,M,RS008,Z03.8,93.91,3,1,0,2594415,2025-09-13,2025-10-03,auto,1200000,2.1620125
2670287680681170,1,1,43,M,RS004,Z34.0,73.0,3,4,3,6420793,2025-07-02,2025-10-04,manual,800000,8.02599125
6500701680322492,1,1,45,M,RS010,E11,99.10,3,4,0,9860574,2024-12-26,2025-10-04,auto,2500000,3.9442296
6961144251434739,1,1,40,M,RS002,A09,45.23,3,4,0,6909207,2024-10-26,2025-10-04,manual,1300000,5.314774615384615
8565032210064819,1,1,36,F,RS005,M54.5,93.39,1,4,0,3063744,2025-05-29,2025-10-04,manual,1800000,1.70208
3773502174197737,0,0,60,M,RS010,Z34.0,73.0,2,4,2,1822579,2025-06-10,2025-10-04,manual,800000,2.27822375
0389116623567978,1,0,84,M,RS007,A09,45.23,3,2,0,416977,2024-08-15,2025-10-04,manual,1300000,0.3207515384615385
7317434769110886,1,1,62,F,RS004,E66.9,99.28,2,4,1,1576301,2024-06-18,2025-10-04,manual,1000000,1.576301
3309376725095970,1,1,49,M,RS009,Z00.0,93.99,2,3,0,9955101,2025-01-17,2025-10-04,manual,700000,14.221572857142856
7926264611846985,0,1,66,M,RS009,R10.4,45.23,1,2,0,6524712,2025-08-07,2025-10-04,manual,1200000,5.43726
8913879578703433,1,0,15,M,RS005,H25.9,13.4,1,4,0,2554972,2025-08-08,2025-10-04,auto,7500000,0.3406629333333333
3850239264906869,1,1,6,F,RS006,Z00.0,93.99,1,2,0,4250089,2025-09-18,2025-10-04,auto,700000,6.071555714285714
4333693941290091,1,0,52,M,RS002,I25.1,36.15,2,1,3,1451579,2025-01-23,2025-10-04,auto,5000000,0.2903158
7801096351077466,0,1,24,F,RS005,H25.9,13.5,2,4,0,1659508,2025-02-10,2025-10-04,auto,7500000,0.22126773333333333
6026617086952876,1,1,17,M,RS002,E66.9,99.28,2,4,0,3684562,2025-07-30,2025-10-04,manual,1000000,3.684562
7845021326359850,1,0,65,F,RS007,R10.4,87.09,3,3,0,4561119,2025-09-20,2025-10-04,auto,1200000,3.8009325
4336979296302095,1,1,37,F,RS003,K21.0,45.16,2,3,1,6078357,2025-10-03,2025-10-05,manual,1400000,4.341683571428572
0530632427127626,1,1,2,M,RS010,M54.5,93.39,3,1,0,8159658,2025-07-10,2025-10-04,manual,1800000,4.533143333333333
4464407472945663,1,1,5,F,RS002,Z00.0,93.99,3,3,0,9331504,2025-09-29,2025-10-04,manual,700000,13.33072
8283636540494355,1,1,69,F,RS004,I25.1,36.15,1,3,4,9506528,2025-07-26,2025-10-04,manual,5000000,1.9013056
8018675692363227,0,1,37,M,RS001,N39.0,57.94,3,1,1,951394,2024-02-29,2025-10-04,manual,2200000,0.43245181818181816
7032311513807658,0,1,55,M,RS004,J00,93.9,1,3,0,9352844,2025-07-22,2025-10-04,manual,500000,18.705688
4899470070491249,1,1,45,M,RS004,I25.1,99.24,1,1,3,2564148,2025-05-27,2025-10-04,auto,5000000,0.5128296
8202054422518066,1,1,14,F,RS008,J00,93.9,3,2,2,3985959,2025-08-28,2025-10-04,auto,500000,7.971918
0820915394333076,1,1,13,M,RS008,I10,99.04,1,4,2,9969144,2025-07-28,2025-10-06,auto,2000000,4.984572
9715266132428261,1,1,62,M,RS009,Z34.0,73.0,1,4,2,8017307,2024-05-23,2025-10-06,auto,800000,10.02163375
0285322132812752,1,1,27,F,RS005,J45.9,93.96,2,3,0,4962249,2025-05-06,2025-10-06,auto,2300000,2.157499565217391
9993489999620770,1,0,60,M,RS002,K21.0,45.16,1,1,1,6658527,2025-08-25,2025-10-06,manual,1400000,4.7560907142857145
8255770207505376,0,1,42,F,RS007,E66.9,99.28,2,1,3,9277832,2024-12-09,2025-10-06,auto,1000000,9.277832
7162921781011357,1,0,49,F,RS003,Z34.0,73.0,1,2,3,7737935,2025-08-04,2025-10-06,auto,800000,9.67241875
0081335989939966,1,1,90,M,RS004,Z03.8,93.91,1,4,0,9051416,2025-09-22,2025-10-06,auto,1200000,7.542846666666667
5148252126513267,1,1,73,M,RS003,K21.0,45.16,2,2,2,3282021,2024-04-27,2025-10-06,manual,1400000,2.344300714285714
4813672523999981,0,1,84,F,RS005,J18.9,93.94,1,3,0,8630324,2025-06-18,2025-10-06,manual,4200000,2.0548390476190477
3247461850824718,1,0,52,F,RS008,J00,93.9,1,4,1,4195015,2025-03-14,2025-10-06,manual,500000,8.39003
0487981736531428,1,1,74,F,RS005,M54.5,93.39,1,2,0,5979060,2025-08-11,2025-10-06,manual,1800000,3.3217
1778677321351188,1,1,56,M,RS003,I10,99.04,2,3,2,4491050,2024-07-30,2025-10-06,auto,2000000,2.245525
2373856542486538,0,1,57,M,RS009,I25.1,99.24,2,3,3,7866716,2025-03-10,2025-10-06,manual,5000000,1.5733432
8661097260376336,1,0,16,F,RS003,J00,93.9,3,1,3,604286,2024-04-10,2025-10-06,auto,500000,1.208572
1594962103120780,1,1,65,M,RS001,A09,45.23,3,2,0,4116435,2025-02-27,2025-10-06,manual,1300000,3.1664884615384614
4070916106914059,1,1,8,F,RS001,R10.4,87.09,3,1,0,2512662,2025-09-30,2025-10-06,auto,1200000,2.093885
7395836130859090,1,1,29,M,RS002,E11,99.10,2,1,1,7965903,2025-09-26,2025-10-06,auto,2500000,3.1863612
7196613456778908,1,1,18,F,RS003,Z03.8,93.91,2,4,0,4087866,2024-12-18,2025-10-06,auto,1200000,3.406555
2381821715702997,1,1,23,F,RS003,K21.0,45.16,1,4,0,9337052,2025-06-11,2025-10-06,auto,1400000,6.669322857142857
6308393083483526,0,1,68,M,RS007,J18.9,96.04,3,4,0,6767972,2025-06-13,2025-10-06,manual,4200000,1.6114219047619047
7175183682674203,1,1,77,F,RS006,E66.9,99.28,3,4,1,7706464,2025-09-18,2025-10-06,auto,1000000,7.706464
5057408363979261,1,1,14,F,RS010,E66.9,99.28,3,1,1,3872400,2025-08-22,2025-10-06,auto,1000000,3.8724
8078806926248836,1,1,78,F,RS006,E11,99.10,3,1,4,8033413,2025-06-11,2025-10-06,auto,2500000,3.2133652
8603255609643840,1,1,14,M,RS002,K29.7,45.16,1,2,2,5730313,2024-10-17,2025-10-06,auto,1700000,3.3707723529411764
2272881307634224,0,1,1,F,RS008,O80,72.0,2,4,4,1628915,2025-09-22,2025-10-06,manual,3500000,0.4654042857142857
3309376725095970,1,1,49,M,RS009,Z00.0,93.99,3,4,0,7982051,2025-09-16,2025-10-06,auto,700000,11.40293
4657436164816575,1,1,82,M,RS010,R10.4,45.23,3,1,0,3938586,2024-08-20,2025-10-06,auto,1200000,3.282155
8487736117681364,0,1,45,F,RS002,R10.4,87.09,1,3,1,7758145,2025-09-08,2025-10-06,manual,1200000,6.465120833333334
8831120919280719,0,1,72,F,RS004,J18.9,93.94,2,4,1,3887845,2025-05-21,2025-10-06,manual,4200000,0.925677380952381
2570178347088778,1,0,4,M,RS008,M54.5,93.39,2,1,1,1268687,2025-10-02,2025-10-06,manual,1800000,0.7048261111111112
1816161180528659,1,1,51,F,RS010,E66.9,99.28,1,1,1,2915844,2025-09-19,2025-10-07,manual,1000000,2.915844
9372761545840578,0,1,18,M,RS009,A09,45.23,1,4,2,1898222,2025-05-28,2025-10-07,auto,1300000,1.4601707692307693
7751291884050540,1,0,85,M,RS004,E11,99.10,1,1,2,1596402,2024-01-09,2025-10-07,auto,2500000,0.6385608
5353799018471819,0,0,6,M,RS003,Z00.0,93.99,1,2,0,6756708,2025-08-11,2025-10-07,auto,700000,9.65244
3854635058387141,1,0,69,F,RS009,R10.4,45.23,2,3,0,1548312,2025-05-14,2025-10-07,auto,1200000,1.29026
7412739805401343,1,0,36,F,RS005,Z34.0,73.0,1,4,2,8254468,2025-03-04,2025-10-07,manual,800000,10.318085
7944673778450307,1,1,87,F,RS007,K21.0,45.16,1,4,2,4450849,2025-09-10,2025-10-07,auto,1400000,3.1791778571428573
7477783794640225,1,1,50,M,RS002,Z03.8,93.91,2,3,0,636598,2025-06-05,2025-10-07,manual,1200000,0.5304983333333333
0985353639512400,1,0,6,F,RS003,K29.7,45.16,2,1,1,7135487,2025-09-08,2025-10-07,manual,1700000,4.197345294117647
7370205258922667,1,1,40,M,RS003,K29.7,45.16,3,4,0,8277504,2025-09-05,2025-10-07,manual,1700000,4.86912
5068811175483453,1,0,16,F,RS006,Z34.0,73.0,3,4,2,1528334,2025-05-10,2025-10-07,manual,800000,1.9104175
8661097260376336,1,0,16,F,RS003,J00,93.9,1,2,2,2035946,2025-08-11,2025-10-07,auto,500000,4.071892
4904092844055756,0,0,17,F,RS009,Z03.8,93.91,1,3,0,9257763,2025-08-28,2025-10-07,manual,1200000,7.7148025
3677987654139401,1,1,89,F,RS009,I25.1,36.15,1,3,3,9001443,2025-08-29,2025-10-07,manual,5000000,1.8002886
0389116623567978,1,0,84,M,RS007,A09,45.23,3,3,1,7812789,2024-10-23,2025-10-07,auto,1300000,6.009837692307692
7869313476679676,1,0,24,F,RS007,M54.5,93.39,3,2,0,9118108,2024-07-25,2025-10-07,auto,1800000,5.0656155555555555
1736124250371126,1,0,66,F,RS007,H25.9,13.5,3,3,0,1441453,2025-06-05,2025-10-07,manual,7500000,0.19219373333333334
0004221685143663,1,1,71,M,RS009,J00,93.9,3,3,0,409002,2024-08-10,2025-10-07,manual,500000,0.818004
4583549720373922,1,1,53,M,RS006,K21.0,45.16,3,3,1,5259256,2024-10-23,2025-10-07,manual,1400000,3.7566114285714285
4669365054300076,1,1,35,F,RS008,Z34.0,73.0,2,3,1,5550320,2025-05-09,2025-10-07,manual,800000,6.9379
2673426467034379,1,0,37,M,RS001,Z34.0,73.0,3,1,3,1929883,2025-07-01,2025-10-07,manual,800000,2.41235375
5634064561607386,0,1,21,M,RS001,K21.0,45.16,1,1,1,5463879,2025-10-03,2025-10-07,manual,1400000,3.9027707142857144
7388574216354090,1,1,74,F,RS006,R50.9,99.19,2,1,0,5961525,2025-06-26,2025-10-07,auto,1000000,5.961525
5685188568122260,1,1,87,M,RS007,I10,99.04,1,4,4,5706423,2025-07-18,2025-10-07,auto,2000000,2.8532115
3871876486378992,1,0,90,M,RS001,Z00.0,93.99,1,2,0,4134013,2025-04-01,2025-10-07,manual,700000,5.905732857142858
5704714485343054,1,1,70,F,RS002,Z34.0,73.0,3,4,4,1829411,2025-07-29,2025-10-07,manual,800000,2.28676375
3529840699660624,1,0,65,M,RS010,N39.0,57.98,2,2,2,1223355,2024-10-25,2025-10-07,auto,2200000,0.5560704545454546
7341606424959871,0,1,70,M,RS005,J00,93.9,2,4,1,3272066,2025-05-31,2025-10-07,auto,500000,6.544132
3306596369955052,0,1,39,F,RS003,N39.0,57.94,1,3,0,2170819,2025-06-17,2025-10-07,auto,2200000,0.9867359090909091
2487246069945422,1,1,61,M,RS004,N39.0,57.98,2,1,0,5085921,2025-09-17,2025-10-07,auto,2200000,2.3117822727272728
4354955773113222,1,1,2,F,RS006,E66.9,99.28,3,1,1,7466993,2025-01-30,2025-10-07,manual,1000000,7.466993
9601782874278555,1,1,87,M,RS009,J18.9,96.04,1,3,2,3521901,2025-08-26,2025-10-07,auto,4200000,0.8385478571428572
6410016264897675,1,1,15,F,RS006,E66.9,99.28,1,2,1,1216589,2024-09-21,2025-10-07,auto,1000000,1.216589
0260081578038436,1,1,55,F,RS001,J45.9,93.96,1,1,1,3241050,2025-05-23,2025-10-07,auto,2300000,1.4091521739130435
6455805154229264,0,1,66,M,RS003,R50.9,99.19,3,2,0,4385345,2025-06-18,2025-10-07,auto,1000000,4.385345
7541578413730750,0,1,70,F,RS005,R50.9,99.19,3,3,2,8240328,2024-11-02,2025-10-07,auto,1000000,8.240328
8603235850335200,1,0,75,F,RS001,J00,93.9,3,4,0,6544717,2024-09-21,2025-10-07,manual,500000,13.089434
0570953459418509,1,1,49,F,RS001,I10,99.04,1,4,3,9907806,2025-08-04,2025-10-07,auto,2000000,4.953903
3050723938526956,1,0,62,F,RS008,R50.9,99.19,2,3,0,1708337,2025-09-10,2025-10-07,manual,1000000,1.708337
5242892784396581,1,0,79,F,RS002,Z34.0,73.0,2,4,2,1360867,2025-09-27,2025-10-07,manual,800000,1.70108375
2768418066098604,1,1,46,M,RS006,N39.0,57.98,3,1,1,7777676,2024-03-29,2025-10-07,manual,2200000,3.5353072727272727
9370233076094656,1,1,12,M,RS003,O80,72.0,1,3,2,4792320,2025-05-05,2025-10-07,auto,3500000,1.3692342857142856
9868037317108449,1,1,15,F,RS004,K21.0,45.16,3,1,0,9508957,2025-09-23,2025-10-07,auto,1400000,6.7921121428571425
7608312207456934,1,1,48,F,RS010,O80,72.0,3,2,2,9729350,2024-01-03,2025-10-07,manual,3500000,2.7798142857142856
5114278161223081,1,1,70,M,RS008,I25.1,99.24,3,1,4,4975157,2025-06-26,2025-10-07,auto,5000000,0.9950314
6209494305721231,1,0,54,F,RS005,H25.9,13.5,2,3,0,7415093,2025-04-28,2025-10-07,auto,7500000,0.9886790666666667
9302399826770945,1,1,11,F,RS001,E11,99.10,2,2,1,2120141,2025-03-06,2025-10-07,manual,2500000,0.8480564
4231312206114428,1,0,54,M,RS001,O80,72.0,2,3,4,9266645,2024-03-11,2025-10-07,manual,3500000,2.647612857142857
0055571247379283,0,1,2,M,RS006,J00,93.9,1,1,0,2307327,2024-04-02,2025-10-07,auto,500000,4.614654
5810166096727822,1,1,77,M,RS010,K29.7,45.16,2,4,2,5008458,2025-02-06,2025-10-07,auto,1700000,2.946151764705882
8571711790200830,1,1,50,F,RS002,O80,72.0,1,4,3,7187771,2025-05-15,2025-10-08,auto,3500000,2.053648857142857
5300338043536990,1,0,68,M,RS007,Z03.8,93.91,1,3,0,9158411,2025-06-13,2025-10-08,auto,1200000,7.632009166666666
2487246069945422,1,1,61,M,RS004,I10,99.04,1,3,0,8231551,2024-08-22,2025-10-08,auto,2000000,4.1157755
4938553777748088,1,1,11,M,RS010,I25.1,99.24,2,1,4,7820662,2025-09-25,2025-10-08,auto,5000000,1.5641324
4325763296609102,1,1,11,M,RS008,J45.9,93.96,1,1,0,9956543,2025-04-30,2025-10-08,manual,2300000,4.328931739130435
0696230795231362,1,1,62,M,RS003,E11,99.10,3,1,1,3905500,2025-08-19,2025-10-08,manual,2500000,1.5622
2443512873555792,1,1,51,M,RS008,Z03.8,93.91,1,3,0,3649176,2025-01-27,2025-10-08,auto,1200000,3.04098
3311804666529293,1,0,41,F,RS010,O80,72.0,1,2,2,4193058,2024-12-10,2025-10-08,manual,3500000,1.1980165714285713
0624490712469711,1,1,40,M,RS003,Z00.0,93.99,2,3,0,1228149,2024-08-13,2025-10-08,auto,700000,1.7544985714285715
0958512283580173,1,1,68,F,RS002,K21.0,45.16,1,3,0,7470442,2024-04-19,2025-10-08,auto,1400000,5.33603
9858623582578531,1,1,53,F,RS002,Z00.0,93.99,2,2,0,6212456,2024-04-18,2025-10-08,auto,700000,8.874937142857142
1272299353224635,1,1,62,F,RS009,N39.0,57.94,2,1,1,4888137,2025-03-08,2025-10-08,auto,2200000,2.2218804545454547
7619641967097948,1,1,77,M,RS004,I25.1,99.24,3,4,1,3420834,2024-04-30,2025-10-08,manual,5000000,0.6841668
9530165106478672,1,1,62,F,RS003,I25.1,99.24,2,1,7,9213529,2024-03-15,2025-10-08,auto,5000000,1.8427058
7516429427270316,1,1,28,M,RS005,Z34.0,73.0,3,2,3,1977770,2024-03-30,2025-10-08,auto,800000,2.4722125
6988132476989717,1,1,45,F,RS006,Z00.0,93.99,1,2,0,5885705,2024-11-01,2025-10-08,manual,700000,8.40815
0926870718558999,1,1,43,F,RS009,Z34.0,73.0,1,4,1,1825713,2024-07-31,2025-10-08,auto,800000,2.28214125
2678864573794008,1,1,51,M,RS009,R50.9,99.19,1,3,0,1090220,2025-04-18,2025-10-08,auto,1000000,1.09022
6609815197198117,1,0,77,F,RS004,A09,45.23,3,1,0,8373742,2025-09-06,2025-10-08,auto,1300000,6.44134
4263231126665271,1,1,86,M,RS007,I25.1,99.24,1,3,3,5726942,2025-07-29,2025-10-08,auto,5000000,1.1453884
6713021505662344,1,1,9,M,RS005,R50.9,99.19,3,1,0,562493,2025-02-05,2025-10-08,manual,1000000,0.562493
7654642196308417,1,1,60,F,RS002,E11,99.10,2,1,2,2551598,2025-09-24,2025-10-08,auto,2500000,1.0206392
8345854329008913,1,1,44,F,RS004,K29.7,45.16,1,3,1,4788571,2024-01-01,2025-10-08,manual,1700000,2.816806470588235
6525350322602392,1,1,28,M,RS007,Z00.0,93.99,1,1,0,6762980,2025-07-01,2025-10-08,auto,700000,9.6614
7915765655931487,0,1,80,M,RS010,R50.9,99.19,3,3,0,9929218,2024-05-15,2025-10-08,manual,1000000,9.929218
6710404581844859,1,0,22,M,RS005,J18.9,93.94,1,1,0,1397112,2025-09-04,2025-10-08,auto,4200000,0.33264571428571427
0781336579932879,1,1,79,F,RS009,R50.9,99.19,1,1,0,7271844,2024-04-04,2025-10-08,auto,1000000,7.271844
9435124608675108,1,1,33,M,RS003,M54.5,93.39,1,2,0,6478355,2025-09-22,2025-10-08,auto,1800000,3.599086111111111
8696680844324872,1,1,41,M,RS007,K29.7,45.16,1,1,1,5365757,2025-05-22,2025-10-08,auto,1700000,3.1563276470588235
7210520182685066,1,1,73,M,RS009,K29.7,45.16,2,3,0,3573632,2025-10-01,2025-10-08,auto,1700000,2.1021364705882353
7084479290251865,0,0,62,F,RS009,A09,45.23,3,3,1,1400046,2025-07-12,2025-10-08,auto,1300000,1.0769584615384615
9824588365947704,1,1,65,F,RS010,K29.7,45.16,1,1,2,7927060,2025-03-28,2025-10-08,manual,1700000,4.6629764705882355
4327307733084916,1,0,15,M,RS002,Z00.0,93.99,1,2,0,8496452,2025-03-27,2025-10-08,manual,700000,12.13778857142857
6492230574670109,1,1,36,M,RS009,J18.9,96.04,3,3,1,8628495,2025-09-02,2025-10-08,auto,4200000,2.0544035714285713
0624647003540733,1,0,69,F,RS002,H25.9,13.1,1,3,0,1229936,2025-03-06,2025-10-08,manual,7500000,0.16399146666666667
2131102586672195,1,1,77,F,RS002,O80,72.0,3,1,2,2214741,2024-09-17,2025-10-08,auto,3500000,0.6327831428571429
7182473329903077,1,1,18,M,RS002,N39.0,57.94,3,2,3,8645179,2024-06-12,2025-10-08,auto,2200000,3.929626818181818
4084317206466757,0,0,47,M,RS001,H25.9,13.5,2,3,0,5521613,2024-02-19,2025-10-08,auto,7500000,0.7362150666666667
9415904837885328,1,0,27,F,RS010,E66.9,99.28,2,3,3,5508295,2025-08-04,2025-10-09,auto,1000000,5.508295
2630802643475483,1,1,21,F,RS010,I25.1,36.15,3,3,3,4116733,2025-05-17,2025-10-09,auto,5000000,0.8233466
2251905287892247,1,1,76,M,RS005,M54.5,93.39,3,4,0,2666567,2025-10-03,2025-10-09,auto,1800000,1.481426111111111
0203488158070261,1,1,47,M,RS003,O80,72.0,1,2,3,7145311,2024-12-27,2025-10-09,manual,3500000,2.0415174285714284
9747574226192097,1,1,74,M,RS005,I25.1,36.15,2,4,4,6186745,2025-05-26,2025-10-09,manual,5000000,1.237349
1368794128349689,1,1,61,F,RS008,Z00.0,93.99,1,3,0,2854020,2025-09-29,2025-10-09,auto,700000,4.077171428571429
1996106949933539,1,1,81,M,RS003,J00,93.9,3,4,0,6577632,2024-02-20,2025-10-09,auto,500000,13.155264
2269541750060120,1,1,34,F,RS005,J00,93.9,1,3,0,7283861,2025-08-08,2025-10-09,manual,500000,14.567722
3682712925299963,1,0,26,F,RS002,Z00.0,93.99,2,3,0,9055984,2025-07-03,2025-10-09,manual,700000,12.93712
4647107566004102,0,1,55,F,RS005,R10.4,87.09,2,3,0,2333674,2024-08-22,2025-10-09,auto,1200000,1.9447283333333334
4809072830403419,0,0,83,F,RS003,A09,45.23,1,3,2,1234888,2025-08-11,2025-10-09,manual,1300000,0.9499138461538461
4659131653908156,1,0,58,F,RS004,M54.5,93.39,1,3,0,1226071,2025-09-05,2025-10-09,auto,1800000,0.6811505555555556
6027197056811162,0,1,46,F,RS002,J00,93.9,1,4,1,6180450,2025-08-23,2025-10-09,auto,500000,12.3609
5454722629143390,0,1,20,F,RS001,Z34.0,73.0,2,3,3,6250239,2025-09-13,2025-10-09,auto,800000,7.81279875
5722967829365145,0,1,38,M,RS006,Z03.8,93.91,1,2,0,1260028,2025-07-15,2025-10-09,manual,1200000,1.0500233333333333
4272631961327563,0,1,61,M,RS006,I10,99.04,2,2,4,4627338,2025-08-27,2025-10-09,auto,2000000,2.313669
6427726418346997,1,0,62,M,RS005,N39.0,57.94,1,3,1,9469917,2025-07-24,2025-10-09,manual,2200000,4.3045077272727275
2087127590254223,1,1,1,F,RS009,R10.4,87.09,3,2,0,5192235,2025-09-13,2025-10-09,auto,1200000,4.3268625
3998183439919436,1,0,83,M,RS007,K29.7,45.16,3,2,3,6386432,2024-07-05,2025-10-09,manual,1700000,3.7567247058823527
5148252126513267,1,1,73,M,RS003,K21.0,45.16,2,3,1,4188102,2024-01-20,2025-10-09,manual,1400000,2.9915014285714285
8884092104052993,1,1,59,M,RS006,A09,45.23,1,2,1,6850615,2025-09-20,2025-10-09,auto,1300000,5.269703846153846
4119567913929519,1,0,89,M,RS006,I10,99.04,1,4,1,2142414,2025-04-05,2025-10-09,manual,2000000,1.071207
2584167558757650,1,0,13,M,RS008,J00,93.9,2,2,3,7408703,2025-07-04,2025-10-09,auto,500000,14.817406
7388236962230045,1,1,73,M,RS003,N39.0,57.94,3,3,3,2548061,2024-09-03,2025-10-09,auto,2200000,1.1582095454545454
0567665094814298,1,1,54,M,RS001,R10.4,45.23,3,1,1,9493042,2025-09-11,2025-10-09,auto,1200000,7.910868333333333
8363309349833107,1,1,66,F,RS005,K29.7,45.16,1,4,1,6006030,2025-04-26,2025-10-09,manual,1700000,3.5329588235294116
3739503434046182,0,1,88,F,RS009,K21.0,45.16,1,2,2,863043,2025-03-19,2025-10-09,manual,1400000,0.6164592857142858
9393823443913568,0,1,8,M,RS008,I25.1,99.24,3,1,3,4330307,2025-10-01,2025-10-10,auto,5000000,0.8660614
5704343130905244,0,0,53,F,RS001,I10,99.04,3,2,0,3776059,2025-08-20,2025-10-10,manual,2000000,1.8880295
6028309180480693,1,1,36,F,RS007,N39.0,57.94,2,4,2,4420693,2025-05-10,2025-10-10,auto,2200000,2.009405909090909
1655676763646571,0,0,77,F,RS006,J00,93.9,1,2,0,2119864,2025-09-23,2025-10-10,manual,500000,4.239728
7373476841002720,0,1,31,F,RS001,I10,99.04,3,4,3,4547890,2025-09-09,2025-10-10,auto,2000000,2.273945
3716865859988263,1,1,89,F,RS003,J18.9,96.04,3,3,0,7827379,2024-05-30,2025-10-10,manual,4200000,1.8636616666666668
3517651843171787,1,1,70,F,RS001,I10,99.04,1,2,4,7950519,2025-06-11,2025-10-10,manual,2000000,3.9752595
1484990429403137,1,1,40,F,RS008,E66.9,99.28,2,1,1,7305671,2025-08-29,2025-10-10,manual,1000000,7.305671
1768728326038367,1,1,20,F,RS010,E66.9,99.28,1,2,0,657555,2025-09-22,2025-10-10,manual,1000000,0.657555
7138575340193030,1,0,79,F,RS006,K21.0,45.16,3,1,3,5081203,2025-02-25,2025-10-10,auto,1400000,3.6294307142857143
1564957148400074,0,0,72,M,RS009,O80,72.0,2,3,2,6622009,2024-04-20,2025-10-10,auto,3500000,1.8920025714285715
3609320359676737,1,1,30,F,RS003,J00,93.9,1,1,0,2289552,2025-02-03,2025-10-10,manual,500000,4.579104
6084293758120625,1,1,77,F,RS004,J00,93.9,3,1,2,9991141,2025-06-30,2025-10-10,manual,500000,19.982282
0365844243419916,1,1,40,F,RS008,A09,45.23,2,4,0,9304354,2025-08-20,2025-10-10,auto,1300000,7.157195384615385
8154295045098397,1,1,34,F,RS007,O80,72.0,2,4,2,9664695,2025-08-13,2025-10-10,auto,3500000,2.7613414285714284
9279263899401610,0,1,37,F,RS007,M54.5,93.39,3,1,0,2170882,2025-03-21,2025-10-10,manual,1800000,1.2060455555555556
8202998881568925,0,1,50,F,RS001,J45.9,93.96,1,4,3,4821281,2025-07-05,2025-10-10,auto,2300000,2.0962091304347825
0284110343520637,1,1,83,F,RS009,Z00.0,93.99,3,1,0,6496431,2025-07-15,2025-10-10,auto,700000,9.280615714285714
3253519945745998,1,1,44,M,RS005,I10,99.04,2,2,3,3796257,2024-11-04,2025-10-10,auto,2000000,1.8981285
7818245222117226,1,1,17,F,RS003,I25.1,36.15,2,3,4,4274831,2025-03-29,2025-10-10,manual,5000000,0.8549662
2345345797656198,1,0,58,M,RS006,K29.7,45.16,3,1,0,5245310,2025-06-03,2025-10-10,auto,1700000,3.0854764705882354
7783057971395830,0,1,35,M,RS002,R50.9,99.19,1,4,0,1292749,2025-04-17,2025-10-10,manual,1000000,1.292749
5726444905695800,1,1,54,M,RS007,O80,72.0,2,2,2,8651779,2024-02-09,2025-10-10,manual,3500000,2.471936857142857
0172339358491304,1,0,49,M,RS008,A09,45.23,2,3,2,9051210,2025-03-22,2025-10-10,auto,1300000,6.962469230769231
9958327336498786,0,1,32,F,RS004,N39.0,57.94,2,1,0,2811273,2025-07-18,2025-10-10,auto,2200000,1.2778513636363635
5880119983006952,1,1,82,M,RS001,O80,72.0,3,3,2,3291875,2025-09-03,2025-10-10,auto,3500000,0.9405357142857143
5933795857371571,1,0,28,F,RS007,Z03.8,93.91,1,2,0,7840572,2024-02-21,2025-10-10,auto,1200000,6.53381
5798574019483136,0,1,72,M,RS008,E66.9,99.28,2,3,1,4003838,2025-06-03,2025-10-10,auto,1000000,4.003838
1413384681675581,1,1,90,F,RS001,J18.9,93.94,3,1,1,5317680,2024-10-18,2025-10-10,auto,4200000,1.2661142857142857
8255770207505376,0,1,42,F,RS007,E66.9,99.28,1,1,1,1295321,2025-06-18,2025-10-10,auto,1000000,1.295321
7610241676266677,1,1,36,M,RS006,M54.5,93.39,2,1,2,4699201,2025-05-24,2025-10-10,manual,1800000,2.6106672222222223
5756689233132963,1,1,62,M,RS006,R10.4,87.09,1,2,1,7933009,2025-08-25,2025-10-10,auto,1200000,6.6108408333333335
0584884072976700,1,1,77,M,RS005,N39.0,57.94,2,4,3,7226966,2025-02-03,2025-10-10,auto,2200000,3.2849845454545457
2141287560026288,1,1,59,F,RS004,R10.4,87.09,3,1,1,5549650,2025-02-18,2025-10-10,auto,1200000,4.624708333333333
5562659195568358,1,1,43,M,RS008,J00,93.9,1,4,0,5976715,2025-10-07,2025-10-10,auto,500000,11.95343
8373701733091185,1,1,10,F,RS009,J18.9,93.94,2,4,2,8728922,2025-02-17,2025-10-10,auto,4200000,2.0783147619047617
2913539596413669,1,0,61,M,RS002,I10,99.04,3,2,1,566098,2025-03-31,2025-10-11,auto,2000000,0.283049
9565309342585900,1,1,71,M,RS005,Z03.8,93.91,3,2,1,3109341,2025-09-17,2025-10-11,manual,1200000,2.5911175
1206640953745033,1,0,27,M,RS009,I10,99.04,3,1,2,5272177,2024-07-09,2025-10-11,auto,2000000,2.6360885
6583366839778417,1,1,8,M,RS003,M54.5,93.39,2,4,0,9699006,2025-08-08,2025-10-11,manual,1800000,5.3883366666666666
7826380642459211,0,0,16,F,RS001,R50.9,99.19,3,3,0,9974234,2024-07-12,2025-10-11,manual,1000000,9.974234
6980702514899927,1,1,89,F,RS002,I25.1,99.24,3,2,1,9784638,2025-02-25,2025-10-11,manual,5000000,1.9569276
8661714777806222,1,1,69,F,RS005,Z34.0,73.0,1,4,1,5690233,2024-05-09,2025-10-11,auto,800000,7.11279125
9011640907927747,1,0,46,M,RS003,I10,99.04,3,2,3,6477920,2025-07-19,2025-10-11,auto,2000000,3.23896
0511909183562140,1,1,73,M,RS010,R50.9,99.19,3,2,0,4313224,2025-08-20,2025-10-11,auto,1000000,4.313224
7767033073257760,1,1,28,F,RS003,Z00.0,93.99,2,2,0,5150759,2025-07-19,2025-10-11,auto,700000,7.358227142857143
6859008503910194,0,1,51,F,RS007,R10.4,87.09,2,2,0,8653649,2025-04-02,2025-10-11,auto,1200000,7.211374166666666
7093224511249540,0,1,22,M,RS005,I10,99.04,1,2,2,6347879,2024-08-14,2025-10-11,auto,2000000,3.1739395
9959670986869068,1,0,44,F,RS003,I25.1,36.15,2,2,1,7444551,2025-07-26,2025-10-11,manual,5000000,1.4889102
4231312206114428,1,0,54,M,RS001,Z34.0,73.0,3,3,2,6294244,2025-09-30,2025-10-11,auto,800000,7.867805
4042846355179230,0,1,9,F,RS004,R10.4,87.09,3,1,0,5703414,2024-01-24,2025-10-11,manual,1200000,4.752845
1456379441744140,0,1,43,F,RS010,Z03.8,93.91,3,3,1,1870956,2025-09-20,2025-10-11,manual,1200000,1.55913
3020858870331944,0,1,61,F,RS004,R50.9,99.19,1,4,0,4742312,2024-11-23,2025-10-11,manual,1000000,4.742312
1097973856153604,1,1,42,M,RS001,Z34.0,73.0,1,4,3,5939442,2025-10-08,2025-10-11,manual,800000,7.4243025
5798574019483136,0,1,72,M,RS008,E66.9,99.28,1,3,1,4065126,2024-01-23,2025-10-11,manual,1000000,4.065126
4153907345070056,1,1,78,M,RS006,Z34.0,73.0,2,1,2,8553452,2024-09-26,2025-10-11,manual,800000,10.691815
6369737580902041,0,1,45,F,RS001,E66.9,99.28,3,1,0,4365304,2025-08-04,2025-10-11,auto,1000000,4.365304
1326094931090363,1,0,11,M,RS008,A09,45.23,1,4,2,5028177,2025-02-10,2025-10-11,auto,1300000,3.8678284615384615
6114470252394502,1,0,3,M,RS010,I25.1,36.15,2,4,1,1186957,2025-08-18,2025-10-11,manual,5000000,0.2373914
5350968252973234,0,1,65,F,RS007,K21.0,45.16,2,2,3,7182909,2025-09-03,2025-10-13,auto,1400000,5.130649285714286
4015893336898934,0,1,30,F,RS001,I25.1,36.15,1,4,4,2286621,2025-09-18,2025-10-13,auto,5000000,0.4573242
6675251271069761,0,1,30,M,RS004,J00,93.9,2,4,0,4234099,2024-11-25,2025-10-13,auto,500000,8.468198
9786737746073421,1,0,2,F,RS008,K29.7,45.16,2,4,1,9838749,2024-06-07,2025-10-13,auto,1700000,5.787499411764706
6234061294955484,1,1,73,F,RS009,R50.9,99.19,1,4,1,6467434,2025-04-29,2025-10-13,auto,1000000,6.467434
9268457040179281,1,1,21,F,RS001,E11,99.10,1,4,2,3683895,2025-01-10,2025-10-13,manual,2500000,1.473558
6359534663487435,1,0,76,F,RS001,J45.9,93.96,1,4,2,4380244,2025-09-09,2025-10-13,auto,2300000,1.9044539130434783
7395836130859090,1,1,29,M,RS002,E11,99.10,3,2,2,2911815,2024-07-24,2025-10-13,auto,2500000,1.164726
9201150147980678,1,1,73,M,RS003,I10,99.04,3,2,3,2489009,2025-09-29,2025-10-13,auto,2000000,1.2445045
8493060587390848,0,0,36,F,RS001,O80,72.0,1,3,2,8734268,2025-09-20,2025-10-13,manual,3500000,2.4955051428571426
9256411682449471,0,1,50,M,RS006,N39.0,57.98,3,1,1,2539888,2024-07-12,2025-10-13,manual,2200000,1.1544945454545454
0955641672780563,1,1,44,F,RS001,I10,99.04,1,1,3,6850370,2024-02-21,2025-10-13,manual,2000000,3.425185
1308381474915778,0,1,55,F,RS003,Z34.0,73.0,1,2,1,2133643,2024-04-29,2025-10-13,manual,800000,2.66705375
3611416287189403,1,1,61,F,RS007,A09,45.23,2,4,1,7112472,2025-10-10,2025-10-13,manual,1300000,5.471132307692308
6118312882326426,1,1,45,F,RS004,J18.9,96.04,2,2,1,2137803,2025-07-11,2025-10-13,auto,4200000,0.5090007142857143
0313004035377088,1,1,44,M,RS003,J18.9,93.94,1,2,0,9560086,2025-09-25,2025-10-13,auto,4200000,2.276210952380952
4776965480262103,0,1,44,F,RS004,I10,99.04,3,2,3,8425265,2025-01-25,2025-10-13,manual,2000000,4.2126325
9526040651749891,0,1,39,F,RS009,I10,99.04,3,3,2,3170194,2024-10-08,2025-10-13,auto,2000000,1.585097
9010037710673769,1,1,48,F,RS002,M54.5,93.39,1,2,0,5910205,2025-09-15,2025-10-13,auto,1800000,3.283447222222222
9031034793383396,0,1,53,F,RS010,M54.5,93.39,1,1,0,9332931,2025-05-12,2025-10-13,manual,1800000,5.184961666666666
3303275983419441,1,1,58,M,RS002,K21.0,45.16,2,2,1,1702726,2025-05-14,2025-10-13,auto,1400000,1.2162328571428571
9071514789184427,0,1,10,M,RS007,H25.9,13.4,1,1,0,2635596,2025-02-27,2025-10-13,manual,7500000,0.3514128
8027814497831028,1,1,24,M,RS009,Z00.0,93.99,3,1,0,8315639,2024-05-25,2025-10-13,auto,700000,11.879484285714286
9284257839951747,1,1,87,F,RS005,E66.9,99.28,3,2,1,5176873,2025-07-19,2025-10-13,manual,1000000,5.176873
7373476841002720,0,1,31,F,RS001,I25.1,36.15,1,4,2,9497228,2024-03-20,2025-10-13,manual,5000000,1.8994456
9779138440140421,0,1,64,F,RS001,Z03.8,93.91,2,1,0,4542163,2025-10-06,2025-10-13,auto,1200000,3.7851358333333334
9845952640501932,1,1,78,F,RS001,E11,99.10,3,2,2,9357982,2025-05-22,2025-10-13,auto,2500000,3.7431928
3956183799163794,1,1,54,M,RS008,J00,93.9,1,1,0,4454339,2025-08-04,2025-10-13,auto,500000,8.908678
9229996914739664,0,0,84,F,RS004,J45.9,93.96,1,1,1,6524587,2024-11-18,2025-10-13,auto,2300000,2.836776956521739
5545316017799861,1,0,8,F,RS008,I25.1,36.15,3,3,1,5718760,2025-08-16,2025-10-13,manual,5000000,1.143752
6728476446379065,1,0,12,M,RS003,H25.9,13.4,2,2,0,3102319,2025-06-20,2025-10-13,auto,7500000,0.41364253333333334
0675771960912024,0,1,40,M,RS001,Z34.0,73.0,1,3,1,4356897,2025-06-03,2025-10-13,auto,800000,5.44612125
4925830010920462,1,0,30,M,RS007,O80,72.0,2,1,1,7229105,2025-09-04,2025-10-13,auto,3500000,2.0654585714285716
7917852985551246,0,0,4,F,RS005,J18.9,93.94,3,3,3,2489713,2025-02-14,2025-10-13,manual,4200000,0.5927888095238095
9277062180038058,1,1,39,F,RS003,J00,93.9,1,3,0,4368040,2025-10-07,2025-10-13,auto,500000,8.73608
3303275983419441,1,1,58,M,RS002,K21.0,45.16,2,2,2,1512012,2025-08-14,2025-10-13,auto,1400000,1.0800085714285714
2768842318988658,0,1,23,F,RS010,R50.9,99.19,1,3,0,2029273,2025-06-28,2025-10-13,manual,1000000,2.029273
0948352213151115,0,1,7,M,RS004,O80,72.0,3,3,1,6889868,2025-10-02,2025-10-14,auto,3500000,1.9685337142857142
2273808111548490,1,1,80,M,RS005,O80,72.0,3,3,2,2982472,2025-05-03,2025-10-14,manual,3500000,0.8521348571428572
8944836216071900,0,1,39,M,RS008,K21.0,45.16,1,3,3,7678018,2025-08-04,2025-10-14,manual,1400000,5.484298571428571
5607717396813968,1,1,40,M,RS008,R10.4,87.09,1,4,0,7107741,2025-03-15,2025-10-14,auto,1200000,5.9231175
5867891051675743,0,1,37,M,RS006,K29.7,45.16,3,4,0,7315335,2025-05-16,2025-10-14,manual,1700000,4.303138235294117
3127588357665686,1,1,11,M,RS009,O80,72.0,2,4,2,7618175,2025-10-11,2025-10-14,manual,3500000,2.1766214285714285
4070608894409772,1,1,44,M,RS004,K29.7,45.16,2,2,3,767145,2025-09-23,2025-10-14,auto,1700000,0.45126176470588236
0675771960912024,0,1,40,M,RS001,I10,99.04,2,1,4,533681,2024-09-27,2025-10-14,auto,2000000,0.2668405
6291052782279494,0,1,1,F,RS010,R50.9,99.19,3,2,0,5458488,2025-04-02,2025-10-14,auto,1000000,5.458488
4340669572950009,1,1,3,F,RS008,O80,72.0,3,2,2,8412833,2025-01-14,2025-10-14,auto,3500000,2.4036665714285714
6132685031531868,1,1,88,M,RS007,N39.0,57.98,3,1,1,3372161,2025-06-23,2025-10-14,auto,2200000,1.5328004545454545
9172164010266734,0,1,27,F,RS009,J45.9,93.96,1,4,1,9967443,2025-02-27,2025-10-14,manual,2300000,4.333670869565218
8170344973886523,1,0,81,F,RS002,R10.4,45.23,3,4,2,5176663,2025-07-28,2025-10-14,auto,1200000,4.313885833333333
8960749542488083,1,1,20,F,RS001,I10,99.04,2,3,5,1506121,2025-09-02,2025-10-14,auto,2000000,0.7530605
7834441145195136,1,0,86,F,RS007,H25.9,13.5,3,1,1,1390968,2025-09-16,2025-10-14,manual,7500000,0.1854624
0433683946592596,0,0,71,M,RS005,I10,99.04,1,3,0,9648021,2025-06-20,2025-10-14,manual,2000000,4.8240105
7056707931595140,1,1,70,M,RS006,K29.7,45.16,1,2,1,3206911,2025-08-05,2025-10-14,auto,1700000,1.8864182352941177
4023425933717321,0,1,89,F,RS001,Z03.8,93.91,1,2,0,8757500,2025-07-11,2025-10-14,auto,1200000,7.297916666666667
1764240686273313,1,1,77,M,RS007,J18.9,93.94,1,1,1,8623302,2025-03-19,2025-10-14,auto,4200000,2.0531671428571427
7458930025627942,1,0,23,F,RS001,E11,99.10,3,1,2,1377475,2025-10-11,2025-10-14,auto,2500000,0.55099
0610606685488164,1,0,12,M,RS008,Z00.0,93.99,1,1,0,3000911,2024-10-14,2025-10-14,auto,700000,4.287015714285714
7714590588821549,1,1,25,F,RS007,E11,99.10,1,2,5,600054,2025-09-10,2025-10-14,auto,2500000,0.2400216
8957368642744519,1,1,39,M,RS010,J45.9,93.96,2,1,1,2472164,2025-06-03,2025-10-14,manual,2300000,1.0748539130434782
3099016092292930,0,1,1,M,RS003,Z00.0,93.99,1,1,0,6313649,2025-08-04,2025-10-14,auto,700000,9.01949857142857
3684285175529169,0,0,1,M,RS005,Z00.0,93.99,2,3,0,4438947,2024-11-27,2025-10-14,auto,700000,6.341352857142857
8507871722212911,1,0,54,M,RS004,R10.4,87.09,1,2,0,658164,2024-07-03,2025-10-14,manual,1200000,0.54847
9164367987483129,0,1,62,M,RS004,J00,93.9,1,1,0,1874195,2025-10-11,2025-10-14,manual,500000,3.74839
9106349567008130,1,1,54,F,RS006,K21.0,45.16,1,1,1,4176691,2025-09-13,2025-10-14,auto,1400000,2.9833507142857143
0187271950090291,1,1,80,M,RS010,K29.7,45.16,2,1,0,8641098,2025-07-17,2025-10-14,manual,1700000,5.082998823529412
7915765655931487,0,1,80,M,RS010,R10.4,87.09,3,3,0,7608565,2024-11-09,2025-10-14,manual,1200000,6.340470833333334
5863680176511602,1,1,73,F,RS008,K21.0,45.16,1,4,0,5470947,2025-07-26,2025-10-14,manual,1400000,3.9078192857142855
5641269859740584,0,1,80,M,RS001,Z00.0,93.99,2,3,1,4082337,2025-02-20,2025-10-14,manual,700000,5.83191
1048306711750933,1,1,64,F,RS003,J00,93.9,1,2,0,2249899,2025-09-08,2025-10-14,auto,500000,4.499798
5268194515341869,1,1,37,M,RS001,J00,93.9,1,4,0,4799365,2025-02-14,2025-10-14,manual,500000,9.59873
5765147635522208,1,0,18,F,RS010,O80,72.0,2,4,2,5910190,2025-03-12,2025-10-14,manual,3500000,1.6886257142857144
6713021505662344,1,1,9,M,RS005,Z00.0,93.99,1,3,0,2331950,2024-08-24,2025-10-14,manual,700000,3.3313571428571427
5379318419097792,1,0,12,F,RS002,Z03.8,93.91,3,1,0,1043346,2025-09-01,2025-10-14,auto,1200000,0.869455
6520363586248306,0,1,31,M,RS006,O80,72.0,2,4,2,4712124,2025-07-05,2025-10-14,auto,3500000,1.3463211428571429
0926870718558999,1,1,43,F,RS009,O80,72.0,3,3,1,9443925,2024-08-07,2025-10-14,manual,3500000,2.6982642857142856
5704714485343054,1,1,70,F,RS002,Z34.0,73.0,3,2,2,2493065,2025-09-01,2025-10-14,auto,800000,3.11633125
7420698226803757,1,1,83,F,RS007,Z03.8,93.91,3,1,0,4987150,2025-08-21,2025-10-14,auto,1200000,4.155958333333333
2699632373607150,1,1,2,F,RS004,I10,99.04,1,1,3,2395906,2025-06-11,2025-10-15,manual,2000000,1.197953
2171149304446851,1,1,42,M,RS004,R50.9,99.19,3,1,0,2114784,2024-03-16,2025-10-15,manual,1000000,2.114784
5429829040066753,0,1,78,M,RS010,I25.1,99.24,1,3,5,8758477,2025-09-15,2025-10-15,auto,5000000,1.7516954
3931689555239606,1,0,2,M,RS009,J18.9,96.04,2,3,1,2928956,2025-05-26,2025-10-15,manual,4200000,0.6973704761904762
7204848919566770,1,0,55,F,RS004,M54.5,93.39,2,3,0,1441670,2025-05-13,2025-10-15,auto,1800000,0.8009277777777778
4647107566004102,0,1,55,F,RS005,R10.4,45.23,3,3,0,1934117,2025-08-13,2025-10-15,manual,1200000,1.6117641666666667
6531929290619971,0,1,26,F,RS010,M54.5,93.39,3,3,0,8057110,2025-09-20,2025-10-15,manual,1800000,4.476172222222222
1201398862894144,1,1,74,F,RS002,Z03.8,93.91,2,4,1,4337517,2025-02-08,2025-10-15,manual,1200000,3.6145975
8552871560518504,1,1,20,M,RS009,Z34.0,73.0,1,1,3,926784,2025-08-25,2025-10-15,manual,800000,1.15848
1666226553338808,0,1,27,F,RS003,J00,93.9,3,4,1,6605212,2024-11-19,2025-10-15,auto,500000,13.210424
5519825488340102,1,1,46,F,RS007,E11,99.10,1,2,2,2500417,2024-12-10,2025-10-15,manual,2500000,1.0001668
2167469132943320,1,1,40,M,RS002,H25.9,13.5,3,3,0,4185406,2025-04-28,2025-10-15,manual,7500000,0.5580541333333333
2924248664807510,1,1,86,M,RS005,I25.1,36.15,2,1,3,4270614,2025-02-12,2025-10-15,auto,5000000,0.8541228
1505327285243202,0,0,15,F,RS004,I10,99.04,2,2,2,5468790,2025-08-08,2025-10-15,manual,2000000,2.734395
1966130377363425,1,1,56,F,RS002,J00,93.9,2,3,0,4115187,2025-07-10,2025-10-15,auto,500000,8.230374
9679841648167002,1,1,59,M,RS007,Z03.8,93.91,2,3,0,3622530,2025-07-07,2025-10-15,auto,1200000,3.018775
7484628441388237,0,1,12,F,RS004,E66.9,99.28,3,2,3,2643058,2025-07-31,2025-10-15,auto,1000000,2.643058
6321337633047226,1,1,60,M,RS007,K21.0,45.16,2,1,3,7701172,2025-09-03,2025-10-15,manual,1400000,5.500837142857143
0555142737081896,1,1,11,F,RS009,N39.0,57.98,1,1,1,6241318,2025-08-02,2025-10-15,auto,2200000,2.836962727272727
8428382365331610,0,1,67,M,RS004,I25.1,99.24,1,3,5,9564346,2025-04-22,2025-10-15,auto,5000000,1.9128692
5500057006681866,1,1,84,F,RS001,Z34.0,73.0,1,1,1,9345673,2025-02-12,2025-10-15,manual,800000,11.68209125
6601744282501159,1,1,13,M,RS004,K21.0,45.16,3,1,0,7695952,2025-09-27,2025-10-15,manual,1400000,5.497108571428571
9274798054445728,1,1,76,F,RS003,K29.7,45.16,1,4,1,1069328,2025-06-10,2025-10-15,auto,1700000,0.6290164705882353
7604562317114284,1,0,39,F,RS008,J18.9,96.04,1,2,1,672403,2024-10-05,2025-10-15,auto,4200000,0.1600959523809524
6920885808068841,1,0,18,F,RS008,R10.4,45.23,1,4,0,726473,2025-09-05,2025-10-15,auto,1200000,0.6053941666666667
0120678118987099,1,1,59,F,RS001,Z00.0,93.99,2,4,0,1877933,2025-08-08,2025-10-15,auto,700000,2.6827614285714287
8404646540554843,1,1,65,F,RS004,O80,72.0,2,3,2,5634821,2024-05-30,2025-10-15,auto,3500000,1.609948857142857
4938553777748088,1,1,11,M,RS010,I25.1,36.15,2,1,3,8997360,2024-08-13,2025-10-15,auto,5000000,1.799472
4973829775419812,0,1,25,M,RS005,N39.0,57.98,2,3,1,7339593,2025-07-28,2025-10-15,manual,2200000,3.3361786363636363
6736949518875340,1,1,11,M,RS006,N39.0,57.94,1,2,3,5346156,2024-12-14,2025-10-15,auto,2200000,2.430070909090909
5552763190173433,1,1,2,M,RS008,Z03.8,93.91,3,1,0,9280153,2025-06-03,2025-10-15,auto,1200000,7.733460833333333
3850239264906869,1,1,6,F,RS006,R10.4,45.23,3,1,0,2394046,2025-02-22,2025-10-15,auto,1200000,1.9950383333333332
3924207037924646,1,1,33,M,RS008,Z00.0,93.99,1,1,0,4235923,2024-02-09,2025-10-15,manual,700000,6.051318571428571
5936992247522874,1,1,44,M,RS002,H25.9,13.1,3,3,0,475212,2024-07-25,2025-10-15,manual,7500000,0.0633616
3769717711983368,1,1,39,F,RS002,Z03.8,93.91,3,1,1,6950510,2024-09-13,2025-10-15,manual,1200000,5.792091666666667
0016213988176813,0,1,62,M,RS002,J45.9,93.96,1,3,1,2603354,2025-08-29,2025-10-15,manual,2300000,1.1318930434782608
6907208612896705,1,0,86,F,RS002,K29.7,45.16,2,2,0,8285920,2025-07-23,2025-10-15,auto,1700000,4.874070588235294
6368083962193216,0,1,85,M,RS004,J45.9,93.96,3,1,0,9857313,2025-08-21,2025-10-15,manual,2300000,4.285788260869565
9652143328384756,1,1,82,M,RS009,Z34.0,73.0,2,1,4,8801568,2025-09-29,2025-10-15,manual,800000,11.00196
7652027525984731,1,1,45,M,RS006,I10,99.04,2,3,3,4255532,2024-12-06,2025-10-15,manual,2000000,2.127766
6786588139367775,1,1,14,M,RS005,O80,72.0,1,2,1,3855250,2024-08-17,2025-10-15,auto,3500000,1.1015
3499318732286346,1,1,63,M,RS008,R50.9,99.19,1,4,0,9724283,2025-09-11,2025-10-15,manual,1000000,9.724283
4142774471819460,0,1,71,F,RS001,R50.9,99.19,1,1,0,2684593,2024-03-16,2025-10-16,auto,1000000,2.684593
3609320359676737,1,1,30,F,RS003,J45.9,93.96,1,2,3,5503507,2024-10-09,2025-10-16,auto,2300000,2.3928291304347824
4904655235078615,0,0,22,M,RS002,R10.4,87.09,3,3,0,837719,2025-03-12,2025-10-16,manual,1200000,0.6980991666666667
9274798054445728,1,1,76,F,RS003,K29.7,45.16,3,3,2,9419507,2025-05-14,2025-10-16,manual,1700000,5.5408864705882355
2011200014076145,1,1,1,F,RS007,R10.4,87.09,2,4,0,4025941,2025-05-07,2025-10-16,auto,1200000,3.3549508333333335
3253519945745998,1,1,44,M,RS005,I10,99.04,2,2,2,9957537,2025-01-30,2025-10-16,auto,2000000,4.9787685
2892068707193095,1,0,86,F,RS010,H25.9,13.1,2,1,0,6128642,2025-10-07,2025-10-16,manual,7500000,0.8171522666666666
8552871560518504,1,1,20,M,RS009,O80,72.0,1,3,2,4682320,2025-05-13,2025-10-16,auto,3500000,1.3378057142857143
2879367754077574,1,1,21,M,RS002,R50.9,99.19,1,1,0,5354945,2025-04-01,2025-10-16,auto,1000000,5.354945
0004221685143663,1,1,71,M,RS009,J00,93.9,1,3,1,7028737,2025-07-25,2025-10-16,auto,500000,14.057474
4566336639334941,0,1,8,M,RS010,N39.0,57.98,2,2,1,6780657,2025-09-23,2025-10-16,auto,2200000,3.0821168181818184
9407839972700139,1,0,80,M,RS002,I25.1,99.24,2,2,1,2969314,2024-12-26,2025-10-16,manual,5000000,0.5938628
1632778114375289,0,1,89,M,RS001,Z03.8,93.91,3,1,0,5437527,2025-10-17,2025-10-19,manual,1200000,4.5312725
7440475448768975,1,1,11,F,RS004,Z00.0,93.99,1,4,1,3477250,2025-08-09,2025-10-16,auto,700000,4.9675
3549030484885680,1,1,5,F,RS001,O80,72.0,3,1,2,7878694,2025-02-01,2025-10-16,auto,3500000,2.2510554285714286
1689262097121732,1,1,5,F,RS004,J18.9,96.04,3,2,1,4196902,2025-10-03,2025-10-16,manual,4200000,0.999262380952381
0157144473428759,1,0,10,M,RS009,K21.0,45.16,1,1,1,9150884,2025-09-08,2025-10-16,manual,1400000,6.536345714285714
5018882146372777,1,0,26,F,RS005,E66.9,99.28,2,4,1,4484184,2024-12-04,2025-10-16,auto,1000000,4.484184
2988416978253776,1,0,66,M,RS007,N39.0,57.94,1,1,2,771036,2025-05-24,2025-10-16,auto,2200000,0.3504709090909091
6151670937396524,1,1,77,M,RS004,Z00.0,93.99,3,2,0,2805435,2025-07-11,2025-10-16,auto,700000,4.007764285714286
6570832744863866,1,0,32,M,RS008,O80,72.0,1,4,4,3163866,2025-04-18,2025-10-16,auto,3500000,0.9039617142857143
6118312882326426,1,1,45,F,RS004,J18.9,93.94,2,3,1,980552,2025-07-21,2025-10-16,auto,4200000,0.2334647619047619
3365989046032572,1,1,72,F,RS008,J45.9,93.96,2,2,0,5325654,2025-07-18,2025-10-16,manual,2300000,2.315501739130435
5377350750677917,0,1,87,F,RS010,E66.9,99.28,1,1,3,1654827,2025-09-18,2025-10-16,manual,1000000,1.654827
8603235850335200,1,0,75,F,RS001,J00,93.9,3,2,0,1826028,2024-11-02,2025-10-16,manual,500000,3.652056
1319383808572015,1,1,74,F,RS009,M54.5,93.39,2,2,2,6228630,2025-07-28,2025-10-16,manual,1800000,3.46035
4659131653908156,1,0,58,F,RS004,M54.5,93.39,2,1,0,3236727,2024-05-28,2025-10-16,auto,1800000,1.7981816666666666
7317434769110886,1,1,62,F,RS004,E66.9,99.28,1,4,1,5273788,2025-08-20,2025-10-16,manual,1000000,5.273788
5704362668634470,1,1,86,F,RS003,J18.9,93.94,2,1,0,9394109,2025-08-16,2025-10-16,auto,4200000,2.236692619047619
6492230574670109,1,1,36,M,RS009,J18.9,93.94,1,4,0,456609,2025-06-30,2025-10-16,auto,4200000,0.10871642857142857
5411501721186147,1,1,17,M,RS009,K29.7,45.16,3,2,1,8012565,2025-04-07,2025-10-16,manual,1700000,4.713273529411765
7339285024522402,1,1,75,M,RS008,J18.9,93.94,1,1,1,1961825,2024-06-18,2025-10-16,auto,4200000,0.4671011904761905
1737675851356394,1,0,26,F,RS004,R10.4,87.09,1,4,1,6891897,2025-07-29,2025-10-16,manual,1200000,5.7432475
2216494972922456,1,1,82,F,RS001,A09,45.23,2,3,2,5488649,2025-02-17,2025-10-16,auto,1300000,4.222037692307692
4776965480262103,0,1,44,F,RS004,I10,99.04,3,2,1,9226031,2025-02-13,2025-10-16,auto,2000000,4.6130155
1948015858157296,1,1,60,M,RS006,R50.9,99.19,1,3,0,7270236,2025-08-22,2025-10-16,manual,1000000,7.270236
0974452209400816,1,1,58,M,RS004,I25.1,36.15,2,2,2,4947694,2024-07-11,2025-10-16,auto,5000000,0.9895388
8459165639829967,1,0,28,M,RS004,N39.0,57.94,1,3,1,755470,2025-10-07,2025-10-16,manual,2200000,0.34339545454545456
3056804343884664,0,1,37,M,RS008,K21.0,45.16,3,3,4,947211,2025-10-13,2025-10-17,manual,1400000,0.6765792857142857
1090001843714456,1,1,80,M,RS005,R50.9,99.19,1,1,0,9563838,2025-09-24,2025-10-17,manual,1000000,9.563838
2095170039431707,0,1,71,M,RS001,K29.7,45.16,3,3,1,2113733,2025-08-13,2025-10-17,auto,1700000,1.2433723529411764
0157144473428759,1,0,10,M,RS009,K21.0,45.16,1,1,1,6542255,2024-10-19,2025-10-17,manual,1400000,4.673039285714285
7579017205455543,1,0,17,F,RS006,K29.7,45.16,3,3,0,1975921,2025-01-24,2025-10-17,auto,1700000,1.1623064705882353
1130364344708384,1,0,22,F,RS005,A09,45.23,1,2,0,4809735,2025-08-14,2025-10-17,auto,1300000,3.6997961538461537
8577595612094907,1,1,83,F,RS006,H25.9,13.5,1,4,1,6245061,2025-10-13,2025-10-17,manual,7500000,0.8326748
6234061294955484,1,1,73,F,RS007,R10.4,87.09,3,2,1,1816105,2024-06-12,2025-10-17,auto,1200000,1.5134208333333334
3999832223991157,0,1,43,F,RS007,Z34.0,73.0,1,4,2,8861368,2024-06-15,2025-10-17,auto,800000,11.07671
3354413650232491,1,1,82,M,RS008,J18.9,93.94,2,1,0,5781426,2025-03-29,2025-10-17,manual,4200000,1.37653
6548575927264451,0,0,31,M,RS005,O80,72.0,3,3,3,685142,2024-03-21,2025-10-17,auto,3500000,0.19575485714285715
8795930822768118,0,1,16,M,RS004,I10,99.04,3,1,3,6511653,2025-09-27,2025-10-17,auto,2000000,3.2558265
3397877379762883,1,1,48,F,RS008,R50.9,99.19,3,2,2,4442435,2024-12-05,2025-10-17,manual,1000000,4.442435
3727989503261230,1,1,82,M,RS004,K21.0,45.16,1,2,1,501666,2025-08-25,2025-10-17,auto,1400000,0.3583328571428571
6614791601019959,0,1,52,F,RS003,I10,99.04,1,3,1,8098383,2024-06-17,2025-10-17,auto,2000000,4.0491915
5516293890481535,1,1,48,F,RS002,J18.9,93.94,1,4,2,8938963,2025-08-29,2025-10-17,auto,4200000,2.128324523809524
8247383488180687,1,1,28,M,RS009,K21.0,45.16,2,2,0,502480,2025-10-13,2025-10-17,auto,1400000,0.35891428571428574
2036347310298226,0,1,52,F,RS002,I25.1,99.24,1,2,5,4016619,2024-04-25,2025-10-17,auto,5000000,0.8033238
7824943251185450,1,1,41,M,RS004,Z03.8,93.91,2,2,1,7742905,2025-07-28,2025-10-17,manual,1200000,6.452420833333333
5098979179636566,0,1,12,M,RS002,N39.0,57.98,2,4,0,2957566,2024-12-06,2025-10-17,auto,2200000,1.3443481818181817
5834511151055523,1,1,22,M,RS008,K29.7,45.16,3,1,0,8334777,2025-09-20,2025-10-17,manual,1700000,4.90281
8219600145167686,1,1,28,M,RS009,I10,99.04,3,4,1,7707641,2025-03-15,2025-10-17,manual,2000000,3.8538205
7384393666094545,1,1,71,M,RS004,A09,45.23,2,3,0,5896153,2024-11-18,2025-10-17,manual,1300000,4.535502307692307
8446090480072456,1,1,40,M,RS003,J00,93.9,2,1,2,4462965,2025-07-30,2025-10-17,auto,500000,8.92593
3247461850824718,1,0,52,F,RS008,J00,93.9,3,4,0,4526634,2025-03-26,2025-10-17,manual,500000,9.053268
6368083962193216,0,1,85,M,RS004,J00,93.9,1,3,0,4339020,2025-06-07,2025-10-17,auto,500000,8.67804
6721943696051368,0,0,30,M,RS002,R50.9,99.19,1,1,0,5818088,2025-09-29,2025-10-17,auto,1000000,5.818088
6938743905391260,1,0,7,F,RS007,O80,72.0,3,2,1,7772498,2025-09-18,2025-10-17,auto,3500000,2.220713714285714
5733366470320008,1,1,41,F,RS005,J45.9,93.96,1,1,0,8733054,2025-04-03,2025-10-17,auto,2300000,3.79698
8898787858128776,1,1,83,M,RS004,I10,99.04,3,1,2,3659450,2025-02-03,2025-10-17,manual,2000000,1.829725
7420698226803757,1,1,83,F,RS007,Z03.8,93.91,3,3,0,620265,2025-07-31,2025-10-17,auto,1200000,0.5168875
1427272718903279,1,0,40,F,RS005,K29.7,45.16,2,2,2,8216933,2025-06-28,2025-10-17,auto,1700000,4.83349
1783753481312685,1,1,20,M,RS003,R10.4,87.09,1,1,0,8851837,2024-10-14,2025-10-17,auto,1200000,7.376530833333334
5234881349321831,1,0,5,M,RS004,H25.9,13.1,2,1,0,856880,2024-12-05,2025-10-18,auto,7500000,0.11425066666666667
8748542927621204,1,1,49,M,RS001,J18.9,96.04,2,2,1,4344169,2024-04-02,2025-10-18,manual,4200000,1.0343259523809525
7643611718714238,1,1,86,M,RS008,J18.9,93.94,2,3,0,5972819,2024-08-19,2025-10-18,auto,4200000,1.422099761904762
1502490653007146,1,1,12,F,RS001,I10,99.04,2,4,1,8169894,2025-09-27,2025-10-18,manual,2000000,4.084947
7061548510988761,1,1,30,M,RS004,R10.4,45.23,1,2,0,2844486,2025-09-10,2025-10-18,manual,1200000,2.370405
9366338202595581,0,1,11,F,RS004,H25.9,13.5,3,3,0,2591500,2025-08-07,2025-10-18,manual,7500000,0.34553333333333336
0481068706907292,1,1,90,F,RS004,J18.9,96.04,3,2,0,6191778,2025-07-26,2025-10-18,manual,4200000,1.4742328571428571
7226578348736665,1,1,28,F,RS004,R10.4,87.09,1,3,0,1320357,2025-04-05,2025-10-18,manual,1200000,1.1002975
1413384681675581,1,1,90,F,RS001,J18.9,96.04,3,2,3,2340534,2025-10-11,2025-10-18,manual,4200000,0.55727
2653051756039798,0,0,41,M,RS008,E11,99.10,1,2,1,4623284,2025-06-25,2025-10-18,auto,2500000,1.8493136
9169727934549025,0,0,30,M,RS009,Z34.0,73.0,2,2,2,588887,2025-03-11,2025-10-18,auto,800000,0.73610875
1701408578684890,0,0,52,M,RS009,A09,45.23,2,4,0,2969443,2025-06-07,2025-10-18,manual,1300000,2.284186923076923
4719037266815746,1,0,59,F,RS007,R10.4,87.09,1,2,0,4019094,2025-07-19,2025-10-18,manual,1200000,3.349245
1533153330659485,1,0,23,M,RS002,J00,93.9,2,2,2,8315031,2025-07-16,2025-10-18,auto,500000,16.630062
3287558779877850,1,1,68,F,RS004,I10,99.04,3,2,2,1569382,2024-12-11,2025-10-18,auto,2000000,0.784691
9011640907927747,1,0,46,M,RS004,I25.1,99.24,2,2,0,6560757,2025-08-15,2025-10-18,auto,5000000,1.3121514
8673881653325308,0,1,25,F,RS008,J00,93.9,1,1,0,5586758,2024-12-11,2025-10-18,auto,500000,11.173516
1107508655077476,1,1,23,F,RS008,Z34.0,73.0,1,2,2,5139166,2025-03-25,2025-10-18,manual,800000,6.4239575
9977956565515420,1,1,64,F,RS009,J00,93.9,1,1,1,3224232,2025-09-10,2025-10-18,auto,500000,6.448464
8344414157880930,1,1,17,F,RS004,I10,99.04,3,3,5,2165460,2025-03-18,2025-10-18,auto,2000000,1.08273
7667132867591279,1,1,8,F,RS003,O80,72.0,1,4,2,2089053,2025-10-01,2025-10-18,manual,3500000,0.5968722857142857
0612598515468775,1,1,19,M,RS001,Z34.0,73.0,1,1,3,2272461,2024-05-25,2025-10-18,auto,800000,2.84057625
4653360519755402,1,0,8,F,RS003,J45.9,93.96,3,3,3,4910170,2024-04-13,2025-10-18,manual,2300000,2.1348565217391307
8696680844324872,1,1,41,M,RS007,K29.7,45.16,3,4,2,9841930,2025-10-06,2025-10-18,auto,1700000,5.789370588235294
7584245698953132,0,1,57,M,RS004,A09,45.23,2,2,0,5615378,2025-08-21,2025-10-18,auto,1300000,4.319521538461538
0080044372914030,1,1,60,M,RS002,Z03.8,93.91,3,3,0,5568044,2025-03-13,2025-10-18,manual,1200000,4.640036666666667
1804694688765683,1,1,48,M,RS005,Z00.0,93.99,1,4,0,7735701,2025-08-29,2025-10-18,manual,700000,11.051001428571428
8706521065904296,1,1,57,M,RS008,M54.5,93.39,1,4,0,5854440,2025-07-03,2025-10-18,auto,1800000,3.252466666666667
6961144251434739,1,1,40,M,RS002,K29.7,45.16,1,2,3,6273640,2024-04-17,2025-10-18,auto,1700000,3.690376470588235
9020995654311343,1,1,65,M,RS008,R50.9,99.19,2,1,0,8773365,2025-10-01,2025-10-20,manual,1000000,8.773365
9160390588799943,1,1,32,F,RS005,K21.0,45.16,2,4,1,9303186,2025-06-14,2025-10-20,manual,1400000,6.645132857142857
7790703841468464,1,1,68,M,RS001,J45.9,93.96,1,4,0,6397278,2025-08-29,2025-10-20,manual,2300000,2.7814252173913045
2650256788656680,1,1,17,F,RS003,A09,45.23,3,2,1,6912271,2025-10-04,2025-10-20,manual,1300000,5.317131538461538
4740569431901294,1,1,17,F,RS003,A09,45.23,1,4,0,715675,2024-11-06,2025-10-20,auto,1300000,0.5505192307692308
2170412053832982,0,1,26,M,RS002,R10.4,87.09,3,1,0,7378508,2024-09-02,2025-10-20,manual,1200000,6.148756666666666
0565829225677991,1,0,88,M,RS004,M54.5,93.39,2,1,0,1204715,2025-09-13,2025-10-20,auto,1800000,0.6692861111111111
5429829040066753,0,1,78,M,RS010,I10,99.04,2,3,4,4445081,2025-04-23,2025-10-20,manual,2000000,2.2225405
1420379125048778,0,1,40,M,RS001,Z34.0,73.0,1,4,2,3607668,2025-08-07,2025-10-20,auto,800000,4.509585
9959670986869068,1,0,44,F,RS003,I10,99.04,3,3,2,1839480,2025-09-30,2025-10-20,manual,2000000,0.91974
0841004995119686,1,0,76,F,RS010,J00,93.9,2,4,0,5197228,2025-10-10,2025-10-20,auto,500000,10.394456
6531254732670020,0,1,18,F,RS004,E66.9,99.28,3,4,3,6944020,2025-10-01,2025-10-20,manual,1000000,6.94402
8528622624108403,1,1,6,F,RS010,Z00.0,93.99,3,2,0,4112903,2025-07-30,2025-10-20,auto,700000,5.875575714285715
5641269859740584,0,1,80,M,RS001,R10.4,87.09,1,1,0,4706712,2025-02-15,2025-10-20,auto,1200000,3.92226
6588470576318035,1,1,17,M,RS010,J45.9,93.96,1,1,1,8584590,2025-09-30,2025-10-20,auto,2300000,3.7324304347826085
8685167806148693,1,1,5,F,RS003,O80,72.0,2,1,3,1983467,2025-09-12,2025-10-20,auto,3500000,0.5667048571428571
1813792019977577,1,1,8,M,RS009,E66.9,99.28,2,2,3,4816676,2025-07-26,2025-10-20,auto,1000000,4.816676
5944932902790404,0,1,2,M,RS006,J45.9,93.96,3,3,0,9833026,2025-09-17,2025-10-20,manual,2300000,4.275228695652174
7734113203894465,0,1,62,M,RS001,Z00.0,93.99,3,2,1,1140241,2025-08-20,2025-10-20,auto,700000,1.6289157142857142
9370233076094656,1,1,12,M,RS003,Z34.0,73.0,1,3,2,3562173,2025-03-29,2025-10-20,manual,800000,4.45271625
6027000885549999,0,1,71,M,RS002,J00,93.9,3,3,2,1410626,2025-02-18,2025-10-20,manual,500000,2.821252
8705755801040283,1,0,41,M,RS007,K21.0,45.16,3,3,1,7737588,2025-07-10,2025-10-21,manual,1400000,5.526848571428571
6934901989164228,1,1,26,M,RS004,N39.0,57.94,2,4,0,8093173,2024-05-21,2025-10-21,manual,2200000,3.678715
4304267915650959,1,1,23,M,RS005,H25.9,13.1,1,1,0,6225664,2025-02-21,2025-10-21,auto,7500000,0.8300885333333333
1124148893738432,1,1,35,M,RS004,Z03.8,93.91,1,4,0,5325706,2025-10-14,2025-10-21,auto,1200000,4.438088333333333
3020858870331944,0,1,61,F,RS004,Z03.8,93.91,2,3,1,9390938,2025-04-26,2025-10-21,auto,1200000,7.825781666666667
7897075692906406,1,1,62,F,RS006,R50.9,99.19,2,1,0,8065842,2024-06-21,2025-10-21,auto,1000000,8.065842
0859927001959307,0,1,35,F,RS004,Z34.0,73.0,3,3,3,7742781,2024-05-24,2025-10-21,auto,800000,9.67847625
7991896135964677,1,0,23,M,RS009,J18.9,93.94,2,1,0,1924781,2024-06-12,2025-10-21,manual,4200000,0.4582811904761905
1997123657850108,0,1,46,M,RS001,N39.0,57.94,3,1,3,5745804,2025-10-13,2025-10-21,manual,2200000,2.611729090909091
2550310383756406,1,1,57,M,RS010,J00,93.9,2,4,1,9278082,2025-05-01,2025-10-21,manual,500000,18.556164
1011684999041449,1,1,78,F,RS008,O80,72.0,2,1,2,3417689,2025-01-13,2025-10-21,manual,3500000,0.9764825714285714
0285322132812752,1,1,27,F,RS005,J18.9,96.04,3,2,2,6012096,2024-03-08,2025-10-21,auto,4200000,1.4314514285714286
8493060587390848,0,0,36,F,RS001,O80,72.0,3,3,1,805368,2025-02-25,2025-10-21,manual,3500000,0.23010514285714287
3789653646467583,1,1,68,M,RS005,A09,45.23,2,1,3,6177395,2025-09-12,2025-10-21,manual,1300000,4.751842307692308
6012933554839561,1,0,88,F,RS010,I10,99.04,1,4,3,1680249,2025-08-04,2025-10-21,auto,2000000,0.8401245
3975242147979573,1,1,74,M,RS005,E66.9,99.28,3,4,0,3050219,2024-01-27,2025-10-21,manual,1000000,3.050219
8241266913949089,1,1,74,M,RS005,Z03.8,93.91,2,2,0,8046006,2025-10-01,2025-10-21,auto,1200000,6.705005
0609162315562941,0,1,7,M,RS003,K21.0,45.16,3,3,1,5684096,2025-10-15,2025-10-21,manual,1400000,4.060068571428571
7897075692906406,1,1,62,F,RS006,R50.9,99.19,1,3,0,4030841,2025-04-25,2025-10-21,manual,1000000,4.030841
7964991914869624,1,1,73,F,RS009,A09,45.23,3,3,2,9376068,2024-11-14,2025-10-21,manual,1300000,7.21236
0062217216638737,1,1,90,M,RS006,Z34.0,73.0,2,2,2,9979687,2024-08-08,2025-10-21,manual,800000,12.47460875
0948352213151115,0,1,7,M,RS004,O80,72.0,1,3,4,2025518,2025-10-08,2025-10-21,manual,3500000,0.5787194285714286
4034664349725082,1,1,2,F,RS003,K21.0,45.16,1,4,2,3935134,2025-10-18,2025-10-21,manual,1400000,2.81081
9924102417031956,1,1,33,F,RS008,J45.9,93.96,2,2,1,2247135,2025-08-09,2025-10-21,auto,2300000,0.9770152173913044
6340037842034656,0,1,58,F,RS005,I10,99.04,3,2,1,989408,2025-08-23,2025-10-21,manual,2000000,0.494704
8858147792812022,1,1,39,F,RS004,H25.9,13.4,1,2,0,2764782,2025-09-10,2025-10-21,auto,7500000,0.3686376
7090454115709204,0,1,7,M,RS003,K21.0,45.16,1,4,1,2944329,2025-08-26,2025-10-21,auto,1400000,2.1030921428571427
0073741296181268,0,1,77,F,RS003,K29.7,45.16,2,1,3,8769088,2025-08-04,2025-10-21,auto,1700000,5.15828705882353
9819520819893304,1,0,72,M,RS001,J18.9,96.04,1,3,0,6705920,2025-08-27,2025-10-21,manual,4200000,1.596647619047619
2550310383756406,1,1,57,M,RS010,J00,93.9,1,1,0,8339368,2025-10-13,2025-10-21,auto,500000,16.678736
6476747739829272,1,1,20,F,RS010,N39.0,57.94,3,1,2,1087869,2025-06-14,2025-10-21,manual,2200000,0.4944859090909091
4817845868248256,0,1,42,F,RS001,M54.5,93.39,3,1,2,5131059,2025-05-22,2025-10-21,auto,1800000,2.8505883333333335
9240270630048667,1,0,39,M,RS004,R50.9,99.19,1,2,1,9772449,2025-04-26,2025-10-21,manual,1000000,9.772449
0081335989939966,1,1,90,M,RS004,R10.4,87.09,1,3,0,7206538,2025-10-07,2025-10-21,manual,1200000,6.005448333333334
7585247701200370,0,1,12,F,RS010,K29.7,45.16,2,1,2,9243978,2025-09-12,2025-10-21,manual,1700000,5.437634117647058
4483283255323643,1,1,51,M,RS008,O80,72.0,3,2,2,9386566,2025-02-12,2025-10-21,auto,3500000,2.681876
5707893723657223,1,1,77,F,RS006,R50.9,99.19,3,2,1,7645391,2025-09-04,2025-10-21,manual,1000000,7.645391
2056428785555514,0,1,31,F,RS007,E11,99.10,1,3,2,2136661,2024-06-07,2025-10-21,auto,2500000,0.8546644
1179675100857489,0,1,21,M,RS001,A09,45.23,1,2,1,5396972,2025-07-26,2025-10-21,auto,1300000,4.151516923076923
6294636969505306,1,1,47,F,RS007,A09,45.23,2,1,3,7688153,2025-03-17,2025-10-21,manual,1300000,5.913963846153846
9093810094948070,0,1,16,F,RS004,R50.9,99.19,1,4,0,1294756,2025-09-06,2025-10-21,auto,1000000,1.294756
6026617086952876,1,1,17,M,RS002,R50.9,99.19,2,4,0,3978013,2025-06-26,2025-10-21,auto,1000000,3.978013
8898787858128776,1,1,83,M,RS004,J18.9,93.94,3,3,1,5554895,2025-06-13,2025-10-21,manual,4200000,1.3225940476190476
8809201840936143,1,1,73,M,RS004,I25.1,99.24,2,1,3,1483544,2024-03-28,2025-10-21,auto,5000000,0.2967088
9506504402505007,1,0,62,F,RS003,K29.7,45.16,1,3,0,2018043,2025-08-14,2025-10-21,manual,1700000,1.1870841176470588
0365844243419916,1,1,40,F,RS008,K29.7,45.16,1,4,2,2521021,2025-10-16,2025-10-21,auto,1700000,1.4829535294117646
8746775700561102,1,1,22,M,RS003,K21.0,45.16,2,3,1,904459,2025-05-14,2025-10-22,manual,1400000,0.6460421428571429
1320938518628974,0,1,75,F,RS009,I10,99.04,3,3,1,5888416,2024-12-28,2025-10-22,auto,2000000,2.944208
6934901989164228,1,1,26,M,RS004,N39.0,57.98,2,1,3,4892883,2025-09-23,2025-10-22,manual,2200000,2.2240377272727274
9759930462560883,1,1,61,M,RS006,Z34.0,73.0,2,1,2,4314178,2025-10-16,2025-10-22,auto,800000,5.3927225
8747432799530596,1,1,5,F,RS002,Z03.8,93.91,3,1,0,8827080,2025-09-09,2025-10-22,auto,1200000,7.3559
0055571247379283,0,1,2,M,RS006,A09,45.23,2,2,2,4862396,2025-05-03,2025-10-22,manual,1300000,3.7403046153846153
2074782046773564,1,0,5,M,RS001,J18.9,93.94,3,4,1,3628005,2024-03-23,2025-10-22,manual,4200000,0.8638107142857143
3258444071717633,1,0,47,M,RS010,J45.9,93.96,2,1,1,6254548,2025-10-01,2025-10-22,auto,2300000,2.719368695652174
8142924535919896,1,0,69,M,RS010,R50.9,99.19,1,2,0,7216599,2025-09-27,2025-10-22,manual,1000000,7.216599
8170344973886523,1,0,81,F,RS002,R10.4,45.23,1,2,0,7637803,2025-09-03,2025-10-22,auto,1200000,6.364835833333333
0172339358491304,1,0,49,M,RS008,A09,45.23,3,1,1,6462382,2025-10-10,2025-10-22,manual,1300000,4.971063076923077
7543249735035842,1,0,52,F,RS008,J45.9,93.96,1,1,0,4808659,2025-10-03,2025-10-22,auto,2300000,2.090721304347826
3237797253149966,0,1,25,F,RS002,Z03.8,93.91,2,4,0,3188702,2025-06-10,2025-10-22,manual,1200000,2.657251666666667
5399096333132267,1,1,23,F,RS004,R50.9,99.19,3,2,0,4020777,2025-10-09,2025-10-22,manual,1000000,4.020777
8323890495103520,0,1,13,M,RS010,Z00.0,93.99,3,1,0,2475181,2025-10-18,2025-10-22,manual,700000,3.5359728571428573
9985542567456655,1,1,41,M,RS003,H25.9,13.4,2,2,0,4264794,2025-08-04,2025-10-22,manual,7500000,0.5686392
7015444135965527,1,1,57,F,RS009,E66.9,99.28,2,2,5,6222940,2025-01-30,2025-10-22,auto,1000000,6.22294
1630372263107499,1,0,81,M,RS007,Z34.0,73.0,2,3,2,6631482,2025-02-17,2025-10-22,auto,800000,8.2893525
3350465497447588,0,1,1,F,RS010,R50.9,99.19,3,4,1,7460318,2024-04-04,2025-10-22,manual,1000000,7.460318
2923959800363212,1,1,15,M,RS007,J18.9,96.04,3,2,0,3459584,2025-10-15,2025-10-22,manual,4200000,0.8237104761904762
5124039520614457,1,1,39,F,RS005,Z34.0,73.0,2,1,2,458851,2024-12-16,2025-10-22,auto,800000,0.57356375
7297573114568543,1,1,24,M,RS009,I10,99.04,3,3,2,3639380,2025-09-26,2025-10-22,manual,2000000,1.81969
3002400676640339,1,1,69,M,RS009,J00,93.9,3,3,0,5296422,2025-06-03,2025-10-22,manual,500000,10.592844
9364915807080024,1,1,67,F,RS002,K21.0,45.16,3,3,0,4481601,2024-09-13,2025-10-22,auto,1400000,3.2011435714285716
3609320359676737,1,1,30,F,RS003,J45.9,93.96,3,4,0,5042965,2025-03-03,2025-10-22,auto,2300000,2.1925934782608696
6723026238887574,1,1,57,M,RS005,J45.9,93.96,3,3,1,3597896,2025-09-10,2025-10-22,auto,2300000,1.5643026086956522
3739503434046182,0,1,88,F,RS009,K29.7,45.16,3,1,2,1240763,2024-12-04,2025-10-22,auto,1700000,0.7298605882352941
5784937413457399,0,0,39,M,RS003,Z34.0,73.0,1,3,4,3171142,2025-10-09,2025-10-22,auto,800000,3.9639275
4182015123008202,1,1,40,F,RS001,N39.0,57.98,1,1,1,7918656,2024-05-03,2025-10-22,auto,2200000,3.599389090909091
2777081140110349,0,1,32,M,RS009,O80,72.0,1,1,4,8698719,2025-03-18,2025-10-22,auto,3500000,2.4853482857142857
4818058220758163,1,1,51,F,RS008,J45.9,93.96,3,1,0,604842,2024-10-15,2025-10-22,auto,2300000,0.26297478260869567
6207394413421658,1,1,51,F,RS008,J18.9,96.04,1,1,1,6683548,2024-09-25,2025-10-22,manual,4200000,1.5913209523809524
9106349567008130,1,1,54,F,RS006,K21.0,45.16,3,2,1,8086418,2025-06-02,2025-10-22,auto,1400000,5.776012857142857
9279263899401610,0,1,37,F,RS007,M54.5,93.39,2,4,1,5362307,2025-09-10,2025-10-22,auto,1800000,2.9790594444444443
4403284524118245,0,0,59,M,RS010,I25.1,36.15,1,3,4,4402741,2024-12-25,2025-10-22,manual,5000000,0.8805482
3187365129560139,1,0,59,M,RS008,M54.5,93.39,3,1,0,7743655,2024-07-01,2025-10-22,auto,1800000,4.302030555555556
8638863177918870,1,1,42,F,RS001,J18.9,96.04,2,2,0,1614851,2025-08-23,2025-10-22,auto,4200000,0.3844883333333333
3378840933975669,0,0,88,M,RS002,K21.0,45.16,3,4,0,4560175,2025-04-26,2025-10-22,auto,1400000,3.2572678571428573
1874658700921760,1,0,63,F,RS004,R50.9,99.19,1,4,0,5521734,2024-09-16,2025-10-22,manual,1000000,5.521734
4893862879981230,0,1,30,F,RS006,M54.5,93.39,1,4,0,8173553,2025-01-21,2025-10-22,auto,1800000,4.540862777777778
7388574216354090,1,1,74,F,RS006,R10.4,45.23,1,3,0,5384144,2025-08-09,2025-10-22,manual,1200000,4.486786666666666
3825819792221445,1,1,14,F,RS003,A09,45.23,1,1,0,1375992,2025-05-23,2025-10-22,manual,1300000,1.0584553846153846
5684584675729210,1,1,41,M,RS006,M54.5,93.39,1,2,0,4977336,2025-08-25,2025-10-22,auto,1800000,2.7651866666666667
6988132476989717,1,1,45,F,RS006,R10.4,45.23,3,3,0,9042763,2025-09-25,2025-10-23,auto,1200000,7.535635833333333
6268317836288887,1,1,30,F,RS010,R10.4,45.23,1,4,0,4864515,2024-11-30,2025-10-23,auto,1200000,4.0537625
5945562047567614,0,1,90,F,RS007,H25.9,13.4,1,4,0,2822197,2024-06-19,2025-10-23,auto,7500000,0.37629293333333336
0285322132812752,1,1,27,F,RS005,J45.9,93.96,3,2,1,3772947,2025-09-27,2025-10-23,auto,2300000,1.6404117391304347
1756839619701697,1,1,33,F,RS005,I25.1,36.15,1,1,3,5156072,2025-10-08,2025-10-23,manual,5000000,1.0312144
8851083312135006,1,1,46,M,RS006,J45.9,93.96,2,3,1,2641739,2025-06-05,2025-10-23,auto,2300000,1.1485821739130435
9326567574111060,1,1,1,M,RS002,R10.4,87.09,3,1,0,6028284,2025-05-16,2025-10-23,manual,1200000,5.02357
0660665429921968,1,1,78,M,RS005,J00,93.9,1,1,0,1221967,2025-09-24,2025-10-23,auto,500000,2.443934
5326988310410819,0,1,89,M,RS007,K29.7,45.16,3,2,3,7617391,2025-07-23,2025-10-23,manual,1700000,4.480818235294118
2646930161489450,0,1,67,M,RS009,E66.9,99.28,1,3,2,3167736,2025-09-24,2025-10-23,auto,1000000,3.167736
3813512971597699,1,1,85,M,RS005,I10,99.04,1,4,7,7084368,2024-02-22,2025-10-23,manual,2000000,3.542184
0717704436007496,1,0,67,M,RS006,M54.5,93.39,1,2,0,9044333,2025-09-30,2025-10-23,manual,1800000,5.024629444444445
0656666842337095,1,1,88,M,RS005,H25.9,13.1,2,2,0,6437003,2024-04-08,2025-10-23,auto,7500000,0.8582670666666666
0959440846731639,0,1,89,M,RS004,M54.5,93.39,3,4,2,9534533,2025-09-30,2025-10-23,auto,1800000,5.296962777777778
8944836216071900,0,1,39,M,RS008,K21.0,45.16,2,3,1,5502578,2025-08-25,2025-10-23,auto,1400000,3.930412857142857
6294636969505306,1,1,47,F,RS007,A09,45.23,1,2,1,5721826,2025-10-10,2025-10-23,manual,1300000,4.401404615384616
4570723345505603,1,1,41,F,RS002,J18.9,93.94,2,1,0,2513224,2025-07-03,2025-10-23,auto,4200000,0.5983866666666666
6379078397102101,0,1,17,F,RS010,K29.7,45.16,3,3,0,8045789,2024-08-07,2025-10-23,auto,1700000,4.732817058823529
1555805379314284,1,0,42,F,RS003,E66.9,99.28,3,3,1,5627160,2025-06-19,2025-10-23,auto,1000000,5.62716
2720595790301628,1,1,40,M,RS004,E11,99.10,1,1,2,5217223,2024-01-30,2025-10-23,auto,2500000,2.0868892
4843249552723524,1,1,89,M,RS002,I10,99.04,1,4,3,9560156,2024-06-24,2025-10-23,manual,2000000,4.780078
7939617567102819,1,1,63,F,RS005,E11,99.10,1,3,2,9417058,2025-09-06,2025-10-23,auto,2500000,3.7668232
5259078456296259,1,0,56,M,RS001,R10.4,87.09,2,1,0,4136907,2025-03-11,2025-10-23,auto,1200000,3.4474225
9527515718531974,1,1,59,M,RS003,M54.5,93.39,3,1,0,1260986,2024-04-10,2025-10-23,manual,1800000,0.7005477777777778
2993478058555634,1,1,39,F,RS010,N39.0,57.94,3,4,0,3820997,2025-04-26,2025-10-23,auto,2200000,1.7368168181818182
7999072378250397,1,1,48,F,RS007,R50.9,99.19,3,3,0,9636170,2025-02-07,2025-10-23,auto,1000000,9.63617
7333761625268544,1,1,85,F,RS007,N39.0,57.94,3,1,1,7239009,2024-01-26,2025-10-23,manual,2200000,3.2904586363636366
0838203725807919,1,1,10,M,RS010,I10,99.04,3,3,2,931099,2025-05-01,2025-10-23,auto,2000000,0.4655495
4999703422279779,0,1,84,F,RS007,R10.4,45.23,3,3,0,5055947,2024-12-21,2025-10-23,manual,1200000,4.213289166666667
1781439000433190,1,1,15,F,RS001,H25.9,13.5,3,2,1,8930002,2025-08-21,2025-10-23,manual,7500000,1.1906669333333333
8323890495103520,0,1,13,M,RS010,R10.4,87.09,2,1,0,6155758,2024-01-29,2025-10-23,auto,1200000,5.1297983333333335
1262264311427630,1,1,70,M,RS001,J18.9,93.94,1,3,1,6175958,2025-01-20,2025-10-23,auto,4200000,1.4704661904761904
7616923159994668,0,1,27,F,RS009,J45.9,93.96,3,2,0,8735834,2024-10-31,2025-10-23,auto,2300000,3.7981886956521738
7356070297812652,1,1,71,M,RS008,J18.9,93.94,2,1,0,8564389,2024-12-04,2025-10-23,auto,4200000,2.039140238095238
0615307926722045,0,0,70,F,RS006,R50.9,99.19,3,3,0,2792118,2024-11-30,2025-10-23,manual,1000000,2.792118
1962910109636021,0,1,90,F,RS008,E66.9,99.28,1,2,2,8182687,2025-08-28,2025-10-23,auto,1000000,8.182687
7977483293663836,1,1,83,F,RS006,R10.4,87.09,1,4,0,6066228,2024-03-29,2025-10-23,auto,1200000,5.05519
8074272655952659,0,1,52,M,RS003,E66.9,99.28,3,4,3,5400805,2025-09-04,2025-10-23,auto,1000000,5.400805
2286025430307373,1,0,61,F,RS009,J45.9,93.96,2,1,1,6261784,2025-03-20,2025-10-23,auto,2300000,2.7225147826086955
9927502670697756,0,1,67,M,RS004,A09,45.23,1,3,0,9677081,2025-01-08,2025-10-23,auto,1300000,7.443908461538461
2311733752635927,1,1,22,M,RS002,M54.5,93.39,2,4,0,654101,2025-09-15,2025-10-24,manual,1800000,0.36338944444444443
4747676997057084,1,1,70,F,RS008,E66.9,99.28,1,1,5,1487325,2025-09-20,2025-10-24,manual,1000000,1.487325
3327615954845661,1,1,14,M,RS004,E66.9,99.28,3,4,0,4467833,2025-08-05,2025-10-24,auto,1000000,4.467833
1090001843714456,1,1,80,M,RS005,R10.4,87.09,2,3,0,6746720,2024-12-11,2025-10-24,manual,1200000,5.6222666666666665
9355936997744368,1,1,36,F,RS005,J18.9,93.94,1,2,1,4851392,2025-10-20,2025-10-24,manual,4200000,1.1550933333333333
6492230574670109,1,1,36,M,RS009,J00,93.9,2,1,0,9658972,2025-06-04,2025-10-24,manual,500000,19.317944
9268457040179281,1,1,21,F,RS001,E11,99.10,3,3,2,9220901,2025-01-13,2025-10-24,manual,2500000,3.6883604
3939959990377015,0,0,13,F,RS003,I10,99.04,3,1,3,1334574,2025-01-23,2025-10-24,auto,2000000,0.667287
0781336579932879,1,1,79,F,RS009,Z00.0,93.99,3,3,0,2384712,2025-09-30,2025-10-24,manual,700000,3.4067314285714287
7412739805401343,1,0,36,F,RS005,Z34.0,73.0,1,4,1,2376785,2024-07-08,2025-10-24,manual,800000,2.97098125
2536282448977249,1,1,37,M,RS005,Z34.0,73.0,3,2,2,8828982,2025-05-10,2025-10-24,auto,800000,11.0362275
5883701257234029,1,1,2,M,RS003,I25.1,99.24,3,3,2,7702037,2025-08-25,2025-10-24,auto,5000000,1.5404074
1743353525294579,1,1,4,F,RS007,I10,99.04,2,2,3,6610210,2025-08-28,2025-10-24,manual,2000000,3.305105
6710404581844859,1,0,22,M,RS005,J45.9,93.96,1,3,0,7436670,2025-10-06,2025-10-24,auto,2300000,3.233334782608696
9652556984279852,0,0,70,F,RS009,H25.9,13.4,3,1,1,5139133,2024-04-08,2025-10-24,auto,7500000,0.6852177333333334
5999538563978468,1,1,33,M,RS006,Z03.8,93.91,2,3,0,9777653,2025-05-29,2025-10-24,auto,1200000,8.148044166666667
2326733573230621,0,0,84,F,RS001,N39.0,57.98,2,3,2,4734540,2024-08-21,2025-10-24,auto,2200000,2.1520636363636365
0241800280516070,1,1,10,M,RS004,R10.4,87.09,1,3,0,6699387,2024-06-05,2025-10-24,manual,1200000,5.5828225
0979208853072185,0,1,40,F,RS007,E11,99.10,1,4,4,9737530,2024-10-31,2025-10-24,manual,2500000,3.895012
1935434997109001,1,0,63,M,RS003,J00,93.9,1,3,1,943892,2025-10-09,2025-10-24,manual,500000,1.887784
8884092104052993,1,1,59,M,RS006,A09,45.23,1,2,0,6366121,2025-01-08,2025-10-24,auto,1300000,4.897016153846153
8544845231958323,1,0,13,F,RS008,I25.1,36.15,2,3,0,7881475,2025-05-16,2025-10-24,auto,5000000,1.576295
1379833181406873,0,1,87,F,RS003,N39.0,57.94,3,2,2,2000207,2024-07-01,2025-10-24,auto,2200000,0.909185
3526277230336093,0,1,8,M,RS005,J18.9,96.04,2,1,2,7535402,2024-12-04,2025-10-24,auto,4200000,1.7941433333333334
3164222684055563,1,1,21,F,RS005,E66.9,99.28,2,4,3,3473183,2025-10-20,2025-10-24,manual,1000000,3.473183
2712170835586406,1,0,54,F,RS006,I25.1,99.24,3,1,1,7207677,2024-03-07,2025-10-24,manual,5000000,1.4415354
7901575477211868,0,1,27,M,RS008,R50.9,99.19,2,2,0,7984574,2025-10-02,2025-10-24,auto,1000000,7.984574
2891880979189409,1,0,53,M,RS005,J00,93.9,2,2,1,1370784,2024-09-17,2025-10-24,manual,500000,2.741568
8231782736277653,1,1,5,M,RS007,N39.0,57.98,3,2,0,6693117,2024-12-28,2025-10-24,auto,2200000,3.042325909090909
7068130882293285,0,1,83,F,RS007,K29.7,45.16,1,4,0,5487077,2024-03-27,2025-10-24,auto,1700000,3.2276923529411765
7654642196308417,1,1,60,F,RS002,E11,99.10,3,3,1,1169637,2024-01-25,2025-10-24,auto,2500000,0.4678548
1427272718903279,1,0,40,F,RS005,A09,45.23,3,3,0,677833,2024-12-03,2025-10-24,auto,1300000,0.52141
3736191394795173,1,1,67,M,RS002,E66.9,99.28,2,4,1,3559350,2024-06-17,2025-10-24,auto,1000000,3.55935
0317462806141428,1,1,9,M,RS009,N39.0,57.94,2,2,0,2381987,2025-10-14,2025-10-24,manual,2200000,1.0827213636363637
4070608894409772,1,1,44,M,RS004,K21.0,45.16,2,1,0,9882563,2025-08-09,2025-10-24,auto,1400000,7.058973571428571
3030519942786973,1,1,44,F,RS004,Z34.0,73.0,1,4,2,737259,2025-10-16,2025-10-24,manual,800000,0.92157375
6071469708144548,1,0,32,F,RS004,K21.0,45.16,1,4,0,8241735,2024-10-28,2025-10-24,manual,1400000,5.886953571428571
7639827857392524,1,1,88,F,RS010,A09,45.23,3,1,0,1668878,2025-07-17,2025-10-24,manual,1300000,1.2837523076923076
8274173017715274,1,1,71,M,RS007,Z00.0,93.99,3,1,1,5849823,2025-05-12,2025-10-24,auto,700000,8.35689
5124039520614457,1,1,39,F,RS005,O80,72.0,1,4,3,8234903,2025-10-20,2025-10-24,manual,3500000,2.3528294285714284
1871972868499822,1,1,34,M,RS010,E66.9,99.28,1,2,5,9028985,2025-08-13,2025-10-24,auto,1000000,9.028985
3857188412076817,1,0,87,M,RS001,J45.9,93.96,3,3,0,2558832,2024-09-04,2025-10-24,auto,2300000,1.1125356521739131
0771642427613130,1,1,40,F,RS008,J18.9,93.94,3,2,0,2375244,2025-07-12,2025-10-24,auto,4200000,0.5655342857142858
7177516139966301,1,1,79,F,RS005,R50.9,99.19,2,4,0,9376100,2025-08-15,2025-10-24,manual,1000000,9.3761
0615307926722045,0,0,70,F,RS006,R50.9,99.19,3,3,0,5776280,2024-07-15,2025-10-25,auto,1000000,5.77628
8363309349833107,1,1,66,F,RS005,K21.0,45.16,3,4,4,8648436,2024-08-28,2025-10-25,manual,1400000,6.177454285714286
0820915394333076,1,1,13,M,RS008,I10,99.04,3,4,1,4751429,2025-08-15,2025-11-02,manual,2000000,2.3757145
2835852385434651,1,1,65,F,RS007,N39.0,57.94,1,2,1,3982813,2025-04-22,2025-10-25,manual,2200000,1.8103695454545454
3517651843171787,1,1,70,F,RS001,I25.1,36.15,3,4,2,3691194,2025-08-01,2025-10-25,auto,5000000,0.7382388
2505414362685154,0,1,18,F,RS003,M54.5,93.39,2,1,0,6124620,2024-10-01,2025-10-25,auto,1800000,3.4025666666666665
0073075960064860,1,0,46,F,RS005,R10.4,87.09,3,4,0,2556824,2025-07-28,2025-10-25,auto,1200000,2.1306866666666666
8323890495103520,0,1,13,M,RS010,Z00.0,93.99,1,3,0,1263640,2025-06-09,2025-10-25,manual,700000,1.8052
3682712925299963,1,0,26,F,RS002,R10.4,45.23,1,3,1,2841940,2025-05-05,2025-10-25,auto,1200000,2.3682833333333333
2066691137652819,1,1,16,M,RS003,K21.0,45.16,3,3,0,9544508,2024-06-18,2025-10-25,auto,1400000,6.817505714285715
8191255536134854,1,1,61,F,RS001,J18.9,96.04,1,3,0,1606550,2025-08-29,2025-10-25,auto,4200000,0.3825119047619048
3671186188564336,1,1,31,M,RS010,R50.9,99.19,2,3,0,7316049,2024-08-26,2025-10-25,manual,1000000,7.316049
4189652918698162,1,1,37,M,RS010,R10.4,87.09,1,4,1,2653812,2025-10-18,2025-10-25,manual,1200000,2.21151
4740569431901294,1,1,17,F,RS003,A09,45.23,3,2,2,5148005,2025-03-07,2025-10-25,manual,1300000,3.960003846153846
4689131088468362,0,1,63,M,RS006,K21.0,45.16,2,4,0,5918308,2025-08-08,2025-10-25,manual,1400000,4.227362857142857
2034645000005257,1,1,50,F,RS007,J00,93.9,3,1,2,6987478,2024-01-23,2025-10-25,auto,500000,13.974956
6823981214154266,1,0,41,M,RS008,M54.5,93.39,2,4,0,6066274,2025-03-24,2025-10-25,manual,1800000,3.3701522222222224
6840867016380066,1,0,63,F,RS002,R10.4,45.23,3,4,1,672601,2025-10-02,2025-10-25,auto,1200000,0.5605008333333333
7859935000867847,1,0,67,F,RS001,K29.7,45.16,3,3,0,3227182,2025-10-06,2025-10-25,manual,1700000,1.8983423529411765
8672465786135253,1,1,57,F,RS001,H25.9,13.5,2,3,0,3582665,2025-09-30,2025-10-25,auto,7500000,0.47768866666666665
8983578276346563,1,1,59,F,RS007,Z03.8,93.91,3,2,0,6584188,2025-10-15,2025-10-25,manual,1200000,5.486823333333334
9603082917161492,1,1,33,F,RS003,J45.9,93.96,1,2,2,8468507,2025-06-12,2025-10-25,auto,2300000,3.681959565217391
1033940533737177,1,1,47,M,RS010,E11,99.10,1,1,5,2396536,2025-08-22,2025-10-25,manual,2500000,0.9586144
4432992918096198,0,1,52,F,RS006,J00,93.9,3,1,2,6545421,2025-04-18,2025-10-25,manual,500000,13.090842
9282809206358195,1,1,11,F,RS002,K21.0,45.16,3,2,2,9483860,2024-09-30,2025-10-25,auto,1400000,6.774185714285714
2646930161489450,0,1,67,M,RS009,E66.9,99.28,2,3,1,2426060,2025-06-18,2025-10-25,auto,1000000,2.42606
4002087590544944,0,1,46,F,RS010,N39.0,57.98,3,3,2,6571220,2024-04-15,2025-10-25,auto,2200000,2.986918181818182
4124204508930280,1,1,65,M,RS001,Z03.8,93.91,3,4,0,7881304,2025-10-20,2025-10-25,auto,1200000,6.567753333333333
1920995916802177,1,1,21,M,RS007,Z00.0,93.99,1,3,0,4154588,2025-08-20,2025-10-25,manual,700000,5.935125714285714
1679499139191819,1,1,47,M,RS003,A09,45.23,3,3,0,5938443,2024-06-01,2025-10-25,manual,1300000,4.568033076923077
2316414926065218,1,0,14,M,RS009,J18.9,93.94,2,2,0,9485445,2025-07-17,2025-10-25,auto,4200000,2.2584392857142856
6971066983248847,0,1,69,M,RS003,J45.9,93.96,3,3,2,427114,2025-09-16,2025-10-25,manual,2300000,0.18570173913043478
8219600145167686,1,1,28,M,RS009,I10,99.04,2,1,2,2700598,2025-01-29,2025-10-25,manual,2000000,1.350299
7564809414736917,1,0,71,F,RS006,J00,93.9,1,1,1,564409,2024-11-01,2025-10-25,auto,500000,1.128818
6663937571532816,0,1,71,F,RS006,R10.4,45.23,2,1,0,2127893,2024-09-23,2025-10-25,manual,1200000,1.7732441666666667
0584884072976700,1,1,77,M,RS005,N39.0,57.94,3,1,0,9174664,2025-08-11,2025-10-25,manual,2200000,4.1703018181818186
3303275983419441,1,1,58,M,RS002,K21.0,45.16,2,4,0,6219524,2025-05-21,2025-10-25,auto,1400000,4.442517142857143
0820915394333076,1,1,13,M,RS008,I10,99.04,1,3,3,9832256,2025-08-01,2025-10-25,manual,2000000,4.916128
9866137637510239,1,1,86,F,RS002,Z00.0,93.99,1,4,0,715333,2024-11-15,2025-10-25,auto,700000,1.0219042857142857
3439461404879970,1,0,44,F,RS002,H25.9,13.1,3,1,0,8669113,2025-06-30,2025-10-25,manual,7500000,1.1558817333333333
7737742232257082,0,1,7,M,RS004,M54.5,93.39,2,1,1,2746300,2025-10-22,2025-10-25,manual,1800000,1.5257222222222222
9201669101906595,1,1,58,M,RS005,Z00.0,93.99,2,3,0,7242989,2024-03-16,2025-10-25,auto,700000,10.347127142857143
1418030439872523,1,0,10,M,RS008,R10.4,87.09,3,4,0,5614017,2025-09-23,2025-10-25,manual,1200000,4.6783475
7550754233094298,1,0,74,M,RS004,K21.0,45.16,2,1,0,5881521,2025-10-01,2025-10-27,manual,1400000,4.201086428571428
8568418520245529,1,1,41,F,RS005,A09,45.23,3,3,0,3713187,2024-01-30,2025-10-27,auto,1300000,2.856297692307692
6924030248521654,1,1,28,F,RS007,A09,45.23,1,4,0,2063988,2025-09-22,2025-10-27,auto,1300000,1.587683076923077
5319134666351263,1,1,22,F,RS003,R50.9,99.19,1,3,0,7724543,2025-09-19,2025-10-27,auto,1000000,7.724543
2691716812957370,0,1,87,F,RS004,K21.0,45.16,2,4,2,818632,2024-11-09,2025-10-27,manual,1400000,0.5847371428571428
1402693151921931,1,1,47,F,RS006,J45.9,93.96,2,2,0,414354,2025-09-06,2025-10-27,manual,2300000,0.18015391304347825
1097973856153604,1,1,42,M,RS001,O80,72.0,2,4,1,7144952,2024-06-28,2025-10-27,manual,3500000,2.041414857142857
7120676890374026,1,1,67,F,RS003,J18.9,93.94,3,2,0,3094818,2025-10-18,2025-10-27,auto,4200000,0.7368614285714286
5527833282924630,1,1,90,M,RS010,R50.9,99.19,1,2,0,9656396,2024-02-09,2025-10-27,manual,1000000,9.656396
8279168672847257,0,1,5,M,RS009,R10.4,87.09,1,4,0,969572,2025-04-18,2025-10-27,manual,1200000,0.8079766666666667
9567304089524802,1,0,3,M,RS009,H25.9,13.4,1,1,0,9040693,2025-08-18,2025-10-27,manual,7500000,1.2054257333333334
3391887873659570,0,1,64,F,RS006,Z03.8,93.91,1,2,0,7504757,2025-09-22,2025-10-27,manual,1200000,6.253964166666667
7260672358332250,1,0,60,F,RS008,A09,45.23,3,3,0,1747251,2024-04-27,2025-10-27,manual,1300000,1.3440392307692308
1520714846199201,0,1,77,F,RS007,J00,93.9,2,3,0,6187070,2024-08-31,2025-10-27,manual,500000,12.37414
1284714726951048,1,1,22,M,RS002,A09,45.23,3,1,3,9697830,2024-10-10,2025-10-27,auto,1300000,7.459869230769231
6821489080645111,1,1,14,F,RS001,M54.5,93.39,2,2,0,7108783,2025-08-13,2025-10-27,auto,1800000,3.949323888888889
3769717711983368,1,1,39,F,RS002,Z03.8,93.91,3,2,0,4470103,2025-03-05,2025-10-27,manual,1200000,3.7250858333333334
4904655235078615,0,0,22,M,RS002,R10.4,45.23,3,4,0,5776342,2025-06-21,2025-10-27,auto,1200000,4.813618333333333
7233946956374854,1,1,50,F,RS009,I25.1,99.24,3,1,3,6636648,2025-08-23,2025-10-27,auto,5000000,1.3273296
8018956407690134,1,0,4,F,RS010,R10.4,45.23,3,4,0,4101266,2025-10-10,2025-10-27,manual,1200000,3.4177216666666665
1710127384618966,1,0,38,M,RS007,A09,45.23,2,1,0,3429309,2025-01-15,2025-10-27,auto,1300000,2.63793
2678864573794008,1,1,51,M,RS009,R50.9,99.19,2,4,0,4069164,2025-09-23,2025-10-27,manual,1000000,4.069164
4252525526263830,0,1,53,F,RS005,K21.0,45.16,3,3,1,6737509,2025-06-05,2025-10-27,auto,1400000,4.812506428571429
4341233127895153,1,1,33,F,RS005,M54.5,93.39,1,3,0,7803877,2025-09-08,2025-10-27,manual,1800000,4.3354872222222225
8544845231958323,1,0,13,F,RS008,I25.1,99.24,1,1,3,5145819,2025-10-21,2025-10-27,auto,5000000,1.0291638
1526245958421183,0,1,52,M,RS005,E11,99.10,3,2,2,5257476,2025-10-11,2025-10-27,manual,2500000,2.1029904
0027562408572071,1,0,47,F,RS005,I25.1,36.15,3,4,4,920911,2025-07-12,2025-10-27,manual,5000000,0.1841822
1086363277947963,1,1,72,F,RS002,E11,99.10,3,3,0,9979277,2025-06-10,2025-10-27,auto,2500000,3.9917108
9750101288148773,1,1,18,M,RS008,I25.1,36.15,2,1,3,3207690,2025-06-21,2025-10-27,manual,5000000,0.641538
4811871642648489,1,0,83,M,RS005,K21.0,45.16,3,2,2,5684040,2025-10-24,2025-10-27,auto,1400000,4.060028571428571
3861297914008947,0,1,76,F,RS004,J18.9,96.04,1,2,0,2133939,2024-01-18,2025-10-27,auto,4200000,0.5080807142857143
7056707931595140,1,1,70,M,RS006,K29.7,45.16,3,2,1,3188853,2024-11-08,2025-10-27,auto,1700000,1.8757958823529413
7011948972527272,1,1,72,M,RS003,J18.9,96.04,3,3,0,3702182,2025-02-08,2025-10-27,auto,4200000,0.8814719047619047
2443512873555792,1,1,51,M,RS008,Z03.8,93.91,1,3,0,3646162,2025-09-30,2025-10-27,manual,1200000,3.0384683333333333
1179721150512224,1,1,60,F,RS003,I10,99.04,3,1,3,9658975,2024-01-02,2025-10-27,auto,2000000,4.8294875
9565309342585900,1,1,71,M,RS005,R50.9,99.19,2,1,1,4233547,2025-07-08,2025-10-27,manual,1000000,4.233547
6713021505662344,1,1,9,M,RS005,R50.9,99.19,2,4,1,979368,2024-06-10,2025-10-27,auto,1000000,0.979368
2056428785555514,0,1,31,F,RS007,E11,99.10,1,1,2,9674662,2024-07-19,2025-10-27,auto,2500000,3.8698648
6698353635057411,1,0,21,M,RS004,Z03.8,93.91,1,4,0,1008455,2025-09-26,2025-10-27,auto,1200000,0.8403791666666667
2550310383756406,1,1,57,M,RS010,J00,93.9,3,4,0,532626,2025-10-22,2025-10-27,manual,500000,1.065252
5177774970406353,0,0,89,F,RS007,K21.0,45.16,1,1,1,3685438,2025-03-15,2025-10-27,auto,1400000,2.6324557142857143
1804964538301977,0,1,51,F,RS008,R10.4,87.09,3,3,0,1783644,2025-09-15,2025-10-27,auto,1200000,1.48637
8805101953312681,0,0,57,M,RS001,A09,45.23,1,1,3,9501129,2025-09-01,2025-10-27,auto,1300000,7.308560769230769
0773703208753687,1,1,77,F,RS002,I25.1,99.24,3,4,0,8301914,2025-04-14,2025-10-27,manual,5000000,1.6603828
1828085982130590,1,0,35,F,RS005,K29.7,45.16,1,2,3,7297839,2025-01-03,2025-10-27,auto,1700000,4.292846470588235
6649933664300533,1,0,41,F,RS009,E11,99.10,3,1,4,4432571,2025-10-21,2025-10-27,manual,2500000,1.7730284
6649933664300533,1,0,41,F,RS009,E11,99.10,2,1,5,9120302,2024-11-18,2025-10-27,auto,2500000,3.6481208
9530165106478672,1,1,62,F,RS001,I25.1,99.24,1,3,4,4578583,2025-02-04,2025-10-27,auto,5000000,0.9157166
6269287672880053,1,1,33,F,RS010,H25.9,13.1,2,4,0,923309,2025-09-01,2025-10-28,manual,7500000,0.12310786666666666
5756689233132963,1,1,62,M,RS006,R10.4,87.09,2,4,1,5388066,2025-09-27,2025-10-28,manual,1200000,4.490055
8669915468258561,0,1,8,F,RS010,J00,93.9,1,2,1,1228744,2024-08-06,2025-10-28,manual,500000,2.457488
0756552075169562,0,1,28,M,RS006,E66.9,99.28,2,2,6,6011145,2025-01-31,2025-10-28,auto,1000000,6.011145
9601782874278555,1,1,87,M,RS009,J18.9,96.04,1,4,3,7609605,2025-09-17,2025-10-28,manual,4200000,1.8118107142857143
0301139450379884,1,1,23,M,RS003,I25.1,36.15,2,2,3,5847139,2025-09-05,2025-10-28,manual,5000000,1.1694278
8661714777806222,1,1,69,F,RS005,O80,72.0,3,4,2,5651283,2025-07-18,2025-10-28,auto,3500000,1.6146522857142858
0143015903197236,1,0,86,M,RS003,N39.0,57.94,2,2,2,6225135,2025-05-29,2025-10-28,auto,2200000,2.8296068181818184
8493060587390848,0,0,36,F,RS008,O80,72.0,3,3,3,7560631,2025-10-22,2025-10-28,auto,3500000,2.1601802857142856
5835183717155751,1,0,89,M,RS008,A09,45.23,1,2,3,5477081,2025-10-02,2025-10-28,auto,1300000,4.21313923076923
7093224511249540,0,1,22,M,RS007,I10,99.04,3,2,3,713049,2024-06-03,2025-10-28,manual,2000000,0.3565245
4801265940309950,1,0,26,F,RS008,Z34.0,73.0,3,4,3,2293339,2024-05-14,2025-10-28,auto,800000,2.86667375
4727826253056129,0,0,38,M,RS010,R50.9,99.19,1,4,0,1364660,2025-09-30,2025-10-28,auto,1000000,1.36466
8568418520245529,1,1,41,F,RS005,A09,45.23,3,3,1,8690592,2025-10-07,2025-10-28,manual,1300000,6.685070769230769
3303275983419441,1,1,58,M,RS002,K21.0,45.16,3,2,2,4045169,2025-10-23,2025-10-28,manual,1400000,2.8894064285714287
1804694688765683,1,1,48,M,RS005,R10.4,87.09,1,3,0,931228,2025-10-10,2025-10-28,manual,1200000,0.7760233333333333
2565240766557267,0,1,16,F,RS010,I10,99.04,2,4,0,6755361,2025-05-27,2025-10-28,manual,2000000,3.3776805
5426793851201163,1,0,4,M,RS006,J00,93.9,1,3,0,8890889,2025-06-17,2025-10-28,manual,500000,17.781778
7889581571818786,1,1,36,F,RS004,E66.9,99.28,3,2,1,9910757,2025-06-02,2025-10-28,auto,1000000,9.910757
4483375280113427,1,0,87,M,RS008,Z34.0,73.0,3,1,3,9851849,2025-05-12,2025-10-28,manual,800000,12.31481125
8718965530463553,1,0,24,M,RS010,A09,45.23,1,4,3,4876495,2025-02-25,2025-10-28,auto,1300000,3.75115
5770859309801493,1,0,37,F,RS005,Z34.0,73.0,1,3,1,8643408,2025-10-10,2025-10-28,auto,800000,10.80426
4070916106914059,1,1,8,F,RS001,R10.4,45.23,1,1,0,5829202,2025-09-02,2025-10-28,auto,1200000,4.857668333333334
9277062180038058,1,1,39,F,RS003,J00,93.9,3,4,1,636105,2025-02-22,2025-10-28,manual,500000,1.27221
0576463818313773,1,1,37,F,RS007,K21.0,45.16,3,1,1,1467447,2024-11-07,2025-10-28,auto,1400000,1.0481764285714286
0670006354699483,1,0,80,F,RS010,E66.9,99.28,1,1,2,1746101,2025-06-12,2025-10-28,manual,1000000,1.746101
3360391963575311,0,1,28,F,RS001,J00,93.9,3,4,0,2688692,2025-10-25,2025-10-28,manual,500000,5.377384
2180245092072134,1,1,75,F,RS010,J00,93.9,3,4,0,4399717,2025-10-01,2025-10-28,auto,500000,8.799434
8221205651521330,0,1,59,F,RS001,M54.5,93.39,1,2,0,9217629,2025-10-07,2025-10-28,auto,1800000,5.120905
6492230574670109,1,1,36,M,RS009,J18.9,93.94,1,2,0,3221342,2024-01-15,2025-10-28,auto,4200000,0.7669861904761904
9478101241373823,1,1,34,M,RS003,Z03.8,93.91,3,4,0,7354761,2025-10-15,2025-10-28,auto,1200000,6.1289675
6294636969505306,1,1,47,F,RS007,A09,45.23,3,3,1,5295487,2024-07-29,2025-10-28,auto,1300000,4.073451538461539
8098545643558590,1,0,10,F,RS010,N39.0,57.98,3,2,1,4614686,2025-04-16,2025-10-28,manual,2200000,2.0975845454545454
2141287560026288,1,1,59,F,RS004,R10.4,45.23,3,4,0,813205,2024-07-12,2025-10-28,manual,1200000,0.6776708333333333
5826704353014090,1,1,84,M,RS004,N39.0,57.94,3,2,1,2291398,2025-05-27,2025-10-28,auto,2200000,1.0415445454545456
5018385476171653,1,1,27,F,RS009,N39.0,57.98,3,1,0,8947570,2025-09-04,2025-10-28,manual,2200000,4.067077272727273
8942003607029330,1,1,10,F,RS005,J18.9,96.04,3,4,1,7581405,2025-09-13,2025-10-28,manual,4200000,1.8050964285714286
6214085197162573,1,1,30,F,RS005,I10,99.04,1,4,4,9402625,2025-01-17,2025-10-28,auto,2000000,4.7013125
5326988310410819,0,1,89,M,RS007,K29.7,45.16,3,3,0,1489113,2024-08-16,2025-10-28,auto,1700000,0.8759488235294117
5770859309801493,1,0,37,F,RS005,Z34.0,73.0,3,4,3,5048340,2025-03-04,2025-10-28,auto,800000,6.310425
7356070297812652,1,1,71,M,RS008,J18.9,93.94,1,4,1,3979481,2024-05-29,2025-10-28,auto,4200000,0.9474954761904761
6971066983248847,0,1,69,M,RS003,E11,99.10,3,3,2,6886576,2025-04-05,2025-10-28,manual,2500000,2.7546304
2053679188407932,1,0,63,F,RS008,I10,99.04,3,2,3,4275694,2025-04-23,2025-10-28,auto,2000000,2.137847
1413384681675581,1,1,90,F,RS001,J18.9,93.94,2,2,0,898598,2025-10-11,2025-10-28,manual,4200000,0.21395190476190476
7395836130859090,1,1,29,M,RS002,E11,99.10,1,1,2,2792670,2025-10-22,2025-10-28,manual,2500000,1.117068
8661714777806222,1,1,69,F,RS005,Z34.0,73.0,2,3,2,2489632,2025-10-06,2025-10-28,auto,800000,3.11204
4657195907441934,0,1,90,F,RS008,N39.0,57.94,2,2,3,9598176,2025-08-05,2025-10-28,auto,2200000,4.362807272727273
8510752161319011,1,1,84,F,RS002,O80,72.0,3,2,1,2741454,2025-06-09,2025-10-29,auto,3500000,0.7832725714285714
9873752149437503,1,0,42,F,RS002,Z00.0,93.99,3,4,0,3776001,2025-08-02,2025-10-29,auto,700000,5.394287142857143
2549436835722058,1,1,28,F,RS003,N39.0,57.94,3,1,2,1454260,2025-01-23,2025-10-29,auto,2200000,0.6610272727272727
7412739805401343,1,0,36,F,RS005,Z34.0,73.0,2,2,2,850925,2024-11-20,2025-10-29,manual,800000,1.06365625
8621957618239294,1,0,3,F,RS006,Z00.0,93.99,3,4,0,6269272,2024-10-15,2025-10-29,auto,700000,8.956102857142858
0371108937052778,1,1,5,F,RS001,J18.9,96.04,1,2,0,6317128,2025-05-03,2025-10-29,manual,4200000,1.5040780952380952
6859008503910194,0,1,51,F,RS004,R10.4,87.09,2,2,0,5390587,2025-09-19,2025-10-29,auto,1200000,4.492155833333333
3746896461040920,1,1,69,F,RS005,J45.9,93.96,2,2,0,5134671,2025-08-11,2025-10-29,manual,2300000,2.232465652173913
8459165639829967,1,0,28,M,RS004,N39.0,57.94,1,4,3,7222499,2024-02-22,2025-10-29,manual,2200000,3.282954090909091
9642444787991293,1,1,50,M,RS001,R10.4,87.09,2,2,0,3274433,2025-07-09,2025-10-29,manual,1200000,2.7286941666666666
8747432799530596,1,1,5,F,RS002,Z03.8,93.91,3,1,0,1691061,2025-10-08,2025-10-29,manual,1200000,1.4092175
8237345221738966,1,1,29,M,RS001,I25.1,36.15,1,1,2,4179987,2025-09-04,2025-10-29,auto,5000000,0.8359974
4479698720698979,1,1,13,F,RS004,J45.9,93.96,1,3,0,3804199,2025-10-23,2025-10-29,auto,2300000,1.6539995652173913
3459634427203602,0,1,30,M,RS008,J45.9,93.96,1,3,0,8737082,2025-09-16,2025-10-29,auto,2300000,3.798731304347826
1100486984081003,1,0,43,M,RS010,M54.5,93.39,1,1,0,9170299,2024-09-11,2025-10-29,manual,1800000,5.094610555555556
6291052782279494,0,1,1,F,RS005,A09,45.23,1,4,3,3208127,2025-04-07,2025-10-29,manual,1300000,2.46779
7897075692906406,1,1,62,F,RS006,Z03.8,93.91,2,2,0,2337563,2024-12-09,2025-10-29,manual,1200000,1.9479691666666668
7017125485426760,0,1,55,F,RS005,Z03.8,93.91,1,2,0,6397957,2025-07-15,2025-10-29,auto,1200000,5.3316308333333335
6565386733207819,1,1,11,F,RS003,I25.1,36.15,3,3,1,759561,2025-10-23,2025-10-29,auto,5000000,0.1519122
7654642196308417,1,1,60,F,RS002,E11,99.10,2,3,4,2712257,2025-06-21,2025-10-29,manual,2500000,1.0849028
0512904047174893,0,1,7,M,RS002,Z00.0,93.99,2,2,0,8237162,2024-11-07,2025-10-29,manual,700000,11.767374285714286
5936992247522874,1,1,44,M,RS002,H25.9,13.5,2,4,0,1271251,2024-04-16,2025-10-29,manual,7500000,0.16950013333333333
0301139450379884,1,1,23,M,RS003,I10,99.04,2,3,3,1205791,2024-09-24,2025-10-29,auto,2000000,0.6028955
0271055334971125,0,1,68,M,RS010,A09,45.23,2,3,0,648941,2024-07-27,2025-10-29,manual,1300000,0.49918538461538464
3245684556103441,0,0,54,F,RS003,E11,99.10,3,3,1,7956360,2025-09-24,2025-10-29,manual,2500000,3.182544
8966805201641659,1,0,28,M,RS001,Z34.0,73.0,3,3,1,1560145,2025-10-22,2025-10-29,auto,800000,1.95018125
3844110475690086,1,1,75,F,RS008,I25.1,36.15,2,2,2,5951223,2024-07-30,2025-10-29,auto,5000000,1.1902446
8874434686937598,1,1,61,F,RS004,E11,99.10,2,3,0,3543845,2025-09-08,2025-10-29,manual,2500000,1.417538
5834511151055523,1,1,22,M,RS008,K29.7,45.16,3,4,2,6101961,2025-09-02,2025-10-29,manual,1700000,3.589388823529412
1481381214925734,1,1,15,M,RS005,R10.4,45.23,2,4,0,3401163,2025-02-12,2025-10-29,auto,1200000,2.8343025
8696680844324872,1,1,41,M,RS007,K29.7,45.16,2,4,0,1405039,2025-09-26,2025-10-29,manual,1700000,0.8264935294117647
8018675692363227,0,1,37,M,RS001,N39.0,57.98,3,3,0,6527987,2025-10-07,2025-10-30,auto,2200000,2.9672668181818183
7960552506623511,1,1,77,F,RS009,Z00.0,93.99,1,2,1,1244911,2024-08-14,2025-10-30,manual,700000,1.7784442857142857
0567665094814298,1,1,54,M,RS010,R10.4,87.09,2,3,0,5848736,2025-04-11,2025-10-30,manual,1200000,4.873946666666667
7777231551141194,1,0,71,F,RS009,I25.1,36.15,3,1,3,2060896,2025-07-19,2025-10-30,auto,5000000,0.4121792
1090001843714456,1,1,80,M,RS005,R10.4,45.23,1,4,0,1656873,2025-10-24,2025-10-30,auto,1200000,1.3807275
7090606701733834,0,1,7,F,RS003,K21.0,45.16,1,2,0,6921756,2025-09-20,2025-10-30,manual,1400000,4.9441114285714285
4899470070491249,1,1,45,M,RS004,I25.1,36.15,3,1,5,8624081,2024-11-14,2025-10-30,manual,5000000,1.7248162
3746896461040920,1,1,69,F,RS005,J45.9,93.96,2,4,1,1359198,2025-09-19,2025-10-30,manual,2300000,0.590955652173913
7152340647601388,1,1,38,M,RS006,K21.0,45.16,1,1,1,2296576,2025-07-28,2025-10-30,auto,1400000,1.6404114285714286
3179651798346382,1,1,28,M,RS009,I25.1,36.15,2,1,3,2084160,2025-01-11,2025-10-30,manual,5000000,0.416832
6927281934258722,0,1,43,F,RS004,J45.9,93.96,3,1,0,6600706,2025-08-15,2025-10-30,auto,2300000,2.8698721739130435
7196613456778908,1,1,18,F,RS003,Z03.8,93.91,2,1,0,5082395,2024-12-07,2025-10-30,auto,1200000,4.235329166666666
1874658700921760,1,0,63,F,RS004,R50.9,99.19,3,2,1,5995052,2025-06-23,2025-10-30,manual,1000000,5.995052
4354955773113222,1,1,2,F,RS006,E66.9,99.28,3,3,0,9546519,2025-07-09,2025-10-30,manual,1000000,9.546519
5712990863481630,1,1,44,M,RS003,Z03.8,93.91,3,2,0,4410872,2025-04-11,2025-10-30,auto,1200000,3.675726666666667
0260762035188301,1,0,53,M,RS008,Z34.0,73.0,2,2,2,7939806,2025-08-21,2025-10-30,manual,800000,9.9247575
1017927327616206,0,1,45,M,RS002,M54.5,93.39,3,2,0,1454571,2025-04-25,2025-10-30,manual,1800000,0.808095
9326567574111060,1,1,1,M,RS002,R10.4,45.23,3,2,0,8844498,2024-06-26,2025-10-30,manual,1200000,7.370415
1564957148400074,0,0,72,M,RS009,I25.1,36.15,2,1,4,4965784,2025-08-08,2025-10-30,manual,5000000,0.9931568
5201789267133296,0,1,76,F,RS008,Z03.8,93.91,1,2,1,6265730,2025-06-09,2025-10-30,auto,1200000,5.221441666666666
7863586716373907,1,1,85,F,RS001,E11,99.10,1,2,3,4829931,2025-10-25,2025-10-30,manual,2500000,1.9319724
0587769801487438,1,1,35,M,RS001,R50.9,99.19,3,1,0,4315939,2025-09-19,2025-10-30,auto,1000000,4.315939
4657195907441934,0,1,90,F,RS007,A09,45.23,2,1,3,1045087,2025-07-23,2025-10-30,auto,1300000,0.8039130769230769
3368168281228136,1,1,14,M,RS009,A09,45.23,3,3,0,8665836,2025-09-22,2025-10-30,manual,1300000,6.666027692307693
2006740652609049,1,1,89,F,RS004,K21.0,45.16,1,3,2,6294952,2025-07-18,2025-10-30,auto,1400000,4.496394285714286
9010037710673769,1,1,48,F,RS002,J00,93.9,2,3,0,985363,2025-09-26,2025-10-30,auto,500000,1.970726
7652027525984731,1,1,45,M,RS006,I10,99.04,1,2,1,1362541,2025-03-25,2025-10-30,auto,2000000,0.6812705
0974452209400816,1,1,58,M,RS004,I25.1,36.15,2,2,2,4733741,2025-07-03,2025-10-30,auto,5000000,0.9467482
3936501464377786,1,1,23,M,RS007,K21.0,45.16,3,1,0,1261261,2025-09-16,2025-10-30,auto,1400000,0.9009007142857143
9116931109207361,1,1,88,M,RS002,I25.1,99.24,1,1,3,5106981,2024-01-16,2025-10-30,manual,5000000,1.0213962
0869802130814989,0,1,10,M,RS001,J45.9,93.96,1,1,1,8929120,2025-10-27,2025-10-30,manual,2300000,3.8822260869565217
6576035683862265,1,1,43,F,RS006,Z03.8,93.91,3,2,0,5674022,2025-05-24,2025-10-30,auto,1200000,4.728351666666667
0080044372914030,1,1,60,M,RS002,Z03.8,93.91,2,4,0,832229,2025-05-31,2025-10-30,auto,1200000,0.6935241666666667
4938553777748088,1,1,11,M,RS010,I10,99.04,3,1,4,819787,2025-08-23,2025-10-30,manual,2000000,0.4098935
7456509477882515,1,1,48,F,RS009,N39.0,57.98,3,3,0,1437540,2024-06-28,2025-10-30,manual,2200000,0.6534272727272727
3679347313055052,0,1,24,F,RS005,R50.9,99.19,1,2,2,3136292,2024-01-18,2025-10-30,manual,1000000,3.136292
6492230574670109,1,1,36,M,RS009,J45.9,93.96,2,3,0,1014970,2025-09-18,2025-10-30,manual,2300000,0.4412913043478261
0127586005610037,0,0,16,M,RS003,Z34.0,73.0,1,4,3,966311,2024-09-12,2025-10-30,auto,800000,1.20788875
9936675200751207,0,1,84,M,RS003,K29.7,45.16,2,3,1,5248296,2025-08-30,2025-10-30,auto,1700000,3.0872329411764707
5031987492891343,1,1,44,F,RS006,K29.7,45.16,1,4,1,6848013,2025-10-31,2025-11-02,auto,1700000,4.028242941176471
8692248918710825,1,1,46,F,RS005,N39.0,57.98,1,3,0,5490132,2024-08-07,2025-10-31,manual,2200000,2.4955145454545455
5306817228226174,0,1,35,F,RS005,J18.9,96.04,1,1,0,2963586,2025-08-20,2025-10-31,manual,4200000,0.7056157142857142
9927502670697756,0,1,67,M,RS004,K21.0,45.16,1,3,0,3780675,2025-10-16,2025-10-31,manual,1400000,2.700482142857143
3149982322344495,1,1,70,F,RS009,M54.5,93.39,2,4,0,3620375,2025-02-05,2025-10-31,auto,1800000,2.0113194444444447
6151670937396524,1,1,77,M,RS004,I25.1,99.24,1,2,3,7160297,2025-10-09,2025-10-31,manual,5000000,1.4320594
5813951965610035,0,0,70,M,RS010,R50.9,99.19,3,2,0,9682570,2025-05-23,2025-10-31,auto,1000000,9.68257
9385626458536316,1,1,73,M,RS002,I25.1,36.15,1,2,3,4555591,2025-08-06,2025-10-31,auto,5000000,0.9111182
8497982321560447,1,0,56,F,RS004,R50.9,99.19,1,4,0,8444018,2025-10-28,2025-10-31,manual,1000000,8.444018
2328601704311415,1,1,40,F,RS006,M54.5,93.39,3,4,0,6905559,2025-05-02,2025-10-31,auto,1800000,3.836421666666667
8238051599047689,1,1,74,F,RS001,J18.9,96.04,2,1,2,1531639,2025-09-29,2025-10-31,manual,4200000,0.3646759523809524
2324871730607097,1,0,71,F,RS008,N39.0,57.94,1,1,4,3493250,2025-08-27,2025-10-31,auto,2200000,1.5878409090909091
4842158416680125,1,1,86,M,RS008,H25.9,13.5,3,4,0,696729,2025-08-25,2025-10-31,manual,7500000,0.0928972
9355094131738508,0,1,61,M,RS003,O80,72.0,2,2,2,7401074,2025-10-20,2025-10-31,auto,3500000,2.1145925714285716
8148903064875444,1,1,9,F,RS002,I25.1,99.24,2,2,3,5634773,2025-03-31,2025-10-31,manual,5000000,1.1269546
9934677224493339,1,0,73,F,RS007,J00,93.9,2,3,0,7624340,2025-07-14,2025-10-31,auto,500000,15.24868
9879803914199190,1,1,54,M,RS007,Z34.0,73.0,2,1,2,3296457,2025-08-08,2025-10-31,auto,800000,4.12057125
9530165106478672,1,1,62,F,RS001,I25.1,99.24,3,1,1,7506592,2025-10-28,2025-10-31,manual,5000000,1.5013184
3378840933975669,0,0,88,M,RS002,A09,45.23,1,2,0,546379,2025-04-14,2025-10-31,manual,1300000,0.42029153846153844
6282537592461841,0,0,34,M,RS010,J45.9,93.96,2,4,0,7485582,2025-10-16,2025-10-31,auto,2300000,3.2546008695652175
2796418229273656,0,1,19,M,RS010,I25.1,99.24,3,1,2,6424794,2025-01-08,2025-10-31,auto,5000000,1.2849588
9679841648167002,1,1,59,M,RS007,Z03.8,93.91,2,1,0,3414707,2025-09-01,2025-10-31,auto,1200000,2.8455891666666666
7283761099537279,1,1,33,M,RS001,E66.9,99.28,1,3,4,9973701,2024-09-20,2025-10-31,auto,1000000,9.973701
3042017637079859,1,1,42,F,RS001,K21.0,45.16,1,1,1,1377195,2024-10-21,2025-10-31,auto,1400000,0.9837107142857143
1017927327616206,0,1,45,M,RS002,M54.5,93.39,2,4,0,5943943,2024-09-02,2025-10-31,manual,1800000,3.3021905555555557
8481778852171589,1,0,73,F,RS002,J00,93.9,1,1,2,8434877,2025-04-04,2025-10-31,manual,500000,16.869754
4898545566891810,0,1,42,M,RS009,H25.9,13.5,2,4,0,6757055,2024-10-09,2025-10-31,manual,7500000,0.9009406666666666
1454855705559301,1,1,15,F,RS004,Z03.8,93.91,3,3,0,3815912,2025-10-11,2025-10-31,auto,1200000,3.179926666666667
8809201840936143,1,1,73,M,RS004,I25.1,36.15,3,4,2,8718635,2025-02-04,2025-10-31,auto,5000000,1.743727
1391506379480615,0,0,7,M,RS005,I25.1,99.24,2,2,3,5053179,2025-05-09,2025-10-31,manual,5000000,1.0106358
2699256493551579,0,1,61,M,RS007,J18.9,96.04,2,1,0,1142810,2025-05-31,2025-10-31,manual,4200000,0.27209761904761903
2630136003057836,0,1,26,M,RS003,J00,93.9,1,3,2,3696347,2025-09-18,2025-10-31,manual,500000,7.392694
1144026668555637,1,0,81,M,RS007,M54.5,93.39,1,3,0,8916061,2025-10-17,2025-10-31,auto,1800000,4.953367222222222
6651978914319758,1,1,55,F,RS006,J45.9,93.96,3,4,1,8688722,2025-03-29,2025-10-31,auto,2300000,3.777705217391304
4831592105256498,0,1,26,F,RS009,J18.9,93.94,2,2,0,7264667,2025-09-16,2025-10-31,manual,4200000,1.729682619047619
4178339311928578,0,1,32,M,RS006,H25.9,13.5,1,4,0,5692643,2025-08-05,2025-10-31,manual,7500000,0.7590190666666666
5712990863481630,1,1,44,M,RS003,Z03.8,93.91,1,2,0,9050913,2025-09-03,2025-10-31,manual,1200000,7.5424275
0155953542838491,1,0,57,F,RS009,Z03.8,93.91,3,3,0,826560,2025-01-30,2025-10-31,manual,1200000,0.6888
5769397812079250,0,1,44,M,RS008,A09,45.23,1,1,0,7169830,2025-08-14,2025-10-31,auto,1300000,5.515253846153846
5148252126513267,1,1,73,M,RS003,K21.0,45.16,2,4,1,9020827,2024-04-13,2025-10-31,manual,1400000,6.443447857142857
6930344289116666,1,1,26,F,RS002,K21.0,45.16,3,2,0,5856082,2025-10-08,2025-10-31,auto,1400000,4.1829157142857145
0972776666783297,1,1,59,M,RS010,O80,72.0,2,1,3,8112896,2025-08-14,2025-10-31,manual,3500000,2.317970285714286
9633153199749701,0,1,90,M,RS007,N39.0,57.98,1,4,3,2292814,2025-03-21,2025-10-31,manual,2200000,1.0421881818181817
9493247457207057,1,1,17,M,RS002,O80,72.0,2,1,2,7599090,2025-09-24,2025-10-31,auto,3500000,2.1711685714285713
3634853207244082,0,1,28,M,RS007,K21.0,45.16,1,1,2,1322700,2025-10-14,2025-10-31,auto,1400000,0.9447857142857143
2699256493551579,0,1,61,M,RS007,J18.9,96.04,3,4,0,4477097,2025-09-23,2025-10-31,auto,4200000,1.0659754761904763
0673374816293677,1,1,81,M,RS010,E11,99.10,3,1,2,1979664,2025-07-23,2025-10-31,manual,2500000,0.7918656
6316736861878312,1,1,42,F,RS010,N39.0,57.94,1,1,0,9646610,2025-07-23,2025-10-31,auto,2200000,4.384822727272727
7585247701200370,0,1,12,F,RS010,A09,45.23,3,4,2,5708604,2025-10-16,2025-10-31,auto,1300000,4.391233846153846
0081335989939966,1,1,90,M,RS004,Z03.8,93.91,2,3,0,2321022,2024-08-12,2025-10-31,auto,1200000,1.934185
8235412019447657,1,1,18,F,RS010,H25.9,13.5,1,4,0,2903725,2025-10-08,2025-10-31,manual,7500000,0.38716333333333336
2625317558403859,1,1,24,F,RS010,A09,45.23,2,4,0,4820307,2025-02-24,2025-10-31,manual,1300000,3.7079284615384616
1743353525294579,1,1,4,F,RS007,I10,99.04,1,2,1,2923811,2025-10-29,2025-11-01,auto,2000000,1.4619055
4570021552410028,1,1,49,F,RS007,J45.9,93.96,1,2,0,9205306,2025-10-22,2025-11-01,auto,2300000,4.002306956521739
9729815643709629,1,1,53,F,RS002,K21.0,45.16,2,3,1,8199811,2024-06-08,2025-11-01,manual,1400000,5.857007857142857
9098795917075574,1,1,9,F,RS006,E11,99.10,3,4,1,740987,2025-10-11,2025-11-01,manual,2500000,0.2963948
0747479228763775,1,1,55,F,RS008,J45.9,93.96,3,3,1,6215645,2024-12-21,2025-11-01,manual,2300000,2.702454347826087
4678056263022800,1,1,63,M,RS006,K21.0,45.16,2,4,4,1974049,2025-06-03,2025-11-01,auto,1400000,1.410035
8527376827290918,1,1,43,F,RS005,N39.0,57.94,1,1,0,9829247,2024-11-29,2025-11-01,auto,2200000,4.467839545454545
7737742232257082,0,1,7,M,RS004,M54.5,93.39,3,1,1,5444889,2024-09-21,2025-11-01,auto,1800000,3.0249383333333335
4675563490293494,1,1,90,F,RS007,E11,99.10,3,4,0,3913527,2025-10-21,2025-11-01,manual,2500000,1.5654108
7690027297350589,1,1,62,F,RS009,I10,99.04,1,3,5,2950490,2024-02-12,2025-11-01,manual,2000000,1.475245
9160390588799943,1,1,32,F,RS008,K21.0,45.16,2,4,2,3554555,2025-04-10,2025-11-01,manual,1400000,2.538967857142857
9357517341908657,1,0,46,M,RS004,K21.0,45.16,1,4,2,4411147,2025-10-27,2025-11-01,auto,1400000,3.150819285714286
9282878766736636,1,0,78,M,RS007,K29.7,45.16,2,1,1,3963693,2025-02-11,2025-11-01,auto,1700000,2.3315841176470586
0155953542838491,1,0,57,F,RS009,J18.9,96.04,3,2,0,7257524,2025-04-05,2025-11-01,manual,4200000,1.7279819047619047
3042648763683951,1,1,86,M,RS005,J00,93.9,2,2,0,4500388,2024-12-31,2025-11-01,manual,500000,9.000776
6439513688041679,1,1,42,M,RS008,A09,45.23,1,2,1,2844349,2024-03-14,2025-11-01,auto,1300000,2.187960769230769
2509494660329666,1,1,20,M,RS010,A09,45.23,1,2,2,4476207,2024-06-04,2025-11-01,manual,1300000,3.443236153846154
8373701733091185,1,1,10,F,RS002,J18.9,96.04,2,1,0,2390348,2025-10-17,2025-11-01,manual,4200000,0.5691304761904762
5677715415216966,1,1,23,M,RS002,A09,45.23,2,3,2,2226362,2025-10-09,2025-11-01,manual,1300000,1.7125861538461538
9953539385167889,1,1,7,M,RS002,E66.9,99.28,3,1,0,2818272,2025-10-23,2025-11-01,auto,1000000,2.818272
5544288486154092,1,1,43,F,RS010,J45.9,93.96,2,4,4,831106,2024-06-12,2025-11-01,manual,2300000,0.3613504347826087
3330804687169543,0,1,50,M,RS002,E11,99.10,1,2,1,8435261,2025-09-13,2025-11-01,manual,2500000,3.3741044
0858583419393429,1,0,31,M,RS006,K21.0,45.16,1,2,1,3356717,2024-04-23,2025-11-01,manual,1400000,2.397655
7052530558642372,1,0,9,F,RS005,O80,72.0,3,2,3,1159620,2024-09-02,2025-11-01,auto,3500000,0.33132
6468365133375780,1,0,83,M,RS002,Z03.8,93.91,3,1,0,3524124,2025-10-24,2025-11-01,auto,1200000,2.93677
9098795917075574,1,1,9,F,RS006,E66.9,99.28,1,1,1,7504720,2025-02-13,2025-11-01,auto,1000000,7.50472
0270780469986356,0,1,31,M,RS005,J45.9,93.96,1,1,1,9803113,2025-10-28,2025-11-01,manual,2300000,4.262223043478261
1086363277947963,1,1,72,F,RS002,E11,99.10,3,1,2,3789910,2025-09-29,2025-11-01,manual,2500000,1.515964
5436043092783054,1,1,20,F,RS009,I10,99.04,2,3,3,2162292,2025-10-15,2025-11-01,auto,2000000,1.081146
6447468153898644,0,1,27,M,RS002,K21.0,45.16,3,2,0,3463658,2025-08-07,2025-11-01,auto,1400000,2.4740414285714287
1445145803833441,1,1,56,M,RS010,N39.0,57.94,3,1,4,1036861,2025-08-21,2025-11-01,manual,2200000,0.47130045454545455
6471123294119714,0,1,79,M,RS001,K21.0,45.16,1,3,1,905419,2025-08-08,2025-11-01,manual,1400000,0.6467278571428572
2171050541740581,1,1,71,M,RS003,M54.5,93.39,2,1,0,2702658,2025-08-18,2025-11-01,manual,1800000,1.5014766666666666
9487517218764614,1,1,51,M,RS004,E66.9,99.28,1,1,2,1962305,2025-07-18,2025-11-01,auto,1000000,1.962305
6531929290619971,0,1,26,F,RS010,M54.5,93.39,1,4,0,4320421,2024-08-31,2025-11-01,manual,1800000,2.400233888888889
3108230107333565,1,0,73,F,RS001,I25.1,36.15,2,3,5,2727466,2024-12-20,2025-11-01,manual,5000000,0.5454932
3609320359676737,1,1,30,F,RS003,J45.9,93.96,3,1,1,9682881,2025-07-04,2025-11-01,manual,2300000,4.209948260869565
1277710361889920,1,0,53,M,RS007,Z03.8,93.91,2,3,0,754070,2025-10-22,2025-11-01,manual,1200000,0.6283916666666667
8705755801040283,1,0,41,M,RS007,R50.9,99.19,3,2,1,5250702,2025-07-15,2025-11-01,auto,1000000,5.250702
0481068706907292,1,1,90,F,RS004,J00,93.9,1,2,0,7069473,2024-07-31,2025-11-01,auto,500000,14.138946
6947617368420949,1,1,29,F,RS002,Z34.0,73.0,2,2,2,8412508,2025-09-25,2025-11-03,auto,800000,10.515635
0129286053114646,1,1,13,F,RS003,H25.9,13.4,3,2,0,8032334,2025-10-29,2025-11-03,auto,7500000,1.0709778666666667
5046753493628548,1,1,76,M,RS007,M54.5,93.39,3,3,0,3019748,2025-08-08,2025-11-03,auto,1800000,1.6776377777777778
6972176147787868,0,0,4,F,RS008,J18.9,96.04,3,3,0,7986537,2025-10-22,2025-11-03,manual,4200000,1.9015564285714286
3330471275212830,1,1,54,F,RS005,Z03.8,93.91,3,1,0,5583713,2025-10-31,2025-11-03,manual,1200000,4.6530941666666665
8648762568643602,1,0,88,F,RS009,Z34.0,73.0,3,2,2,5824834,2024-06-17,2025-11-03,manual,800000,7.2810425
2691967737658266,0,1,12,M,RS002,Z34.0,73.0,2,1,2,7417876,2025-09-04,2025-11-03,auto,800000,9.272345
0074593099459362,1,1,53,M,RS009,Z03.8,93.91,3,4,0,4966083,2025-01-27,2025-11-03,manual,1200000,4.1384025
3169561572032847,1,1,9,M,RS010,Z03.8,93.91,3,3,0,8796636,2025-10-28,2025-11-03,auto,1200000,7.33053
2469424367291430,1,1,66,M,RS005,Z34.0,73.0,1,2,2,5980815,2025-09-10,2025-11-03,auto,800000,7.47601875
7085050062364871,1,1,81,M,RS007,R50.9,99.19,2,3,0,1832775,2025-10-02,2025-11-03,manual,1000000,1.832775
1250458991857109,1,0,67,F,RS009,J00,93.9,3,4,0,7075150,2024-05-11,2025-11-03,auto,500000,14.1503
9357768779867261,1,0,59,M,RS008,Z00.0,93.99,2,2,0,429040,2025-05-15,2025-11-03,manual,700000,0.6129142857142857
9035988094969622,1,1,89,F,RS005,A09,45.23,1,4,2,1440663,2025-08-12,2025-11-03,manual,1300000,1.1082023076923078
1594962103120780,1,1,65,M,RS001,Z34.0,73.0,2,3,4,7672390,2025-08-14,2025-11-03,auto,800000,9.5904875
3378840933975669,0,0,88,M,RS002,A09,45.23,3,3,0,9994429,2025-07-04,2025-11-03,manual,1300000,7.688022307692307
0027562408572071,1,0,47,F,RS005,I25.1,36.15,1,2,3,4121386,2025-01-29,2025-11-03,manual,5000000,0.8242772
2316414926065218,1,0,14,M,RS009,J18.9,96.04,2,4,0,6059722,2025-01-10,2025-11-03,manual,4200000,1.4427909523809523
3237797253149966,0,1,25,F,RS002,R50.9,99.19,2,4,1,7993452,2024-06-17,2025-11-03,manual,1000000,7.993452
5031987492891343,1,1,44,F,RS006,A09,45.23,1,2,0,3453715,2024-09-16,2025-11-03,auto,1300000,2.6567038461538464
8379560347638061,1,1,4,M,RS006,H25.9,13.5,2,2,0,6224038,2024-06-29,2025-11-03,auto,7500000,0.8298717333333333
6269287672880053,1,1,33,F,RS010,H25.9,13.1,1,4,0,1355858,2025-09-04,2025-11-03,manual,7500000,0.18078106666666666
9279263899401610,0,1,37,F,RS007,M54.5,93.39,2,2,1,736712,2025-10-21,2025-11-03,auto,1800000,0.40928444444444445
4862135644456267,1,1,79,M,RS002,Z34.0,73.0,3,4,2,9702461,2025-06-28,2025-11-03,auto,800000,12.12807625
6413845228306411,0,1,1,F,RS007,R50.9,99.19,1,2,0,6377600,2024-10-31,2025-11-03,auto,1000000,6.3776
2226813517358157,1,1,60,F,RS008,E11,99.10,3,2,1,7876681,2025-10-08,2025-11-03,manual,2500000,3.1506724
2670287680681170,1,1,43,M,RS004,Z34.0,73.0,1,2,2,9088408,2025-04-03,2025-11-03,manual,800000,11.36051
3365989046032572,1,1,72,F,RS008,J18.9,96.04,2,3,0,8923125,2025-10-04,2025-11-03,auto,4200000,2.1245535714285713
1413384681675581,1,1,90,F,RS001,J18.9,93.94,1,3,0,7201429,2025-09-12,2025-11-03,auto,4200000,1.7146259523809524
0949046316278525,1,1,85,F,RS004,K29.7,45.16,1,3,2,7842092,2025-02-19,2025-11-03,auto,1700000,4.612995294117647
4307467540743433,0,0,31,M,RS002,A09,45.23,2,4,2,2754131,2024-08-01,2025-11-03,manual,1300000,2.118562307692308
6197252577583510,1,1,74,F,RS001,I10,99.04,1,3,2,6067218,2025-03-03,2025-11-03,manual,2000000,3.033609
6028309180480693,1,1,36,F,RS007,J45.9,93.96,1,4,0,7600780,2025-09-12,2025-11-03,manual,2300000,3.304686956521739
5578394002578195,1,1,86,F,RS008,A09,45.23,1,2,1,9060297,2025-10-14,2025-11-03,auto,1300000,6.969459230769231
7859935000867847,1,0,67,F,RS001,K29.7,45.16,2,2,0,1784301,2025-08-18,2025-11-03,auto,1700000,1.0495888235294117
8235477733525745,1,0,28,F,RS001,R10.4,45.23,3,2,0,2428598,2025-04-28,2025-11-03,manual,1200000,2.0238316666666667
2540420245592927,1,1,36,F,RS007,J00,93.9,1,2,1,6054908,2025-08-22,2025-11-03,manual,500000,12.109816
8809201840936143,1,1,73,M,RS004,I25.1,99.24,1,1,1,1926764,2025-10-04,2025-11-03,manual,5000000,0.3853528
6548575927264451,0,0,31,M,RS005,Z34.0,73.0,1,3,3,2346757,2025-07-19,2025-11-03,auto,800000,2.93344625
5863680176511602,1,1,73,F,RS008,A09,45.23,1,1,0,8722093,2025-09-27,2025-11-03,auto,1300000,6.709302307692307
1501479587674742,1,1,8,M,RS009,H25.9,13.4,2,2,0,463455,2025-09-30,2025-11-03,manual,7500000,0.061794
2189849099081889,1,0,42,M,RS007,H25.9,13.4,3,2,0,7747783,2024-01-20,2025-11-03,auto,7500000,1.0330377333333334
8237345221738966,1,1,29,M,RS001,I25.1,36.15,2,3,2,3381753,2025-10-01,2025-11-03,auto,5000000,0.6763506
9730029854044707,1,1,68,M,RS006,I25.1,99.24,2,4,0,4205406,2025-10-29,2025-11-03,manual,5000000,0.8410812
1555072307316446,1,1,28,F,RS002,I10,99.04,3,2,2,2040449,2024-08-05,2025-11-03,manual,2000000,1.0202245
9959670986869068,1,0,44,F,RS003,I25.1,36.15,1,3,2,5991102,2025-02-14,2025-11-03,auto,5000000,1.1982204
0062217216638737,1,1,90,M,RS006,Z34.0,73.0,2,1,1,9016729,2024-06-13,2025-11-03,auto,800000,11.27091125
7221577534889569,1,1,19,M,RS003,H25.9,13.5,1,2,0,8263424,2024-12-19,2025-11-03,auto,7500000,1.1017898666666666
4894790397487634,1,1,5,F,RS003,Z34.0,73.0,1,1,2,6624019,2025-09-24,2025-11-03,manual,800000,8.28002375
7068130882293285,0,1,83,F,RS007,K29.7,45.16,2,2,1,6300617,2025-08-09,2025-11-03,manual,1700000,3.706245294117647
9753687805279427,1,1,85,F,RS009,R50.9,45.23,2,3,1,1274300,2024-12-21,2025-11-03,auto,1200000,1.0619166666666666
4483283255323643,1,1,51,M,RS008,Z34.0,73.0,3,4,1,5655675,2025-03-08,2025-11-03,manual,800000,7.06959375
3729451114764061,1,0,12,F,RS001,H25.9,13.1,2,1,0,4183829,2025-08-14,2025-11-04,auto,7500000,0.5578438666666666
6821489080645111,1,1,14,F,RS001,M54.5,93.39,1,3,0,1410385,2025-10-16,2025-11-04,manual,1800000,0.7835472222222222
2229598609262457,0,1,84,M,RS003,R10.4,87.09,3,1,1,9799964,2025-10-10,2025-11-04,auto,1200000,8.166636666666667
0808443078577059,0,1,69,M,RS006,N39.0,57.94,1,1,2,5595218,2025-09-24,2025-11-04,auto,2200000,2.543280909090909
5791777114261611,1,0,90,F,RS003,A09,45.23,2,4,3,3710528,2025-01-17,2025-11-04,auto,1300000,2.854252307692308
0773703208753687,1,1,77,F,RS002,I25.1,99.24,2,3,4,4541983,2024-05-04,2025-11-04,auto,5000000,0.9083966
9087092647281041,1,1,23,F,RS009,J00,93.9,1,1,3,6362141,2025-09-12,2025-11-04,manual,500000,12.724282
6132556220911026,1,1,36,F,RS005,I25.1,99.24,2,4,3,5966997,2024-05-22,2025-11-04,manual,5000000,1.1933994
1082739201779474,0,0,69,F,RS010,Z34.0,73.0,2,1,2,9255074,2025-01-06,2025-11-04,auto,800000,11.5688425
9563785405540290,1,1,23,F,RS002,M54.5,93.39,3,1,0,5541081,2025-07-24,2025-11-04,auto,1800000,3.078378333333333
1277710361889920,1,0,53,M,RS007,Z03.8,93.91,1,3,0,5398871,2025-04-05,2025-11-04,auto,1200000,4.499059166666667
9674514119564434,1,1,52,F,RS010,O80,72.0,1,4,4,1244057,2025-09-19,2025-11-04,manual,3500000,0.3554448571428571
0830934471641562,1,1,70,F,RS003,O80,72.0,1,1,1,2447399,2025-05-19,2025-11-04,auto,3500000,0.6992568571428571
0356505159155425,1,0,74,M,RS005,A09,45.23,3,2,0,1239558,2025-10-29,2025-11-04,auto,1300000,0.9535061538461539
4483283255323643,1,1,51,M,RS008,O80,72.0,3,3,2,1341490,2025-08-01,2025-11-04,manual,3500000,0.38328285714285715
0271055334971125,0,1,68,M,RS010,A09,45.23,2,3,0,2680629,2025-06-21,2025-11-04,auto,1300000,2.062022307692308
7339285024522402,1,1,75,M,RS008,J18.9,96.04,1,3,0,7163987,2024-08-08,2025-11-04,manual,4200000,1.7057111904761906
5733366470320008,1,1,41,F,RS005,J45.9,93.96,2,2,0,4432940,2025-09-18,2025-11-04,auto,2300000,1.9273652173913043
6291052782279494,0,1,1,F,RS010,R50.9,99.19,2,2,2,2170899,2025-10-10,2025-11-04,manual,1000000,2.170899
9527333305357947,1,1,65,M,RS010,J18.9,96.04,1,2,1,9279843,2025-10-22,2025-11-04,manual,4200000,2.2094864285714286
5255899980416109,0,1,10,F,RS006,N39.0,57.94,2,2,1,7637519,2025-10-09,2025-11-04,auto,2200000,3.4715995454545454
2272881307634224,0,1,1,F,RS008,O80,72.0,2,2,3,6620985,2025-03-31,2025-11-04,auto,3500000,1.89171
3853110597860758,1,1,25,M,RS006,M54.5,93.39,3,2,0,3358411,2025-10-25,2025-11-04,manual,1800000,1.865783888888889
3686063535694953,1,0,2,M,RS002,N39.0,57.98,3,3,1,9427858,2024-10-02,2025-11-04,manual,2200000,4.28539
8078806926248836,1,1,78,F,RS006,E66.9,99.28,3,3,2,8921736,2025-08-15,2025-11-04,manual,1000000,8.921736
2835852385434651,1,1,65,F,RS007,N39.0,57.94,3,4,0,7340044,2025-10-29,2025-11-04,auto,2200000,3.3363836363636366
6749755793511452,1,0,82,F,RS007,H25.9,13.1,3,4,0,613338,2025-08-02,2025-11-04,manual,7500000,0.0817784
0996193571832522,1,1,27,F,RS009,J45.9,93.96,1,2,0,6089763,2024-03-27,2025-11-04,manual,2300000,2.647723043478261
2174596819423931,1,0,2,M,RS004,R50.9,99.19,2,2,0,2039399,2025-10-28,2025-11-04,auto,1000000,2.039399
1505840257036345,1,1,34,F,RS002,J00,93.9,2,2,1,8378322,2025-09-30,2025-11-04,manual,500000,16.756644
2549436835722058,1,1,28,F,RS003,N39.0,57.94,3,2,1,3821274,2025-08-22,2025-11-04,auto,2200000,1.7369427272727274
9910939395799357,1,1,55,M,RS001,K29.7,45.16,1,3,0,7549375,2024-04-16,2025-11-04,manual,1700000,4.440808823529411
7291643879257421,0,1,45,M,RS010,K21.0,45.16,3,4,0,6388766,2025-10-10,2025-11-04,auto,1400000,4.563404285714285
5455179536258516,1,1,40,F,RS003,R10.4,87.09,1,4,0,5526769,2025-09-08,2025-11-04,auto,1200000,4.605640833333333
2141287560026288,1,1,59,F,RS004,R10.4,87.09,2,1,1,5979738,2025-09-13,2025-11-04,manual,1200000,4.983115
8077570284396444,1,1,67,F,RS004,I25.1,36.15,2,3,4,2625334,2025-08-13,2025-11-04,manual,5000000,0.5250668
1107508655077476,1,1,23,F,RS008,Z34.0,73.0,2,4,1,8079857,2025-08-29,2025-11-04,manual,800000,10.09982125
0498289930305748,1,1,9,M,RS008,A09,45.23,2,4,0,5954979,2024-12-05,2025-11-04,manual,1300000,4.580753076923077
7573640965017018,1,1,86,M,RS005,J00,93.9,3,3,0,4700594,2024-08-21,2025-11-04,manual,500000,9.401188
4653360519755402,1,0,8,F,RS003,J45.9,93.96,2,4,1,6540338,2025-08-13,2025-11-04,manual,2300000,2.8436252173913044
2670287680681170,1,1,43,M,RS004,Z34.0,73.0,1,3,2,4516242,2025-08-04,2025-11-05,auto,800000,5.6453025
4446720547167035,0,1,81,M,RS006,H25.9,13.4,3,1,0,2318767,2025-08-07,2025-11-05,auto,7500000,0.30916893333333334
3397877379762883,1,1,48,F,RS008,K29.7,45.16,3,2,0,2750200,2025-10-28,2025-11-05,auto,1700000,1.617764705882353
9214532694438167,1,0,18,M,RS009,E66.9,99.28,1,1,1,1445496,2025-10-22,2025-11-05,manual,1000000,1.445496
7124253384282238,0,1,90,F,RS005,J45.9,93.96,1,2,0,1334429,2025-07-12,2025-11-05,manual,2300000,0.5801865217391304
7863300374732271,1,1,31,F,RS001,Z00.0,93.99,2,3,0,7262058,2025-09-22,2025-11-05,auto,700000,10.37436857142857
8983578276346563,1,1,59,F,RS007,Z03.8,93.91,1,4,0,3830118,2025-10-29,2025-11-05,manual,1200000,3.191765
0773703208753687,1,1,77,F,RS002,I25.1,36.15,2,1,2,8512252,2025-04-22,2025-11-05,auto,5000000,1.7024504
3569671562354353,1,1,4,F,RS007,J18.9,93.94,2,3,1,1340739,2025-06-19,2025-11-05,manual,4200000,0.31922357142857144
8018675692363227,0,1,37,M,RS001,N39.0,57.98,3,3,0,1912534,2025-03-21,2025-11-05,auto,2200000,0.8693336363636364
0285322132812752,1,1,27,F,RS005,J45.9,93.96,2,2,0,4124724,2024-06-05,2025-11-05,manual,2300000,1.7933582608695653
9732458967890419,1,1,79,M,RS001,K29.7,45.16,2,4,3,1175506,2025-07-21,2025-11-05,auto,1700000,0.6914741176470588
7061548510988761,1,1,30,M,RS004,R10.4,45.23,2,3,0,3106849,2024-11-30,2025-11-05,auto,1200000,2.5890408333333332
4207896064408625,1,1,20,M,RS005,Z03.8,93.91,1,2,0,2964111,2025-09-05,2025-11-05,auto,1200000,2.4700925
5535235619078856,1,1,72,F,RS001,K21.0,45.16,1,3,1,5212164,2025-07-17,2025-11-05,manual,1400000,3.722974285714286
7477463114859568,1,1,59,M,RS001,I10,99.04,3,1,4,2944980,2025-08-12,2025-11-05,manual,2000000,1.47249
7939617567102819,1,1,63,F,RS001,E11,99.10,2,3,1,8348324,2025-10-25,2025-11-05,manual,2500000,3.3393296
5704343130905244,0,0,53,F,RS001,I10,99.04,2,3,4,7333319,2025-10-23,2025-11-05,auto,2000000,3.6666595
0495330745315346,0,1,51,M,RS005,N39.0,57.94,1,1,2,7534112,2025-10-01,2025-11-05,manual,2200000,3.4245963636363634
4106861308068869,1,0,26,F,RS005,E11,99.10,2,3,2,8227379,2025-10-24,2025-11-05,auto,2500000,3.2909516
2036347310298226,0,1,52,F,RS002,I25.1,99.24,2,3,2,3847471,2025-10-09,2025-11-05,manual,5000000,0.7694942
7751315385467851,1,1,1,M,RS009,R10.4,45.23,2,3,0,2837154,2024-05-17,2025-11-05,manual,1200000,2.364295
1418030439872523,1,0,10,M,RS008,R10.4,87.09,1,2,2,9524378,2025-02-13,2025-11-05,auto,1200000,7.936981666666667
5706863606912757,1,0,13,M,RS008,M54.5,93.39,2,2,0,4768484,2025-01-17,2025-11-05,auto,1800000,2.649157777777778
9861899505264157,1,0,60,F,RS001,E11,99.10,3,3,1,5947727,2025-06-30,2025-11-05,manual,2500000,2.3790908
9031034793383396,0,1,53,F,RS010,M54.5,93.39,1,2,2,9410230,2024-12-11,2025-11-05,auto,1800000,5.227905555555555
0982327551538289,0,1,87,M,RS004,E11,99.10,3,1,2,9594014,2025-10-30,2025-11-05,auto,2500000,3.8376056
6026617086952876,1,1,17,M,RS002,E66.9,99.28,1,2,2,2592354,2024-11-28,2025-11-05,auto,1000000,2.592354
0948352213151115,0,1,7,M,RS002,O80,72.0,3,4,4,9838483,2025-02-27,2025-11-05,manual,3500000,2.8109951428571427
7090606701733834,0,1,7,F,RS003,K21.0,45.16,1,3,1,7247241,2024-01-24,2025-11-05,manual,1400000,5.176600714285715
9284257839951747,1,1,87,F,RS005,E66.9,99.28,1,1,4,8587969,2025-05-01,2025-11-05,manual,1000000,8.587969
0747479228763775,1,1,55,F,RS008,J45.9,93.96,2,2,1,4836198,2025-10-28,2025-11-05,manual,2300000,2.1026947826086957
5918566170613907,1,0,7,M,RS004,E66.9,99.28,3,4,1,1370886,2025-09-08,2025-11-05,auto,1000000,1.370886
5454722629143390,0,1,20,F,RS002,K29.7,45.16,3,1,0,5898882,2024-09-24,2025-11-05,auto,1700000,3.469930588235294
8192619147946310,1,1,63,F,RS001,K29.7,45.16,3,2,2,5437479,2025-10-27,2025-11-05,auto,1700000,3.1985170588235294
9905810790061006,0,1,64,F,RS001,J45.9,93.96,1,3,0,6731734,2025-08-12,2025-11-05,auto,2300000,2.9268408695652175
5578394002578195,1,1,86,F,RS008,A09,45.23,1,3,0,688627,2025-08-21,2025-11-05,auto,1300000,0.5297130769230769
5713917649111565,1,0,22,F,RS004,J18.9,93.94,3,4,1,5995499,2025-10-30,2025-11-05,manual,4200000,1.4274997619047618
0022999433801854,1,1,76,M,RS001,O80,72.0,1,4,2,1287474,2025-09-25,2025-11-05,manual,3500000,0.3678497142857143
9643876977252852,1,0,13,F,RS010,R10.4,45.23,1,4,1,9667874,2025-09-19,2025-11-05,manual,1200000,8.056561666666667
6772259978251224,0,1,69,F,RS002,K21.0,45.16,2,4,1,5390456,2024-12-12,2025-11-05,manual,1400000,3.8503257142857144
5980756888763223,1,1,53,M,RS005,J45.9,93.96,2,2,0,1469394,2025-04-28,2025-11-05,auto,2300000,0.6388669565217391
9466513359166530,1,1,38,F,RS009,R50.9,99.19,2,3,1,8168562,2025-03-24,2025-11-05,manual,1000000,8.168562
3409067444561453,0,0,61,F,RS009,E66.9,99.28,2,4,1,4304159,2025-10-15,2025-11-05,manual,1000000,4.304159
5888079935141854,1,1,6,M,RS001,A09,45.23,2,3,1,8339507,2025-10-28,2025-11-05,auto,1300000,6.415005384615385
1798148529728394,1,1,61,F,RS006,K29.7,45.16,3,3,0,3344913,2025-01-31,2025-11-05,auto,1700000,1.9675958823529411
3769717711983368,1,1,39,F,RS002,Z03.8,93.91,2,1,0,7727758,2025-08-26,2025-11-06,manual,1200000,6.439798333333333
4570728802913996,0,1,26,M,RS004,A09,45.23,2,3,0,4722774,2024-12-24,2025-11-06,manual,1300000,3.632903076923077
7804569773289670,1,0,65,F,RS008,O80,72.0,3,1,2,9565425,2024-10-11,2025-11-06,manual,3500000,2.7329785714285713
1529754249124832,0,1,27,M,RS009,Z34.0,73.0,2,4,3,9435958,2025-05-21,2025-11-06,auto,800000,11.7949475
1835329830185950,1,1,54,F,RS002,I10,99.04,3,2,2,454895,2025-07-01,2025-11-06,manual,2000000,0.2274475
3091768739568114,1,1,23,M,RS004,Z03.8,93.91,3,3,0,6159533,2024-08-19,2025-11-06,manual,1200000,5.132944166666666
7039627128182909,1,1,7,M,RS003,Z00.0,93.99,2,3,0,4600365,2025-07-31,2025-11-06,manual,700000,6.57195
6675448419592919,0,1,87,F,RS008,Z00.0,93.99,2,3,0,770446,2024-11-02,2025-11-06,auto,700000,1.1006371428571429
7610241676266677,1,1,36,M,RS006,A09,45.23,2,1,0,1188249,2025-10-08,2025-11-06,auto,1300000,0.9140376923076923
2827645188709924,1,1,11,F,RS008,J18.9,93.94,1,2,0,1323277,2025-08-15,2025-11-06,auto,4200000,0.31506595238095236
3872158410316718,1,1,90,F,RS008,I25.1,99.24,3,1,4,1329440,2025-07-29,2025-11-06,auto,5000000,0.265888
6824204023864632,1,1,90,F,RS006,M54.5,93.39,3,3,2,8359657,2024-10-15,2025-11-06,manual,1800000,4.644253888888889
0955641672780563,1,1,44,F,RS001,I10,99.04,1,4,1,6057154,2025-10-14,2025-11-06,auto,2000000,3.028577
0745050735657584,1,1,63,F,RS001,N39.0,57.98,3,3,1,468870,2025-03-29,2025-11-06,manual,2200000,0.21312272727272727
8235477733525745,1,0,28,F,RS001,Z03.8,93.91,2,3,0,2926221,2025-10-25,2025-11-06,auto,1200000,2.4385175
5704362668634470,1,1,86,F,RS003,J18.9,96.04,3,1,0,9395228,2024-10-04,2025-11-06,auto,4200000,2.2369590476190475
8482799329010249,0,0,62,M,RS005,J00,93.9,2,1,0,6974555,2024-12-17,2025-11-06,auto,500000,13.94911
5514692385708093,1,1,36,M,RS008,Z03.8,93.91,1,1,0,6475723,2025-07-07,2025-11-06,manual,1200000,5.396435833333333
8235412019447657,1,1,18,F,RS010,I10,99.04,3,1,3,5850764,2025-10-29,2025-11-06,manual,2000000,2.925382
8498160556636393,1,1,60,F,RS003,J00,93.9,3,1,1,405857,2025-06-16,2025-11-06,auto,500000,0.811714
0731313064084018,1,1,45,F,RS005,K29.7,45.16,2,2,0,3662301,2025-06-17,2025-11-06,auto,1700000,2.1542947058823527
9366338202595581,0,1,11,F,RS004,N39.0,57.94,1,1,2,4872295,2025-07-05,2025-11-06,manual,2200000,2.2146795454545454
6581180888853200,1,0,42,F,RS007,R10.4,45.23,3,2,0,3482245,2024-04-12,2025-11-06,auto,1200000,2.901870833333333
4898545566891810,0,1,42,M,RS009,H25.9,13.1,1,1,0,7249184,2025-11-01,2025-11-06,manual,7500000,0.9665578666666667
1472002978083637,1,1,20,M,RS004,M54.5,93.39,3,3,2,3111754,2025-09-18,2025-11-06,manual,1800000,1.7287522222222222
5578394002578195,1,1,86,F,RS008,K21.0,45.16,3,2,0,7873311,2025-01-02,2025-11-06,auto,1400000,5.623793571428571
6840835586996761,1,1,8,F,RS006,E11,99.10,3,3,2,7298170,2025-09-18,2025-11-06,auto,2500000,2.919268
7617869097768139,1,1,50,M,RS002,Z00.0,93.99,3,1,0,8628829,2025-10-20,2025-11-06,auto,700000,12.326898571428572
0673374816293677,1,1,81,M,RS010,E11,99.10,1,3,0,3324757,2025-03-19,2025-11-06,manual,2500000,1.3299028
0571696721018676,1,1,10,M,RS008,Z34.0,73.0,2,2,2,8523308,2025-10-29,2025-11-06,manual,800000,10.654135
1161351260301758,1,1,31,M,RS009,J45.9,93.96,1,4,2,5538913,2025-05-16,2025-11-06,auto,2300000,2.408223043478261
8673881653325308,0,1,25,F,RS008,J00,93.9,3,3,2,9357584,2025-10-29,2025-11-06,auto,500000,18.715168
2058288071391914,1,1,40,M,RS007,R50.9,99.19,2,4,2,3818091,2025-08-09,2025-11-06,manual,1000000,3.818091
4817845868248256,0,1,42,F,RS001,J00,93.9,2,2,0,1986679,2024-12-02,2025-11-06,auto,500000,3.973358
6169692712016177,1,0,25,F,RS003,Z00.0,93.99,2,4,0,6155049,2025-09-10,2025-11-06,auto,700000,8.792927142857144
8498191070090501,0,1,65,F,RS001,J18.9,96.04,1,3,1,588869,2025-10-17,2025-11-06,auto,4200000,0.14020690476190475
0059175603616318,0,1,66,F,RS009,O80,72.0,3,2,4,1352260,2024-08-05,2025-11-06,auto,3500000,0.38636
8008902163141992,1,0,90,F,RS001,J45.9,93.96,2,1,0,1192161,2025-10-04,2025-11-07,auto,2300000,0.5183308695652173
2316414926065218,1,0,14,M,RS009,J18.9,93.94,1,3,0,1729777,2025-10-10,2025-11-07,manual,4200000,0.41185166666666667
7371960000649431,1,1,63,F,RS001,Z03.8,93.91,3,4,0,2917838,2025-10-04,2025-11-07,manual,1200000,2.431531666666667
3970197232080283,1,1,8,M,RS008,Z00.0,93.99,1,4,0,1962600,2025-09-02,2025-11-07,manual,700000,2.803714285714286
5140763451989040,1,1,47,M,RS008,I25.1,99.24,2,2,3,8941158,2024-02-24,2025-11-07,auto,5000000,1.7882316
4397680017578455,1,1,17,M,RS006,R10.4,87.09,3,1,0,3722281,2025-10-21,2025-11-07,manual,1200000,3.1019008333333336
1634455937541773,0,1,12,F,RS004,E66.9,99.28,2,1,2,6967287,2025-06-26,2025-11-07,auto,1000000,6.967287
9282809206358195,1,1,11,F,RS002,K29.7,45.16,2,1,0,1129658,2025-03-12,2025-11-07,auto,1700000,0.6645047058823529
9927502670697756,0,1,67,M,RS004,K21.0,45.16,1,4,2,8664322,2025-10-17,2025-11-07,manual,1400000,6.188801428571429
0260081578038436,1,1,55,F,RS001,J00,93.9,2,1,1,9001178,2025-06-17,2025-11-07,manual,500000,18.002356
6697281077434688,1,0,44,M,RS008,J00,93.9,1,3,0,5752527,2025-09-03,2025-11-07,auto,500000,11.505054
8748542927621204,1,1,49,M,RS001,J18.9,93.94,2,4,0,4212011,2025-10-10,2025-11-07,auto,4200000,1.002859761904762
2306964404811575,1,1,29,F,RS005,E66.9,99.28,2,1,2,5161319,2025-10-24,2025-11-07,manual,1000000,5.161319
5861913885625431,1,1,30,F,RS010,Z00.0,93.99,3,3,0,4110277,2025-09-05,2025-11-07,auto,700000,5.871824285714285
8672465786135253,1,1,57,F,RS001,H25.9,13.5,1,2,0,3478430,2025-10-31,2025-11-07,auto,7500000,0.4637906666666667
5843707418947067,1,1,71,M,RS006,J00,93.9,3,4,1,9595566,2024-06-06,2025-11-07,manual,500000,19.191132
6350804304016749,0,1,30,M,RS009,Z00.0,93.99,1,1,0,6724821,2025-08-18,2025-11-07,auto,700000,9.606887142857143
0004221685143663,1,1,71,M,RS009,J45.9,93.96,2,3,0,1899809,2025-09-25,2025-11-07,manual,2300000,0.8260039130434783
6369737580902041,0,1,45,F,RS001,E66.9,99.28,3,2,2,6982504,2025-07-24,2025-11-07,auto,1000000,6.982504
9372761545840578,0,1,18,M,RS009,Z03.8,93.91,1,4,0,411325,2024-03-04,2025-11-07,auto,1200000,0.34277083333333336
1737675851356394,1,0,26,F,RS004,R10.4,87.09,2,2,0,4354901,2025-10-31,2025-11-07,manual,1200000,3.629084166666667
4042846355179230,0,1,9,F,RS004,R10.4,87.09,3,1,0,1702478,2025-09-29,2025-11-07,auto,1200000,1.4187316666666667
8564399231945722,1,1,83,M,RS003,M54.5,93.39,1,3,0,7286453,2025-06-30,2025-11-07,manual,1800000,4.0480294444444445
0848093134701863,1,1,57,F,RS003,Z00.0,93.99,3,4,0,683575,2024-03-26,2025-11-07,auto,700000,0.9765357142857143
0073075960064860,1,0,46,F,RS005,J45.9,93.96,3,1,1,4287936,2024-06-26,2025-11-07,manual,2300000,1.86432
9400692603642319,1,1,53,F,RS002,K29.7,45.16,2,1,1,449541,2025-05-08,2025-11-07,manual,1700000,0.2644358823529412
5945562047567614,0,1,90,F,RS007,H25.9,13.5,3,1,0,8932988,2025-05-28,2025-11-07,manual,7500000,1.1910650666666667
0926870718558999,1,1,43,F,RS009,Z34.0,73.0,2,1,2,9359751,2025-10-20,2025-11-07,manual,800000,11.69968875
1323345054784032,1,1,85,M,RS009,N39.0,57.98,2,4,0,5195333,2024-06-20,2025-11-07,manual,2200000,2.361515
0612598515468775,1,1,19,M,RS001,Z34.0,73.0,1,4,2,5460639,2025-10-25,2025-11-07,manual,800000,6.82579875
5961489387224392,1,0,20,M,RS007,Z00.0,93.99,1,4,0,2627614,2024-06-13,2025-11-07,manual,700000,3.7537342857142857
5426793851201163,1,0,4,M,RS006,J00,93.9,2,3,0,7875033,2025-09-29,2025-11-07,auto,500000,15.750066
9031034793383396,0,1,53,F,RS010,M54.5,93.39,3,3,0,3508339,2025-08-18,2025-11-07,auto,1800000,1.9490772222222221
3279707258493046,1,1,60,M,RS004,A09,45.23,2,3,1,8421611,2025-06-13,2025-11-07,manual,1300000,6.478162307692307
0120678118987099,1,1,59,F,RS001,R10.4,45.23,1,1,0,8796062,2025-10-24,2025-11-07,auto,1200000,7.330051666666667
1048306711750933,1,1,64,F,RS003,J00,93.9,3,4,0,6789906,2025-07-11,2025-11-07,manual,500000,13.579812
7984732877511492,0,1,69,F,RS010,Z03.8,93.91,2,1,0,6861408,2025-03-14,2025-11-07,auto,1200000,5.71784
1736124250371126,1,0,66,F,RS007,Z34.0,73.0,3,4,3,3625511,2025-09-15,2025-11-07,manual,800000,4.53188875
9324484402579378,1,1,16,F,RS010,E11,99.10,2,2,2,5878925,2025-02-12,2025-11-07,auto,2500000,2.35157
7744547414875528,1,1,15,M,RS006,Z34.0,73.0,1,2,2,5526896,2024-04-13,2025-11-07,auto,800000,6.90862
5177774970406353,0,0,89,F,RS007,K21.0,45.16,3,2,0,5155913,2025-06-18,2025-11-07,auto,1400000,3.682795
9395873787778140,1,1,26,M,RS009,M54.5,93.39,2,2,1,8084154,2025-10-31,2025-11-07,manual,1800000,4.491196666666666
4305813375729016,1,1,14,F,RS006,J00,93.9,2,4,0,4710155,2025-10-27,2025-11-07,auto,500000,9.42031
7610241676266677,1,1,36,M,RS006,M54.5,93.39,3,4,0,5612708,2025-07-15,2025-11-08,auto,1800000,3.1181711111111112
1588650155015392,1,1,45,M,RS004,R10.4,87.09,1,4,0,2628416,2025-06-28,2025-11-08,manual,1200000,2.1903466666666667
9385626458536316,1,1,73,M,RS002,I10,99.04,2,2,2,761564,2025-08-18,2025-11-08,auto,2000000,0.380782
1313611684213715,1,1,9,M,RS007,O80,72.0,1,2,3,5511394,2025-03-10,2025-11-08,manual,3500000,1.574684
0675771960912024,0,1,40,M,RS001,I10,99.04,1,4,4,7637958,2024-02-16,2025-11-08,auto,2000000,3.818979
6316736861878312,1,1,42,F,RS010,N39.0,57.94,1,4,0,5171727,2024-02-19,2025-11-08,auto,2200000,2.350785
4780248338263618,1,1,1,F,RS009,J00,93.9,2,1,1,9226007,2024-11-15,2025-11-08,auto,500000,18.452014
4727826253056129,0,0,38,M,RS010,R50.9,99.19,2,3,0,6802700,2025-07-31,2025-11-08,auto,1000000,6.8027
1941302312153892,1,1,67,F,RS003,O80,72.0,1,3,3,4537541,2025-10-17,2025-11-08,auto,3500000,1.2964402857142858
5535235619078856,1,1,72,F,RS001,K21.0,45.16,1,2,1,9784889,2024-10-30,2025-11-08,manual,1400000,6.989206428571428
9201150147980678,1,1,73,M,RS003,I10,99.04,2,2,3,7927744,2025-01-02,2025-11-08,auto,2000000,3.963872
1254379456796063,1,1,62,M,RS006,N39.0,57.94,3,4,0,7350028,2025-09-16,2025-11-08,manual,2200000,3.340921818181818
0738732715696048,1,1,25,M,RS005,N39.0,57.94,3,2,1,5684393,2025-09-03,2025-11-08,manual,2200000,2.583815
7456509477882515,1,1,48,F,RS009,H25.9,13.1,3,1,0,4661804,2024-07-03,2025-11-08,auto,7500000,0.6215738666666667
8245095095164564,1,1,57,F,RS008,H25.9,13.5,2,3,0,4008892,2025-10-30,2025-11-08,auto,7500000,0.5345189333333333
4893862879981230,0,1,30,F,RS006,M54.5,93.39,1,1,0,4189418,2025-10-28,2025-11-08,manual,1800000,2.3274544444444443
9277062180038058,1,1,39,F,RS003,J00,93.9,3,1,2,7043057,2025-11-03,2025-11-08,auto,500000,14.086114
5130185890995689,1,1,56,F,RS002,Z03.8,93.91,2,4,1,3723586,2025-02-11,2025-11-08,manual,1200000,3.1029883333333332
6027000885549999,0,1,71,M,RS002,J00,93.9,1,1,1,7726264,2025-10-20,2025-11-08,auto,500000,15.452528
6129030711175311,1,1,57,M,RS009,O80,72.0,1,3,1,4713549,2025-06-17,2025-11-08,auto,3500000,1.3467282857142857
9313949562801722,1,1,53,F,RS008,H25.9,13.4,2,4,1,3877573,2025-10-18,2025-11-08,auto,7500000,0.5170097333333333
0326719475238460,1,1,60,M,RS010,J18.9,96.04,1,4,2,733788,2024-11-12,2025-11-08,auto,4200000,0.17471142857142857
9366338202595581,0,1,11,F,RS004,N39.0,57.98,3,1,0,7704953,2024-10-17,2025-11-08,manual,2200000,3.5022513636363635
0931967533957884,1,1,40,F,RS007,Z03.8,93.91,2,4,0,2490376,2025-03-21,2025-11-08,manual,1200000,2.0753133333333333
9355936997744368,1,1,36,F,RS005,J45.9,93.96,3,1,2,6794325,2025-10-30,2025-11-08,manual,2300000,2.954054347826087
0203488158070261,1,1,47,M,RS003,O80,72.0,3,2,1,3926491,2025-10-31,2025-11-08,auto,3500000,1.1218545714285715
7068130882293285,0,1,83,F,RS007,K21.0,45.16,2,3,3,3686969,2024-12-04,2025-11-08,manual,1400000,2.633549285714286
6924030248521654,1,1,28,F,RS007,A09,45.23,1,3,0,9827666,2024-08-10,2025-11-08,manual,1300000,7.559743076923077
2889384118607781,1,1,17,F,RS007,J00,93.9,1,2,0,9588839,2025-05-30,2025-11-08,auto,500000,19.177678
6027000885549999,0,1,71,M,RS002,J00,93.9,2,4,2,672739,2025-10-18,2025-11-08,manual,500000,1.345478
1320938518628974,0,1,75,F,RS009,I10,99.04,2,2,3,9599430,2025-11-04,2025-11-08,manual,2000000,4.799715
5098979179636566,0,1,12,M,RS002,N39.0,57.98,3,4,1,4076381,2025-05-16,2025-11-08,manual,2200000,1.8529004545454546
9010037710673769,1,1,48,F,RS006,J00,93.9,1,2,2,3931395,2025-06-14,2025-11-08,auto,500000,7.86279
4881174616215868,1,1,38,F,RS005,K29.7,45.16,1,3,0,9339777,2025-08-12,2025-11-08,auto,1700000,5.4939864705882355
4363963140898618,1,1,19,F,RS007,E66.9,99.28,3,1,2,3369629,2025-08-26,2025-11-08,manual,1000000,3.369629
0487981736531428,1,1,74,F,RS005,M54.5,93.39,1,3,1,7086217,2025-11-03,2025-11-08,auto,1800000,3.936787222222222
0825062666171844,0,0,89,F,RS002,J45.9,93.96,1,1,3,7842250,2025-11-05,2025-11-08,auto,2300000,3.4096739130434783
8795930822768118,0,1,16,M,RS004,I10,99.04,2,1,5,6882082,2025-09-23,2025-11-08,auto,2000000,3.441041
1986540312006229,1,1,66,F,RS002,J45.9,93.96,1,2,0,8440111,2025-10-20,2025-11-08,manual,2300000,3.6696134782608696
9407839972700139,1,0,80,M,RS002,I25.1,99.24,1,4,2,613383,2025-07-17,2025-11-08,manual,5000000,0.1226766
9536558715127159,1,1,31,F,RS006,J45.9,93.96,2,3,1,872188,2025-05-30,2025-11-08,auto,2300000,0.37921217391304346
6089237954325745,1,0,5,M,RS003,Z03.8,93.91,1,4,0,8401684,2025-01-23,2025-11-08,manual,1200000,7.001403333333333
4755371297003609,1,0,26,M,RS008,R50.9,99.19,2,2,0,7124664,2024-12-17,2025-11-08,manual,1000000,7.124664
6857860143558473,1,0,8,F,RS008,K21.0,45.16,2,2,1,7843075,2025-11-04,2025-11-08,auto,1400000,5.602196428571428
3808948296098706,1,0,6,M,RS008,J45.9,93.96,1,1,1,5982107,2024-12-05,2025-11-08,auto,2300000,2.6009160869565218
5647968168032068,0,1,73,F,RS005,K21.0,45.16,3,2,0,1462119,2025-07-21,2025-11-08,manual,1400000,1.0443707142857144
1605976334267270,1,1,79,F,RS008,H25.9,13.5,2,3,0,6088615,2025-06-24,2025-11-08,manual,7500000,0.8118153333333333
5960001558299677,0,1,48,M,RS007,I25.1,36.15,1,3,2,3082071,2024-07-10,2025-11-08,manual,5000000,0.6164142
0512040976420313,0,1,27,F,RS010,Z34.0,73.0,1,3,2,3721310,2025-03-15,2025-11-10,auto,800000,4.6516375
9478812641087575,0,1,2,M,RS006,E66.9,99.28,2,1,1,1795138,2025-07-05,2025-11-10,manual,1000000,1.795138
1781439000433190,1,1,15,F,RS001,H25.9,13.4,1,1,0,6984099,2025-11-03,2025-11-10,auto,7500000,0.9312132
3960607785323860,1,1,65,F,RS001,Z00.0,93.99,2,3,0,9914475,2025-10-22,2025-11-10,manual,700000,14.163535714285715
7654642196308417,1,1,60,F,RS002,E11,99.10,2,3,0,2637451,2025-09-22,2025-11-10,auto,2500000,1.0549804
6321540065345899,1,1,10,F,RS006,Z00.0,93.99,1,2,0,6102255,2025-06-11,2025-11-10,manual,700000,8.717507142857142
4162175195764334,1,1,17,M,RS008,O80,72.0,1,4,3,9126239,2025-09-08,2025-11-10,auto,3500000,2.607496857142857
9321573699244178,1,1,3,M,RS002,Z34.0,73.0,3,2,3,9036376,2025-08-26,2025-11-10,auto,800000,11.29547
1338292400331134,1,1,77,F,RS009,Z34.0,73.0,1,4,2,963848,2025-04-12,2025-11-10,auto,800000,1.20481
2487246069945422,1,1,61,M,RS004,I10,99.04,1,4,4,6083692,2025-10-29,2025-11-10,auto,2000000,3.041846
3153865273685596,1,0,18,M,RS001,A09,45.23,3,1,2,1084647,2025-03-01,2025-11-10,auto,1300000,0.8343438461538462
9357517341908657,1,0,46,M,RS004,K21.0,45.16,1,2,2,5244375,2025-11-06,2025-11-10,manual,1400000,3.7459821428571427
7674459252684860,0,0,87,F,RS002,R50.9,99.19,3,1,0,9253863,2025-06-21,2025-11-10,manual,1000000,9.253863
9679841648167002,1,1,59,M,RS007,Z00.0,93.99,2,1,0,3124867,2025-10-23,2025-11-10,manual,700000,4.4640957142857145
4734721018569887,0,1,47,M,RS003,Z00.0,93.99,3,4,0,3902479,2024-06-18,2025-11-10,auto,700000,5.57497
7341606424959871,0,1,70,M,RS005,J00,93.9,1,3,0,3341018,2024-06-29,2025-11-10,manual,500000,6.682036
7744547414875528,1,1,15,M,RS006,Z34.0,73.0,3,2,2,1697042,2024-11-04,2025-11-10,auto,800000,2.1213025
0571696721018676,1,1,10,M,RS008,O80,72.0,2,3,2,4386029,2024-04-23,2025-11-10,auto,3500000,1.253151142857143
7284777290540942,0,1,74,F,RS004,J18.9,96.04,3,2,0,3740689,2025-11-03,2025-11-10,manual,4200000,0.8906402380952381
4842158416680125,1,1,86,M,RS008,I25.1,36.15,2,1,5,6895260,2024-12-07,2025-11-10,manual,5000000,1.379052
0273584422256448,1,0,72,F,RS010,I10,99.04,3,3,3,7153310,2025-01-24,2025-11-10,manual,2000000,3.576655
0200560463621753,1,1,74,F,RS008,J18.9,96.04,3,3,0,8649917,2025-06-10,2025-11-10,auto,4200000,2.059504047619048
5552238132440421,0,0,16,M,RS006,J45.9,93.96,3,2,0,4542983,2025-02-06,2025-11-10,manual,2300000,1.97521
5259078456296259,1,0,56,M,RS001,R10.4,45.23,2,3,0,6705500,2025-11-03,2025-11-10,auto,1200000,5.587916666666667
0131467713928828,1,1,23,M,RS002,I10,99.04,2,3,5,3403535,2025-10-30,2025-11-10,manual,2000000,1.7017675
5882037382651154,1,1,74,M,RS005,H25.9,13.4,2,3,1,3065921,2024-07-05,2025-11-10,auto,7500000,0.40878946666666666
3096691485686496,0,1,22,F,RS007,Z00.0,93.99,3,4,0,9197775,2025-10-11,2025-11-10,auto,700000,13.139678571428572
7166026159058753,1,1,6,M,RS001,M54.5,93.39,3,3,0,6494260,2024-03-12,2025-11-10,manual,1800000,3.6079222222222223
4015893336898934,0,1,30,F,RS001,I10,99.04,1,4,2,468394,2025-10-30,2025-11-10,manual,2000000,0.234197
2728377674825579,1,0,31,F,RS005,H25.9,13.5,1,1,0,1777332,2025-09-19,2025-11-10,manual,7500000,0.2369776
3879706923493545,1,1,84,M,RS009,O80,72.0,1,4,2,8279534,2025-08-11,2025-11-10,auto,3500000,2.3655811428571427
7856009475027780,1,1,30,F,RS008,Z03.8,93.91,2,3,3,12520866,2025-11-03,2025-11-10,auto,1200000,5.963343333333333
6115881525948628,1,1,39,M,RS002,H25.9,13.1,3,2,0,4626038,2025-08-15,2025-11-10,auto,7500000,0.6168050666666667
4701448618730918,0,0,32,M,RS005,R10.4,87.09,1,4,2,7672366,2025-02-25,2025-11-10,auto,1200000,6.3936383333333335
6350804304016749,0,1,30,M,RS009,Z00.0,93.99,3,3,0,6492278,2025-06-03,2025-11-10,auto,700000,9.274682857142857
0624490712469711,1,1,40,M,RS003,R10.4,87.09,3,1,0,6706894,2025-10-06,2025-11-10,manual,1200000,5.589078333333333
8507871722212911,1,0,54,M,RS004,Z00.0,93.99,1,2,0,4277969,2025-07-24,2025-11-10,auto,700000,6.111384285714286
4893862879981230,0,1,30,F,RS006,M54.5,93.39,1,1,2,7641359,2025-08-01,2025-11-10,manual,1800000,4.245199444444444
5046753493628548,1,1,76,M,RS007,M54.5,93.39,2,1,0,2879969,2025-08-05,2025-11-10,auto,1800000,1.5999827777777778
6455805154229264,0,1,66,M,RS003,Z00.0,93.99,1,4,2,6176511,2024-10-16,2025-11-10,auto,700000,8.823587142857143
7152340647601388,1,1,38,M,RS006,A09,45.23,3,1,0,1561307,2025-08-27,2025-11-10,manual,1300000,1.2010053846153845
7617869097768139,1,1,50,M,RS008,Z00.0,93.99,1,1,0,9919812,2025-10-09,2025-11-10,auto,700000,14.17116
6697322318801868,1,1,6,M,RS009,Z03.8,93.91,1,2,0,7344168,2024-08-27,2025-11-10,auto,1200000,6.12014
5411501721186147,1,1,17,M,RS009,A09,45.23,3,2,0,6956020,2024-03-05,2025-11-10,auto,1300000,5.350784615384615
8074272655952659,0,1,52,M,RS003,E66.9,99.28,2,4,2,3787878,2025-10-13,2025-11-10,manual,1000000,3.787878
1470552949443785,1,0,39,M,RS005,I10,99.04,2,3,4,1883978,2025-06-21,2025-11-10,auto,2000000,0.941989
9240270630048667,1,0,39,M,RS001,Z03.8,93.91,1,1,0,9121502,2025-08-18,2025-11-10,manual,1200000,7.601251666666666
9494277282128680,0,1,46,F,RS006,Z03.8,93.91,2,1,0,6804472,2025-09-23,2025-11-10,manual,1200000,5.670393333333333
3499318732286346,1,1,63,M,RS008,R50.9,99.19,2,1,0,9462645,2025-05-09,2025-11-11,auto,1000000,9.462645
0448266963509804,0,1,52,F,RS005,H25.9,13.1,3,2,1,5366797,2025-07-21,2025-11-11,auto,7500000,0.7155729333333334
9321573699244178,1,1,3,M,RS002,Z34.0,73.0,3,1,2,7432403,2025-07-12,2025-11-11,auto,800000,9.29050375
2270053787197770,0,0,74,F,RS009,J45.9,93.96,3,4,0,992394,2025-06-23,2025-11-11,auto,2300000,0.43147565217391304
2597558266841110,1,1,88,F,RS002,J00,93.9,3,4,0,8306004,2025-07-22,2025-11-11,auto,500000,16.612008
2278189608055610,1,1,8,F,RS009,J45.9,93.96,2,2,0,4775177,2025-10-17,2025-11-11,manual,2300000,2.0761639130434784
1921389090047487,1,1,41,F,RS009,Z34.0,73.0,1,3,1,9979247,2025-10-10,2025-11-11,auto,800000,12.47405875
2988416978253776,1,0,66,M,RS007,N39.0,57.98,1,1,0,622938,2025-11-05,2025-11-11,manual,2200000,0.2831536363636364
1186061537138410,0,1,83,M,RS009,R10.4,45.23,3,3,0,6686813,2025-10-16,2025-11-11,manual,1200000,5.572344166666666
2320200927976298,0,0,40,F,RS006,H25.9,13.4,2,2,0,6182962,2025-10-27,2025-11-11,auto,7500000,0.8243949333333334
7832241239816722,1,0,4,F,RS007,J45.9,93.96,3,3,1,4014741,2024-07-10,2025-11-11,auto,2300000,1.7455395652173913
9529480709556585,1,1,42,M,RS002,K21.0,45.16,3,1,1,4743007,2025-05-05,2025-11-11,auto,1400000,3.3878621428571427
0979208853072185,0,1,40,F,RS007,E11,99.10,1,1,4,5629698,2024-09-25,2025-11-11,manual,2500000,2.2518792
0795999503439731,1,1,88,F,RS003,K29.7,45.16,2,1,1,4311696,2025-06-12,2025-11-11,auto,1700000,2.5362917647058825
6616595234784072,1,1,7,M,RS007,E66.9,99.28,1,1,2,1623910,2025-08-29,2025-11-11,manual,1000000,1.62391
2800803433967044,1,1,87,M,RS004,R10.4,45.23,2,2,1,9483245,2025-08-27,2025-11-11,auto,1200000,7.902704166666667
3164222684055563,1,1,21,F,RS005,E66.9,99.28,1,2,1,7468622,2025-07-02,2025-11-11,auto,1000000,7.468622
0858583419393429,1,0,31,M,RS006,A09,45.23,1,2,2,667818,2024-09-12,2025-11-11,manual,1300000,0.5137061538461538
6285827620470206,1,1,86,M,RS007,J18.9,93.94,2,2,0,9035793,2025-09-24,2025-11-11,manual,4200000,2.1513792857142855
1743353525294579,1,1,4,F,RS007,I25.1,36.15,3,2,7,2806814,2025-09-16,2025-11-11,manual,5000000,0.5613628
2720595790301628,1,1,40,M,RS004,E66.9,99.28,1,4,1,3299199,2024-10-30,2025-11-11,auto,1000000,3.299199
4002087590544944,0,1,46,F,RS010,N39.0,57.94,1,3,0,1507843,2025-08-19,2025-11-11,manual,2200000,0.6853831818181818
3127052948173669,1,1,89,M,RS004,K29.7,45.16,1,4,2,1773396,2025-07-02,2025-11-11,auto,1700000,1.0431741176470588
2549436835722058,1,1,28,F,RS003,N39.0,57.98,1,2,1,553425,2025-08-29,2025-11-11,auto,2200000,0.2515568181818182
9050450729245681,1,1,52,F,RS004,Z03.8,93.91,2,2,0,1736130,2025-03-11,2025-11-11,auto,1200000,1.446775
0248268611161020,1,0,34,M,RS005,I10,99.04,3,2,3,2002000,2024-06-20,2025-11-11,manual,2000000,1.001
8077570284396444,1,1,67,F,RS004,E66.9,99.28,3,3,2,9882835,2025-06-19,2025-11-11,auto,1000000,9.882835
1454855705559301,1,1,15,F,RS004,Z03.8,93.91,1,4,0,9169286,2025-11-06,2025-11-11,manual,1200000,7.641071666666667
3492025524091001,1,0,42,F,RS008,J00,93.9,3,4,0,8820676,2025-11-01,2025-11-11,auto,500000,17.641352
7364736033287509,1,0,9,F,RS004,J00,93.9,3,4,0,6772522,2025-10-23,2025-11-11,manual,500000,13.545044
8202998881568925,0,1,50,F,RS001,J45.9,93.96,1,3,4,5936663,2025-10-31,2025-11-11,auto,2300000,2.5811578260869563
1986540312006229,1,1,66,F,RS002,J45.9,93.96,3,2,0,7486215,2025-05-07,2025-11-11,auto,2300000,3.254876086956522
1470552949443785,1,0,39,M,RS005,I10,99.04,2,4,2,9214675,2024-07-31,2025-11-11,auto,2000000,4.6073375
0429671617048262,0,1,33,F,RS002,M54.5,93.39,1,3,0,1489506,2025-10-01,2025-11-11,auto,1800000,0.8275033333333334
6274457367815168,1,1,22,M,RS005,O80,72.0,2,3,3,8147310,2025-09-05,2025-11-11,auto,3500000,2.3278028571428573
5795065626781183,1,0,49,M,RS007,K21.0,45.16,2,2,1,1619782,2025-10-02,2025-11-11,manual,1400000,1.1569871428571428
3076636346937053,1,0,3,M,RS009,M54.5,93.39,2,4,2,4031453,2025-07-26,2025-11-11,auto,1800000,2.2396961111111113
7177516139966301,1,1,79,F,RS005,R50.9,99.19,2,1,1,3222609,2025-10-06,2025-11-11,auto,1000000,3.222609
3247461850824718,1,0,52,F,RS008,J00,93.9,3,1,1,2713318,2025-10-18,2025-11-11,manual,500000,5.426636
4830091898335094,1,0,47,F,RS002,R50.9,99.19,2,1,0,8686090,2025-08-08,2025-11-11,manual,1000000,8.68609
9805505503767813,1,1,1,M,RS001,J00,93.9,3,2,0,3901085,2025-10-11,2025-11-11,auto,500000,7.80217
7398493674328705,1,1,50,M,RS005,J00,93.9,1,2,0,5875742,2024-11-14,2025-11-11,auto,500000,11.751484
1848999200007838,0,1,44,M,RS010,N39.0,57.98,1,1,0,7659870,2025-10-08,2025-11-11,auto,2200000,3.4817590909090907
5980756888763223,1,1,53,M,RS005,J45.9,93.96,3,3,3,1016235,2025-05-24,2025-11-11,auto,2300000,0.4418413043478261
0675771960912024,0,1,40,M,RS001,E66.9,99.28,2,4,1,1402083,2024-09-24,2025-11-11,manual,1000000,1.402083
3096691485686496,0,1,22,F,RS007,Z03.8,93.91,2,3,0,8068966,2024-02-05,2025-11-11,auto,1200000,6.724138333333333
4669365054300076,1,1,35,F,RS008,M54.5,93.39,1,3,0,3474507,2025-05-07,2025-11-11,manual,1800000,1.9302816666666667
7284777290540942,0,1,74,F,RS004,J00,93.9,2,2,0,2906048,2025-10-24,2025-11-11,manual,500000,5.812096
6924030248521654,1,1,28,F,RS007,A09,45.23,3,3,0,5688427,2024-04-30,2025-11-11,auto,1300000,4.375713076923077
9307321830765653,1,0,76,F,RS002,H25.9,13.4,2,1,1,8388791,2024-10-01,2025-11-11,manual,7500000,1.1185054666666667
7775453601718401,1,0,19,M,RS006,E11,99.10,3,3,2,6166801,2025-11-08,2025-11-11,manual,2500000,2.4667204
9786737746073421,1,0,2,F,RS008,A09,45.23,1,3,2,4449836,2025-05-05,2025-11-11,auto,1300000,3.422950769230769
8639034750764760,1,0,11,F,RS005,J00,93.9,1,4,0,6331042,2024-08-05,2025-11-11,manual,500000,12.662084
7034328662713428,1,1,46,M,RS002,R10.4,87.09,2,1,0,9800374,2024-09-23,2025-11-11,manual,1200000,8.166978333333333
2678864573794008,1,1,51,M,RS009,Z03.8,93.91,1,2,0,4233856,2025-07-30,2025-11-11,manual,1200000,3.5282133333333334
4642203147239080,1,1,65,M,RS005,E11,99.10,2,3,4,6027203,2025-10-01,2025-11-11,auto,2500000,2.4108812
3369253369069562,1,1,55,F,RS009,I10,99.04,2,1,3,3173046,2025-05-02,2025-11-11,manual,2000000,1.586523
2469424367291430,1,1,66,M,RS005,Z34.0,73.0,3,1,4,7633531,2025-10-24,2025-11-11,auto,800000,9.54191375
3020858870331944,0,1,61,F,RS004,Z03.8,93.91,3,3,0,7085461,2025-08-07,2025-11-11,auto,1200000,5.904550833333333
2727632677892605,1,1,84,F,RS006,I10,99.04,2,3,4,540634,2025-10-25,2025-11-11,manual,2000000,0.270317
6554758002152634,1,1,81,F,RS004,R50.9,99.19,3,3,0,6567214,2025-07-19,2025-11-11,manual,1000000,6.567214
2381821715702997,1,1,23,F,RS003,K21.0,45.16,2,4,1,3185198,2025-10-24,2025-11-11,auto,1400000,2.2751414285714286
1124148893738432,1,1,35,M,RS004,Z03.8,93.91,2,3,1,6734055,2025-09-18,2025-11-11,manual,1200000,5.6117125
4513786726789087,1,0,32,M,RS002,O80,72.0,3,4,1,7707405,2025-08-09,2025-11-12,auto,3500000,2.202115714285714
5926062375973350,0,1,28,M,RS005,Z03.8,93.91,1,1,0,9009446,2024-03-08,2025-11-12,manual,1200000,7.5078716666666665
5395427507254849,1,1,84,M,RS001,I10,99.04,3,4,2,3530671,2024-03-29,2025-11-12,auto,2000000,1.7653355
3440914394530166,1,1,21,F,RS008,O80,72.0,2,4,2,8592346,2025-08-21,2025-11-12,auto,3500000,2.454956
4734721018569887,0,1,47,M,RS003,R10.4,45.23,2,1,0,9093132,2025-11-08,2025-11-12,manual,1200000,7.57761
4570723345505603,1,1,41,F,RS002,J18.9,93.94,2,2,1,9833690,2024-10-22,2025-11-12,manual,4200000,2.341354761904762
4925824115009407,1,1,46,M,RS008,I25.1,99.24,2,2,3,7056323,2025-06-04,2025-11-12,manual,5000000,1.4112646
7929733803903486,1,1,22,F,RS002,H25.9,13.1,1,1,0,9557356,2025-05-29,2025-11-12,auto,7500000,1.2743141333333334
5439027553348790,0,1,1,M,RS010,I25.1,99.24,3,1,1,9539666,2025-03-25,2025-11-12,auto,5000000,1.9079332
9998229727361191,1,1,70,F,RS010,E66.9,99.28,2,2,2,4449482,2025-11-06,2025-11-12,auto,1000000,4.449482
7696011005087758,1,0,18,F,RS003,H25.9,13.4,2,1,0,8202057,2025-10-20,2025-11-12,auto,7500000,1.0936076
9922832200918599,1,1,29,F,RS009,E11,99.10,3,4,2,7442538,2025-11-04,2025-11-12,manual,2500000,2.9770152
8821019473111585,0,1,41,F,RS008,O80,72.0,1,3,3,6355099,2025-06-05,2025-11-12,manual,3500000,1.8157425714285715
3584259371813630,1,0,76,F,RS010,O80,72.0,2,1,3,8584742,2025-10-14,2025-11-12,auto,3500000,2.4527834285714287
4973829775419812,0,1,25,M,RS005,N39.0,57.98,2,1,0,3721631,2025-03-20,2025-11-12,auto,2200000,1.6916504545454545
7202313982194516,0,0,38,F,RS010,I25.1,36.15,3,3,3,6570897,2025-09-12,2025-11-12,auto,5000000,1.3141794
4084317206466757,0,0,47,M,RS001,H25.9,13.1,1,1,0,8066234,2025-07-18,2025-11-12,manual,7500000,1.0754978666666666
7090454115709204,0,1,7,M,RS003,A09,45.23,1,3,1,2753931,2025-08-23,2025-11-12,auto,1300000,2.1184084615384617
7744547414875528,1,1,15,M,RS006,O80,72.0,3,1,4,6613783,2025-07-05,2025-11-12,manual,3500000,1.8896522857142857
3084904062959448,0,0,69,F,RS006,N39.0,57.94,3,4,2,9898495,2025-10-02,2025-11-12,auto,2200000,4.499315909090909
0022999433801854,1,1,76,M,RS001,J18.9,96.04,3,3,0,2410465,2025-11-06,2025-11-12,manual,4200000,0.5739202380952381
8571711790200830,1,1,50,F,RS002,O80,72.0,1,3,4,6233837,2025-10-20,2025-11-12,auto,3500000,1.7810962857142858
2387387147008419,1,1,18,M,RS010,R50.9,99.19,1,1,0,3237849,2025-10-29,2025-11-12,manual,1000000,3.237849
1695286776041495,0,1,78,M,RS005,R50.9,99.19,3,3,1,3917832,2025-08-28,2025-11-12,manual,1000000,3.917832
2018595464108504,1,1,39,M,RS001,Z00.0,93.99,1,4,0,2322318,2025-02-19,2025-11-12,auto,700000,3.3175971428571427
8874434686937598,1,1,61,F,RS004,E66.9,99.28,1,1,3,8123459,2025-10-08,2025-11-12,manual,1000000,8.123459
6917791228096906,1,1,22,M,RS006,J45.9,93.96,2,4,1,3424112,2025-11-06,2025-11-12,auto,2300000,1.488744347826087
4536346179659780,1,1,47,F,RS004,Z03.8,93.91,2,4,0,9671080,2025-10-27,2025-11-12,auto,1200000,8.059233333333333
5888079935141854,1,1,6,M,RS001,A09,45.23,1,3,2,8314742,2025-08-08,2025-11-12,manual,1300000,6.395955384615385
9866137637510239,1,1,86,F,RS002,Z00.0,93.99,2,1,0,6621099,2025-10-23,2025-11-12,manual,700000,9.458712857142856
0321989755753476,1,1,16,M,RS002,I25.1,36.15,2,4,2,8737949,2025-09-03,2025-11-12,manual,5000000,1.7475898
0284110343520637,1,1,83,F,RS009,Z00.0,93.99,2,1,0,9564583,2025-01-13,2025-11-12,manual,700000,13.66369
6247945305457062,1,1,85,F,RS007,O80,72.0,1,2,3,4227503,2025-07-07,2025-11-12,auto,3500000,1.207858
1627168483346554,1,1,47,F,RS010,J00,93.9,1,1,0,6009740,2025-04-11,2025-11-12,auto,500000,12.01948
7445330151229645,1,1,56,M,RS009,J00,93.9,3,2,1,5440705,2024-04-29,2025-11-12,manual,500000,10.88141
2630136003057836,0,1,26,M,RS003,J18.9,96.04,2,3,1,4785967,2025-09-05,2025-11-12,auto,4200000,1.1395159523809524
8568418520245529,1,1,41,F,RS005,K29.7,45.16,1,4,3,1452617,2025-10-23,2025-11-12,auto,1700000,0.8544805882352942
6410016264897675,1,1,15,F,RS006,E66.9,99.28,3,2,1,7320263,2025-09-10,2025-11-12,auto,1000000,7.320263
2141287560026288,1,1,59,F,RS004,R10.4,45.23,1,3,0,6177694,2025-10-31,2025-11-12,auto,1200000,5.148078333333333
3639243551209284,0,0,5,M,RS004,M54.5,93.39,2,1,0,2098400,2024-01-08,2025-11-12,auto,1800000,1.1657777777777778
5429829040066753,0,1,78,M,RS010,I25.1,36.15,2,1,2,8310194,2025-09-17,2025-11-12,manual,5000000,1.6620388
2678864573794008,1,1,51,M,RS009,R50.9,99.19,1,3,0,9563415,2025-10-23,2025-11-12,auto,1000000,9.563415
0781336579932879,1,1,79,F,RS009,R50.9,99.19,3,3,0,1378353,2025-08-25,2025-11-12,manual,1000000,1.378353
4881323969410829,0,0,44,F,RS004,I25.1,99.24,2,1,4,5920187,2025-03-21,2025-11-12,manual,5000000,1.1840374
9385626458536316,1,1,73,M,RS002,I10,99.04,3,3,1,9587072,2025-10-27,2025-11-12,manual,2000000,4.793536
0802369540465812,0,1,76,M,RS001,R50.9,99.19,2,4,0,2670081,2025-10-13,2025-11-12,manual,1000000,2.670081
3956183799163794,1,1,54,M,RS008,J00,93.9,1,3,0,2286861,2025-03-03,2025-11-12,auto,500000,4.573722
3993497940265172,0,1,12,F,RS002,A09,45.23,3,3,2,5153215,2025-09-19,2025-11-12,auto,1300000,3.9640115384615386
3993497940265172,0,1,12,F,RS002,K29.7,45.16,2,3,0,2384150,2025-10-21,2025-11-12,manual,1700000,1.4024411764705882
0781336579932879,1,1,79,F,RS009,R50.9,99.19,1,2,0,7676456,2025-07-28,2025-11-12,auto,1000000,7.676456
7554000018774508,0,1,40,M,RS004,R10.4,87.09,2,2,0,6636015,2025-11-03,2025-11-12,auto,1200000,5.5300125
4736925328653281,1,1,10,M,RS008,I10,99.04,3,3,3,9503375,2024-03-14,2025-11-12,manual,2000000,4.7516875
9284902957427888,1,1,9,F,RS005,Z00.0,93.99,2,1,0,9917454,2025-11-06,2025-11-12,auto,700000,14.167791428571428
1048306711750933,1,1,64,F,RS003,J00,93.9,1,3,0,3362713,2025-08-07,2025-11-12,manual,500000,6.725426
9506504402505007,1,0,62,F,RS003,K29.7,45.16,2,4,1,2080927,2025-10-01,2025-11-13,auto,1700000,1.224074705882353
4904655235078615,0,0,22,M,RS002,R10.4,45.23,1,2,0,3074918,2025-07-16,2025-11-13,auto,1200000,2.562431666666667
0460171138262880,1,1,14,M,RS008,N39.0,57.94,2,2,0,4600219,2025-11-07,2025-11-13,manual,2200000,2.0910086363636364
6112131283865695,1,1,17,F,RS003,Z00.0,93.99,3,3,0,5064769,2024-06-12,2025-11-13,manual,700000,7.235384285714286
4566336639334941,0,1,8,M,RS010,N39.0,57.94,3,3,0,3376538,2025-09-11,2025-11-13,manual,2200000,1.53479
7210520182685066,1,1,73,M,RS009,K29.7,45.16,3,2,0,4107099,2025-01-06,2025-11-13,manual,1700000,2.4159405882352942
7531794404588024,0,0,22,M,RS008,I25.1,99.24,1,2,5,5185794,2025-11-01,2025-11-13,manual,5000000,1.0371588
9221730252048830,1,1,15,F,RS006,K29.7,45.16,2,1,0,9473806,2024-10-21,2025-11-13,manual,1700000,5.572827058823529
4881323969410829,0,0,44,F,RS004,I10,99.04,1,3,4,5767987,2025-10-24,2025-11-13,manual,2000000,2.8839935
9700087099945195,1,0,12,M,RS001,J00,93.9,3,1,0,3901185,2025-10-29,2025-11-13,auto,500000,7.80237
3970197232080283,1,1,8,M,RS008,R50.9,99.19,2,3,0,2052569,2024-04-20,2025-11-13,auto,1000000,2.052569
3448410486653596,1,1,22,M,RS008,N39.0,57.94,3,1,2,6013617,2025-03-29,2025-11-13,manual,2200000,2.7334622727272726
6823981214154266,1,0,41,M,RS008,J18.9,96.04,3,4,1,5185735,2024-08-15,2025-11-13,auto,4200000,1.2346988095238096
9279263899401610,0,1,37,F,RS007,M54.5,93.39,1,3,0,7560387,2024-11-01,2025-11-13,manual,1800000,4.200215
7090454115709204,0,1,7,M,RS003,A09,45.23,3,2,0,403367,2025-09-22,2025-11-13,manual,1300000,0.3102823076923077
9355094131738508,0,1,61,M,RS003,Z34.0,73.0,3,3,2,834294,2025-11-01,2025-11-13,auto,800000,1.0428675
5460138326649983,1,0,47,F,RS001,J00,93.9,3,3,1,5577435,2025-11-06,2025-11-13,auto,500000,11.15487
8705947386362240,0,1,35,F,RS008,M54.5,93.39,2,1,1,6591350,2025-09-23,2025-11-13,auto,1800000,3.661861111111111
0044079541257972,0,1,42,F,RS005,Z00.0,93.99,2,4,1,4134627,2025-07-15,2025-11-13,auto,700000,5.90661
9567304089524802,1,0,3,M,RS003,H25.9,13.1,2,1,0,7174754,2025-03-14,2025-11-13,manual,7500000,0.9566338666666667
5933795857371571,1,0,28,F,RS006,R10.4,87.09,1,1,0,8232030,2025-07-14,2025-11-13,manual,1200000,6.860025
9183352926688589,1,0,63,F,RS010,R50.9,99.19,1,3,0,3737086,2025-09-13,2025-11-13,manual,1000000,3.737086
1624824136308085,1,1,32,M,RS001,E11,99.10,3,2,1,6736564,2025-11-06,2025-11-13,manual,2500000,2.6946256
0090678405831073,1,1,18,F,RS004,Z34.0,73.0,1,1,2,5288726,2025-10-07,2025-11-13,auto,800000,6.6109075
5731760137436461,1,1,80,M,RS008,O80,72.0,2,3,2,5216324,2025-06-13,2025-11-13,manual,3500000,1.4903782857142858
5245956282140742,1,1,64,F,RS007,I25.1,36.15,3,3,1,7082405,2025-03-04,2025-11-13,auto,5000000,1.416481
9786613118787270,1,0,83,M,RS008,E11,99.10,1,4,0,3851848,2024-11-19,2025-11-13,manual,2500000,1.5407392
9925017485138222,1,1,56,M,RS009,I10,99.04,2,1,0,2202797,2025-02-07,2025-11-13,auto,2000000,1.1013985
9364915807080024,1,1,67,F,RS002,Z03.8,93.91,2,1,0,2117810,2025-10-14,2025-11-13,auto,1200000,1.7648416666666666
9382064479278505,1,1,65,M,RS005,Z03.8,93.91,2,1,0,2639736,2024-05-10,2025-11-13,auto,1200000,2.19978
3532614438581840,0,0,30,M,RS003,O80,72.0,3,1,2,6338758,2025-04-02,2025-11-13,manual,3500000,1.8110737142857143
8245095095164564,1,1,57,F,RS008,H25.9,13.4,2,3,0,7525768,2025-11-07,2025-11-13,manual,7500000,1.0034357333333332
8365436043131727,1,1,23,F,RS006,I10,99.04,2,1,3,8071669,2025-01-30,2025-11-13,manual,2000000,4.0358345
9487517218764614,1,1,51,M,RS010,E66.9,99.28,3,4,2,419237,2025-10-25,2025-11-13,auto,1000000,0.419237
6183602084233795,1,1,8,M,RS007,K21.0,45.16,3,3,2,7517499,2025-01-22,2025-11-13,auto,1400000,5.369642142857143
4067324326111909,1,0,55,F,RS009,K21.0,45.16,2,3,1,3539957,2024-08-09,2025-11-13,manual,1400000,2.528540714285714
2857095073058460,1,0,90,M,RS002,E11,99.10,1,4,2,1430311,2025-10-04,2025-11-13,manual,2500000,0.5721244
7260672358332250,1,0,60,F,RS008,K21.0,45.16,3,4,1,6821592,2025-10-18,2025-11-13,manual,1400000,4.872565714285714
6614791601019959,0,1,52,F,RS003,I10,99.04,1,1,2,1459949,2024-06-15,2025-11-13,auto,2000000,0.7299745
2226813517358157,1,1,60,F,RS008,H25.9,13.1,3,1,0,1390664,2024-09-26,2025-11-13,manual,7500000,0.18542186666666666
3532614438581840,0,0,30,M,RS003,O80,72.0,1,3,2,8583779,2025-10-17,2025-11-13,auto,3500000,2.452508285714286
0686759932621737,0,1,30,F,RS008,R10.4,87.09,1,2,0,2851194,2024-09-16,2025-11-13,manual,1200000,2.375995
5894985616931757,1,1,15,M,RS005,R10.4,87.09,1,4,0,2244325,2025-07-29,2025-11-13,manual,1200000,1.8702708333333333
4312680510853371,1,0,76,F,RS008,J00,93.9,3,2,1,8616910,2025-08-11,2025-11-13,auto,500000,17.23382
4084317206466757,0,0,47,M,RS001,H25.9,13.5,3,1,0,1932822,2025-01-20,2025-11-13,auto,7500000,0.2577096
7104698512848497,1,1,24,M,RS010,J45.9,93.96,1,3,0,8401837,2025-08-12,2025-11-13,auto,2300000,3.652972608695652
5201789267133296,0,1,76,F,RS008,Z03.8,93.91,2,1,0,5082129,2024-10-21,2025-11-13,manual,1200000,4.2351075
0675771960912024,0,1,40,M,RS001,I10,99.04,2,1,2,5038556,2025-07-24,2025-11-13,manual,2000000,2.519278
3727989503261230,1,1,82,M,RS004,K21.0,45.16,3,3,2,856372,2025-09-16,2025-11-13,auto,1400000,0.6116942857142857
1997123657850108,0,1,46,M,RS001,N39.0,57.98,3,3,0,3396847,2025-08-19,2025-11-13,auto,2200000,1.5440213636363636
9861899505264157,1,0,60,F,RS001,E11,99.10,1,1,2,5469434,2025-11-06,2025-11-13,manual,2500000,2.1877736
0564307949727894,0,0,41,F,RS006,E66.9,99.28,2,2,1,6723976,2025-11-08,2025-11-13,auto,1000000,6.723976
9811238993894138,1,1,60,F,RS007,M54.5,93.39,2,4,0,4412345,2025-10-29,2025-11-13,auto,1800000,2.451302777777778
8993612319161018,0,1,80,F,RS001,J45.9,93.96,2,2,2,6264865,2025-06-16,2025-11-13,manual,2300000,2.723854347826087
2452498976287226,1,1,78,F,RS007,O80,72.0,2,3,2,2355700,2025-10-20,2025-11-13,auto,3500000,0.6730571428571429
4361228077688362,1,1,72,M,RS001,H25.9,13.1,3,4,0,5786189,2025-10-23,2025-11-13,auto,7500000,0.7714918666666667
5765147635522208,1,0,18,F,RS010,Z34.0,73.0,1,1,2,8135535,2024-12-02,2025-11-13,manual,800000,10.16941875
4528213324267390,1,0,81,F,RS007,M54.5,93.39,2,4,0,4598448,2025-05-21,2025-11-13,auto,1800000,2.5546933333333333
1368794128349689,1,1,61,F,RS008,Z00.0,93.99,2,1,0,7490981,2025-09-20,2025-11-13,manual,700000,10.701401428571428
8913879578703433,1,0,15,M,RS005,I25.1,99.24,2,3,2,5083273,2025-09-30,2025-11-13,auto,5000000,1.0166546
0271055334971125,0,1,68,M,RS010,A09,45.23,3,3,1,5090584,2025-01-17,2025-11-14,auto,1300000,3.915833846153846
6071469708144548,1,0,32,F,RS004,K21.0,45.16,2,4,0,3895390,2025-09-23,2025-11-14,manual,1400000,2.7824214285714284
2876152208513884,1,1,24,F,RS003,I25.1,36.15,3,2,3,556528,2025-10-18,2025-11-14,auto,5000000,0.1113056
6651978914319758,1,1,55,F,RS006,J45.9,93.96,2,3,2,862421,2025-10-03,2025-11-14,manual,2300000,0.37496565217391303
6958115592991254,1,0,44,F,RS007,K21.0,45.16,2,1,0,5212313,2025-02-24,2025-11-14,manual,1400000,3.723080714285714
2453869735707110,0,1,83,M,RS007,I25.1,99.24,1,3,3,5629320,2025-10-06,2025-11-14,auto,5000000,1.125864
9759930462560883,1,1,61,M,RS006,Z34.0,73.0,3,4,3,9422229,2025-10-03,2025-11-14,auto,800000,11.77778625
6920885808068841,1,0,18,F,RS008,R10.4,87.09,1,1,0,1105163,2025-04-26,2025-11-14,auto,1200000,0.9209691666666666
5018385476171653,1,1,27,F,RS009,N39.0,57.98,2,4,0,1612767,2025-07-30,2025-11-14,manual,2200000,0.7330759090909091
0027562408572071,1,0,47,F,RS005,I25.1,36.15,1,1,3,5936839,2025-09-29,2025-11-14,auto,5000000,1.1873678
2471692572190061,1,1,29,F,RS007,Z03.8,93.91,3,4,0,4350246,2025-10-25,2025-11-14,manual,1200000,3.625205
7052178650490800,1,1,17,F,RS003,J18.9,96.04,2,2,0,6562429,2025-10-29,2025-11-14,auto,4200000,1.5624830952380953
3671485102522417,1,1,76,F,RS008,K29.7,45.16,2,3,0,9828277,2025-09-02,2025-11-14,auto,1700000,5.781339411764706
8527376827290918,1,1,43,F,RS005,N39.0,57.94,1,1,2,7115143,2025-10-02,2025-11-14,auto,2200000,3.234155909090909
0618267810074962,1,1,63,F,RS009,I10,99.04,1,3,6,7625543,2025-07-21,2025-11-14,manual,2000000,3.8127715
4899946461578634,1,0,17,F,RS004,K29.7,45.16,2,4,4,8628601,2025-07-19,2025-11-14,manual,1700000,5.075647647058823
3396758507509830,1,1,77,M,RS001,K29.7,45.16,2,1,0,7405525,2025-11-06,2025-11-14,auto,1700000,4.356191176470588
2584167558757650,1,0,13,M,RS008,J00,93.9,3,3,1,456087,2025-09-30,2025-11-14,auto,500000,0.912174
5795065626781183,1,0,49,M,RS007,K21.0,45.16,2,4,0,7701073,2025-04-23,2025-11-14,manual,1400000,5.500766428571429
6863319299896812,1,1,82,F,RS010,Z03.8,93.91,2,4,0,3039657,2025-08-27,2025-11-14,auto,1200000,2.5330475
7204848919566770,1,0,55,F,RS004,M54.5,93.39,3,2,2,2255872,2025-10-28,2025-11-14,manual,1800000,1.2532622222222223
2229598609262457,0,1,84,M,RS003,J18.9,93.94,3,3,0,1273130,2025-10-23,2025-11-14,auto,4200000,0.3031261904761905
9284902957427888,1,1,9,F,RS005,R50.9,99.19,1,3,0,6244075,2025-09-27,2025-11-14,manual,1000000,6.244075
9799485508606529,0,1,10,F,RS004,R10.4,87.09,3,1,0,4252237,2025-09-06,2025-11-14,auto,1200000,3.5435308333333335
4693723671941790,1,1,55,F,RS010,N39.0,57.98,3,3,2,8608655,2025-10-10,2025-11-14,manual,2200000,3.913025
1804694688765683,1,1,48,M,RS005,Z00.0,93.99,3,3,1,5064084,2025-10-23,2025-11-14,auto,700000,7.234405714285714
9681365391342537,1,1,87,F,RS009,N39.0,57.94,3,2,2,9529387,2025-07-28,2025-11-14,auto,2200000,4.331539545454546
3354413650232491,1,1,82,M,RS008,J18.9,93.94,1,2,1,1942503,2025-09-08,2025-11-14,auto,4200000,0.46250071428571427
4809536727004661,1,1,46,F,RS008,Z00.0,93.99,1,3,0,1012398,2025-10-30,2025-11-14,manual,700000,1.4462828571428572
4695457982507706,1,1,50,M,RS006,I25.1,36.15,2,2,1,9402198,2025-07-14,2025-11-14,auto,5000000,1.8804396
7918959926855964,0,1,35,F,RS010,Z34.0,73.0,1,1,1,1132446,2025-06-07,2025-11-14,auto,800000,1.4155575
4811871642648489,1,0,83,M,RS005,Z00.0,93.99,3,4,0,8532063,2025-04-11,2025-11-14,auto,700000,12.188661428571429
2402606470461297,1,0,57,M,RS009,N39.0,57.94,3,4,0,7340696,2025-01-09,2025-11-14,manual,2200000,3.33668
2464990556319126,1,1,25,M,RS003,E66.9,99.28,1,4,1,3023380,2025-06-25,2025-11-14,auto,1000000,3.02338
5711219656369910,0,1,29,F,RS003,Z00.0,93.99,2,2,0,1349115,2024-04-02,2025-11-14,auto,700000,1.9273071428571429
5496081253501629,1,1,61,F,RS004,N39.0,57.94,3,1,1,5665334,2024-01-04,2025-11-14,manual,2200000,2.5751518181818183
4246634379700811,1,1,68,M,RS007,E11,99.10,2,3,1,1437823,2025-11-03,2025-11-14,auto,2500000,0.5751292
3793726523782804,1,1,21,M,RS009,K21.0,45.16,3,1,0,2570705,2025-11-04,2025-11-14,auto,1400000,1.8362178571428571
4678056263022800,1,1,63,M,RS006,K21.0,45.16,2,2,2,1014737,2025-10-18,2025-11-14,manual,1400000,0.7248121428571429
4719037266815746,1,0,59,F,RS007,R10.4,87.09,2,3,0,2418606,2024-12-14,2025-11-14,auto,1200000,2.015505
9493247457207057,1,1,17,M,RS002,Z34.0,73.0,2,4,3,6634147,2025-11-08,2025-11-14,manual,800000,8.29268375
9882208242111557,1,1,85,M,RS002,E11,99.10,3,2,2,1992721,2025-08-09,2025-11-14,manual,2500000,0.7970884
9389866854122713,1,1,55,M,RS001,Z03.8,93.91,1,2,1,4666997,2025-01-02,2025-11-15,auto,1200000,3.8891641666666668
4759901074054856,1,1,62,M,RS010,M54.5,93.39,1,2,0,3666512,2025-10-06,2025-11-15,manual,1800000,2.036951111111111
4150380157685581,1,1,71,M,RS002,K21.0,45.16,2,3,0,2277743,2025-01-25,2025-11-15,auto,1400000,1.6269592857142856
9459198491869997,0,1,11,M,RS002,R50.9,99.19,2,2,1,2451566,2025-07-21,2025-11-15,manual,1000000,2.451566
6249279323195675,1,1,90,M,RS001,I25.1,36.15,3,1,4,9917937,2024-09-11,2025-11-15,auto,5000000,1.9835874
8283636540494355,1,1,69,F,RS004,I25.1,99.24,3,2,4,4660260,2025-06-12,2025-11-15,manual,5000000,0.932052
6268317836288887,1,1,30,F,RS004,R10.4,45.23,2,1,0,5274666,2025-08-25,2025-11-15,auto,1200000,4.395555
6486974534734204,1,1,69,M,RS001,K21.0,45.16,2,4,2,658082,2025-11-03,2025-11-15,manual,1400000,0.47005857142857144
3825819792221445,1,1,14,F,RS003,A09,45.23,3,4,0,3997201,2025-09-18,2025-11-15,manual,1300000,3.07477
9879803914199190,1,1,54,M,RS007,N39.0,57.98,2,3,1,8808997,2025-11-03,2025-11-15,auto,2200000,4.004089545454545
8446090480072456,1,1,40,M,RS003,J45.9,93.96,1,2,1,9279476,2025-11-08,2025-11-15,manual,2300000,4.034554782608696
6528030147928783,0,1,30,M,RS008,J18.9,96.04,3,4,0,7035069,2024-10-17,2025-11-15,auto,4200000,1.6750164285714286
6582997103923122,1,1,9,M,RS009,H25.9,13.4,1,3,0,4766379,2025-09-24,2025-11-15,auto,7500000,0.6355172
2661855889819557,1,1,69,F,RS005,J18.9,96.04,2,1,1,6992875,2024-10-26,2025-11-15,auto,4200000,1.664970238095238
8040716160541472,1,1,22,F,RS007,M54.5,93.39,3,3,0,3067342,2025-01-30,2025-11-15,manual,1800000,1.704078888888889
1481381214925734,1,1,15,M,RS005,Z00.0,93.99,1,2,0,1552663,2025-10-16,2025-11-15,auto,700000,2.21809
2997725283611160,1,0,28,F,RS005,I10,99.04,3,1,3,5321359,2025-09-25,2025-11-15,auto,2000000,2.6606795
7373476841002720,0,1,31,F,RS001,I25.1,36.15,1,2,2,8237396,2025-09-18,2025-11-15,auto,5000000,1.6474792
9229996914739664,0,0,84,F,RS010,N39.0,57.94,3,4,2,4105676,2025-09-20,2025-11-15,auto,2200000,1.8662163636363636
5985548016474506,0,1,72,M,RS002,M54.5,93.39,1,3,0,3344595,2025-10-29,2025-11-15,manual,1800000,1.8581083333333333
1778677321351188,1,1,56,M,RS003,I10,99.04,1,3,3,1587790,2024-11-16,2025-11-15,manual,2000000,0.793895
1097973856153604,1,1,42,M,RS001,O80,72.0,1,3,3,5624019,2025-10-13,2025-11-15,auto,3500000,1.6068625714285714
5704343130905244,0,0,53,F,RS001,H25.9,13.4,2,2,0,4069643,2024-06-14,2025-11-15,auto,7500000,0.5426190666666667
2565240766557267,0,1,16,F,RS010,I10,99.04,2,2,3,737486,2024-10-24,2025-11-15,auto,2000000,0.368743
6089237954325745,1,0,5,M,RS003,R10.4,45.23,1,1,1,1652601,2024-02-12,2025-11-15,manual,1200000,1.3771675
6387830859957738,1,1,79,M,RS009,O80,72.0,1,4,1,1613167,2024-10-17,2025-11-15,manual,3500000,0.4609048571428571
4082835171662349,1,1,2,M,RS010,R50.9,99.19,2,1,0,8519717,2025-04-28,2025-11-15,manual,1000000,8.519717
6316736861878312,1,1,42,F,RS010,N39.0,57.98,3,2,4,8964634,2025-08-09,2025-11-15,auto,2200000,4.074833636363636
3679347313055052,0,1,24,F,RS003,R50.9,99.19,3,4,0,587192,2025-09-18,2025-11-15,manual,1000000,0.587192
4153907345070056,1,1,78,M,RS006,Z34.0,73.0,2,2,3,3984229,2025-03-15,2025-11-15,manual,800000,4.98028625
0200560463621753,1,1,74,F,RS008,J18.9,96.04,2,2,3,8221814,2025-10-09,2025-11-15,auto,4200000,1.9575747619047619
9633153199749701,0,1,90,M,RS007,N39.0,57.94,1,4,1,3749009,2024-12-06,2025-11-15,auto,2200000,1.704095
1493419468448991,1,1,5,F,RS003,J18.9,96.04,2,4,2,2181989,2025-11-06,2025-11-15,auto,4200000,0.5195211904761905
8808508442265323,1,1,9,M,RS008,J00,93.9,3,2,0,1893931,2025-10-21,2025-11-15,auto,500000,3.787862
0174780121696796,1,0,30,F,RS005,Z03.8,93.91,2,4,1,7088479,2025-11-03,2025-11-15,manual,1200000,5.907065833333333
1338292400331134,1,1,77,F,RS009,Z34.0,73.0,1,1,2,5079474,2025-03-10,2025-11-15,manual,800000,6.3493425
1634455937541773,0,1,12,F,RS004,E66.9,99.28,1,3,2,2985617,2025-11-01,2025-11-15,auto,1000000,2.985617
1695286776041495,0,1,78,M,RS005,R50.9,99.19,1,3,0,8480328,2025-08-09,2025-11-15,manual,1000000,8.480328
0066014968386956,1,0,2,F,RS008,M54.5,93.39,1,4,1,762732,2024-01-15,2025-11-15,auto,1800000,0.42374
8192619147946310,1,1,63,F,RS001,K29.7,45.16,1,2,4,5225827,2025-04-15,2025-11-15,auto,1700000,3.074015882352941
5242892784396581,1,0,79,F,RS002,M54.5,93.39,3,3,0,7138841,2025-04-28,2025-11-15,auto,1800000,3.966022777777778
0728825820104915,1,1,50,M,RS009,J45.9,93.96,3,2,2,8111977,2025-07-03,2025-11-15,auto,2300000,3.5269465217391303
4842158416680125,1,1,86,M,RS008,H25.9,13.5,1,2,0,5112197,2025-04-24,2025-11-15,auto,7500000,0.6816262666666667
1679499139191819,1,1,47,M,RS003,A09,45.23,1,4,0,3246802,2025-07-03,2025-11-15,manual,1300000,2.49754
0026950361518025,1,0,74,M,RS008,Z03.8,93.91,2,2,0,5374953,2025-08-16,2025-11-15,manual,1200000,4.4791275
3939959990377015,0,0,13,F,RS003,I25.1,99.24,3,1,5,9460554,2025-09-22,2025-11-15,auto,5000000,1.8921108
5223021224632928,1,1,65,F,RS002,R50.9,99.19,1,3,0,6290936,2024-02-23,2025-11-15,manual,1000000,6.290936
8231782736277653,1,1,5,M,RS007,N39.0,57.98,2,1,2,5080081,2025-10-06,2025-11-15,auto,2200000,2.309127727272727
2699632373607150,1,1,2,F,RS004,I10,99.04,3,2,2,3479050,2025-09-29,2025-11-15,manual,2000000,1.739525
2691967737658266,0,1,12,M,RS002,Z34.0,73.0,2,3,2,6561759,2025-04-07,2025-11-15,manual,800000,8.20219875
8428382365331610,0,1,67,M,RS004,I10,99.04,3,4,4,1831908,2025-10-20,2025-11-15,auto,2000000,0.915954
3365828762666386,1,1,77,F,RS002,H25.9,13.5,1,4,0,3517055,2024-08-01,2025-11-15,manual,7500000,0.4689406666666667
8310456410787226,1,1,79,M,RS007,R10.4,87.09,2,1,0,4946033,2025-03-29,2025-11-15,auto,1200000,4.121694166666667
2307318202106307,1,1,64,M,RS001,A09,45.23,2,3,3,1416349,2025-11-07,2025-11-15,auto,1300000,1.0894992307692308
8235412019447657,1,1,18,F,RS010,I10,99.04,2,3,2,7302671,2025-08-14,2025-11-15,manual,2000000,3.6513355
8851083312135006,1,1,46,M,RS006,J45.9,93.96,3,3,0,6801382,2025-03-15,2025-11-15,manual,2300000,2.957122608695652
1768503421839011,1,1,86,F,RS007,A09,45.23,3,2,0,3831647,2025-03-22,2025-11-17,auto,1300000,2.947420769230769
6423495525902165,1,1,80,M,RS004,K21.0,45.16,3,1,1,2090870,2025-09-08,2025-11-17,manual,1400000,1.4934785714285714
1679499139191819,1,1,47,M,RS003,A09,45.23,3,1,0,3476804,2025-09-15,2025-11-17,manual,1300000,2.674464615384615
1265114964492096,1,1,24,F,RS007,I10,99.04,3,2,2,1636179,2025-03-05,2025-11-17,manual,2000000,0.8180895
5641269859740584,0,1,80,M,RS001,I25.1,99.24,1,3,3,9169721,2025-09-10,2025-11-17,manual,5000000,1.8339442
5575277090222754,0,1,9,F,RS006,K29.7,45.16,3,1,1,8400435,2025-10-28,2025-11-17,auto,1700000,4.9414323529411766
8493060587390848,0,0,36,F,RS001,O80,72.0,2,1,1,4525535,2025-07-19,2025-11-17,manual,3500000,1.29301
7182473329903077,1,1,18,M,RS010,N39.0,57.94,2,1,0,4444589,2025-09-29,2025-11-17,manual,2200000,2.0202677272727274
9925017485138222,1,1,56,M,RS009,I10,99.04,2,4,3,8687287,2025-09-10,2025-11-17,manual,2000000,4.3436435
1341603970729269,1,0,59,F,RS003,M54.5,93.39,2,3,0,3452397,2024-12-09,2025-11-17,auto,1800000,1.9179983333333332
7959702629151186,0,1,66,M,RS003,R50.9,99.19,2,3,0,7335058,2025-10-08,2025-11-17,auto,1000000,7.335058
1768503421839011,1,1,86,F,RS007,A09,45.23,3,4,1,3643690,2025-06-07,2025-11-17,manual,1300000,2.8028384615384616
2699256493551579,0,1,61,M,RS007,J18.9,96.04,3,2,1,5418441,2025-10-31,2025-11-17,auto,4200000,1.290105
0979208853072185,0,1,40,F,RS007,E11,99.10,3,2,4,1222900,2025-03-12,2025-11-17,auto,2500000,0.48916
8428382365331610,0,1,67,M,RS004,I10,99.04,2,4,1,7038341,2024-07-17,2025-11-17,auto,2000000,3.5191705
5895244692976785,1,0,61,F,RS005,K29.7,45.16,3,1,1,9265824,2025-07-22,2025-11-17,manual,1700000,5.450484705882353
6462214513185217,1,1,14,M,RS002,H25.9,13.5,3,4,0,4812560,2025-08-19,2025-11-17,manual,7500000,0.6416746666666666
9977956565515420,1,1,64,F,RS001,J18.9,96.04,1,2,1,9632244,2024-11-05,2025-11-17,manual,4200000,2.2933914285714287
3861297914008947,0,1,76,F,RS004,J18.9,93.94,1,2,1,8809280,2025-07-30,2025-11-17,manual,4200000,2.0974476190476192
6821489080645111,1,1,14,F,RS001,M54.5,93.39,1,2,0,9923014,2025-09-26,2025-11-17,manual,1800000,5.512785555555555
3306596369955052,0,1,39,F,RS003,N39.0,57.94,1,2,0,4108263,2025-08-19,2025-11-17,manual,2200000,1.8673922727272727
9679841648167002,1,1,59,M,RS007,Z00.0,93.99,1,3,0,3731116,2025-09-22,2025-11-17,auto,700000,5.330165714285714
9367790213174776,1,1,26,M,RS004,K29.7,45.16,2,1,1,9898168,2024-10-12,2025-11-17,manual,1700000,5.822451764705883
0397987216459530,0,1,57,M,RS005,Z03.8,93.91,2,3,2,5958279,2025-09-27,2025-11-17,manual,1200000,4.9652325
2845381209385822,1,0,10,M,RS002,E11,99.10,2,3,2,6201545,2025-01-24,2025-11-17,auto,2500000,2.480618
9364915807080024,1,1,67,F,RS002,Z03.8,93.91,2,3,0,6211658,2025-09-06,2025-11-17,auto,1200000,5.176381666666667
4759901074054856,1,1,62,M,RS010,M54.5,93.39,3,3,0,2978540,2025-10-16,2025-11-17,manual,1800000,1.6547444444444444
1587085691611019,1,1,27,F,RS006,I25.1,36.15,1,1,3,8874019,2025-10-21,2025-11-17,auto,5000000,1.7748038
8221205651521330,0,1,59,F,RS001,M54.5,93.39,1,3,0,5573323,2024-07-16,2025-11-17,auto,1800000,3.0962905555555555
8628608510978748,1,0,50,F,RS010,E66.9,99.28,1,3,1,2447322,2025-10-04,2025-11-17,manual,1000000,2.447322
7477463114859568,1,1,59,M,RS001,I10,99.04,2,2,2,8503176,2025-10-27,2025-11-17,manual,2000000,4.251588
1472002978083637,1,1,20,M,RS004,M54.5,93.39,3,4,1,3433616,2024-11-16,2025-11-17,auto,1800000,1.9075644444444444
1505327285243202,0,0,15,F,RS004,I10,99.04,3,1,5,9036721,2024-07-09,2025-11-17,manual,2000000,4.5183605
4432992918096198,0,1,52,F,RS006,J00,93.9,2,1,0,6733894,2025-09-10,2025-11-17,manual,500000,13.467788
0397132073198070,1,1,6,M,RS009,E11,99.10,1,4,1,4475254,2025-10-30,2025-11-17,manual,2500000,1.7901016
5445263605743361,1,0,89,M,RS006,J18.9,93.94,2,4,1,5412397,2024-01-05,2025-11-17,manual,4200000,1.2886659523809523
5621396989972660,0,1,90,F,RS005,J00,93.9,2,3,0,3429562,2024-03-01,2025-11-17,auto,500000,6.859124
8957368642744519,1,1,39,M,RS010,J18.9,93.94,2,2,1,8374068,2025-09-09,2025-11-17,auto,4200000,1.9938257142857143
7214269751176882,1,1,23,M,RS009,J18.9,96.04,1,3,1,7319702,2025-09-19,2025-11-17,manual,4200000,1.7427861904761905
9031034793383396,0,1,53,F,RS003,M54.5,93.39,1,1,0,5040298,2025-01-02,2025-11-17,auto,1800000,2.8001655555555556
2923959800363212,1,1,15,M,RS007,J18.9,93.94,2,4,4,1687998,2025-02-25,2025-11-17,auto,4200000,0.4019042857142857
5711219656369910,0,1,29,F,RS003,E11,99.10,3,4,1,9124850,2025-10-13,2025-11-17,manual,2500000,3.64994
7386173404836002,1,1,15,M,RS001,J18.9,96.04,1,2,0,931954,2025-02-07,2025-11-17,auto,4200000,0.22189380952380952
7592529427228462,0,0,22,M,RS004,I25.1,99.24,1,3,3,1703964,2025-10-20,2025-11-17,manual,5000000,0.3407928
3956719867816458,1,0,80,M,RS010,K29.7,45.16,1,4,3,9656185,2025-06-05,2025-11-17,auto,1700000,5.6801088235294115
9572252825974371,0,1,49,F,RS008,M54.5,93.39,3,1,0,7881367,2025-10-15,2025-11-17,auto,1800000,4.3785372222222225
6092388103827119,1,1,88,F,RS002,H25.9,13.1,3,3,0,2032953,2025-05-09,2025-11-17,manual,7500000,0.2710604
1513790145967014,1,1,69,F,RS007,O80,72.0,1,2,2,2923312,2025-06-07,2025-11-17,manual,3500000,0.835232
7801096351077466,0,1,24,F,RS005,H25.9,13.1,3,1,0,8560462,2025-08-21,2025-11-17,manual,7500000,1.1413949333333333
2174596819423931,1,0,2,M,RS004,R50.9,99.19,3,3,0,6344396,2025-10-11,2025-11-17,auto,1000000,6.344396
9347210202087893,0,1,13,F,RS004,K29.7,45.16,2,2,2,3980097,2025-06-23,2025-11-17,auto,1700000,2.3412335294117645
2670287680681170,1,1,43,M,RS004,Z34.0,73.0,1,4,2,9793715,2025-10-21,2025-11-17,auto,800000,12.24214375
9905810790061006,0,1,64,F,RS001,J45.9,93.96,1,1,1,2110635,2025-09-08,2025-11-17,auto,2300000,0.9176673913043478
3935392790190888,1,1,75,M,RS009,R10.4,45.23,2,2,0,8545366,2025-02-04,2025-11-17,auto,1200000,7.121138333333334
7639827857392524,1,1,88,F,RS010,A09,45.23,1,3,2,7841708,2024-02-03,2025-11-17,manual,1300000,6.032083076923077
6027000885549999,0,1,71,M,RS002,J18.9,93.94,2,2,1,5945720,2025-01-01,2025-11-17,manual,4200000,1.415647619047619
2858505853582813,0,1,10,M,RS010,R50.9,99.19,2,3,2,1630511,2025-09-25,2025-11-18,auto,1000000,1.630511
5281676812688291,1,1,41,F,RS003,N39.0,57.94,3,1,0,9544870,2025-11-08,2025-11-18,auto,2200000,4.338577272727273
9959670986869068,1,0,44,F,RS003,I25.1,99.24,2,3,2,8162548,2025-11-07,2025-11-18,manual,5000000,1.6325096
7579017205455543,1,0,17,F,RS007,A09,45.23,1,1,0,558523,2024-06-20,2025-11-18,manual,1300000,0.4296330769230769
4410730493672695,1,1,62,M,RS009,I25.1,99.24,1,1,3,1061279,2025-04-28,2025-11-18,manual,5000000,0.2122558
5335053585479344,1,0,4,F,RS003,H25.9,13.1,2,3,0,5675641,2025-03-08,2025-11-18,manual,7500000,0.7567521333333334
1977629979314827,1,1,51,F,RS005,K21.0,45.16,3,1,3,8424243,2025-11-04,2025-11-18,auto,1400000,6.017316428571428
3506399569159956,1,1,43,F,RS008,N39.0,57.94,1,2,0,4775247,2024-09-19,2025-11-18,auto,2200000,2.1705668181818183
8356358904030179,1,0,79,M,RS007,R50.9,99.19,1,3,0,3351902,2025-10-30,2025-11-18,auto,1000000,3.351902
7744547414875528,1,1,15,M,RS006,Z34.0,73.0,2,1,3,7721502,2025-09-24,2025-11-18,auto,800000,9.6518775
2625979664172984,1,0,90,F,RS005,I25.1,36.15,1,3,3,5254518,2025-11-07,2025-11-18,manual,5000000,1.0509036
2049891277266700,0,1,7,M,RS001,J00,93.9,1,3,0,5390856,2025-04-25,2025-11-18,auto,500000,10.781712
8822472690099623,1,1,30,F,RS008,Z00.0,93.99,3,3,0,2552987,2025-07-23,2025-11-18,auto,700000,3.647124285714286
8552871560518504,1,1,20,M,RS009,Z34.0,73.0,1,3,3,3364079,2025-06-26,2025-11-18,auto,800000,4.20509875
6197252577583510,1,1,74,F,RS001,I10,99.04,3,1,2,2693156,2025-10-24,2025-11-18,auto,2000000,1.346578
4142774471819460,0,1,71,F,RS001,K21.0,45.16,3,2,1,515133,2025-08-16,2025-11-18,manual,1400000,0.36795214285714284
2693409025539426,1,1,44,F,RS004,R10.4,45.23,3,1,0,7932606,2025-10-07,2025-11-18,manual,1200000,6.610505
6749755793511452,1,0,82,F,RS007,H25.9,13.4,2,3,0,994685,2024-02-09,2025-11-18,auto,7500000,0.13262466666666667
8991649535869355,1,1,64,M,RS006,J45.9,93.96,2,2,1,4470578,2025-10-18,2025-11-18,auto,2300000,1.9437295652173914
8142924535919896,1,0,69,M,RS010,R50.9,99.19,2,1,0,8279558,2025-01-17,2025-11-18,manual,1000000,8.279558
6707844389464178,1,0,6,F,RS002,H25.9,13.1,1,2,0,618873,2025-08-18,2025-11-18,manual,7500000,0.0825164
7381422358669735,1,0,82,F,RS001,H25.9,13.1,2,3,0,6574884,2025-09-24,2025-11-18,manual,7500000,0.8766512
6066919408236976,0,1,40,M,RS001,I10,99.04,3,4,3,6047751,2025-09-06,2025-11-18,auto,2000000,3.0238755
5306817228226174,0,1,35,F,RS005,J18.9,93.94,2,2,0,2649401,2025-10-16,2025-11-18,auto,4200000,0.6308097619047619
6249279323195675,1,1,90,M,RS001,I25.1,36.15,2,3,1,9845498,2025-11-07,2025-11-18,manual,5000000,1.9690996
5948843158402314,1,1,24,F,RS009,J18.9,96.04,2,3,0,8775619,2025-02-27,2025-11-18,auto,4200000,2.0894330952380953
4453182788104814,0,1,48,M,RS009,R10.4,45.23,2,2,0,8901703,2025-11-04,2025-11-18,manual,1200000,7.4180858333333335
0426990422524751,1,1,52,M,RS010,H25.9,13.4,3,3,1,5665578,2025-10-06,2025-11-18,manual,7500000,0.7554104
6359534663487435,1,0,76,F,RS001,J45.9,93.96,3,3,0,1317399,2025-10-28,2025-11-18,auto,2300000,0.5727821739130434
7944673778450307,1,1,87,F,RS007,A09,45.23,1,1,0,631270,2024-08-13,2025-11-18,auto,1300000,0.4855923076923077
1501479587674742,1,1,8,M,RS009,H25.9,13.1,3,1,0,8497529,2025-10-22,2025-11-18,auto,7500000,1.1330038666666666
7369417750167669,1,0,63,F,RS004,Z00.0,93.99,1,2,2,1970510,2024-12-02,2025-11-18,manual,700000,2.8150142857142857
0848093134701863,1,1,57,F,RS003,R50.9,99.19,3,1,0,8125799,2025-07-07,2025-11-18,manual,1000000,8.125799
9011640907927747,1,0,46,M,RS003,I10,99.04,1,1,4,7092121,2025-07-09,2025-11-18,manual,2000000,3.5460605
4862518211759183,1,0,62,M,RS005,E66.9,99.28,2,4,2,1608479,2024-09-04,2025-11-18,manual,1000000,1.608479
2467496622622119,1,1,80,F,RS004,J00,93.9,2,4,0,3226902,2024-12-12,2025-11-18,auto,500000,6.453804
0587769801487438,1,1,35,M,RS001,Z03.8,93.91,1,1,0,3108258,2024-08-23,2025-11-18,auto,1200000,2.590215
2387727721875511,1,1,63,F,RS008,J00,93.9,2,2,1,8549749,2025-08-04,2025-11-18,manual,500000,17.099498
1764240686273313,1,1,77,M,RS007,J00,93.9,2,1,3,2288107,2025-08-14,2025-11-18,manual,500000,4.576214
3002400676640339,1,1,69,M,RS009,J00,93.9,3,1,1,829970,2025-10-30,2025-11-18,manual,500000,1.65994
0587769801487438,1,1,35,M,RS001,Z03.8,93.91,2,2,0,1189023,2025-05-12,2025-11-18,auto,1200000,0.9908525
5319134666351263,1,1,22,F,RS003,R50.9,99.19,2,1,0,2278575,2024-02-26,2025-11-18,manual,1000000,2.278575
0859927001959307,0,1,35,F,RS004,O80,72.0,2,3,2,2805509,2025-03-25,2025-11-18,manual,3500000,0.801574
9499830523423665,1,1,59,M,RS004,K21.0,45.16,3,4,1,2652811,2025-10-25,2025-11-18,auto,1400000,1.894865
5756689233132963,1,1,62,M,RS006,R10.4,45.23,3,2,0,9518171,2025-11-08,2025-11-18,manual,1200000,7.931809166666667
0781336579932879,1,1,79,F,RS009,R50.9,99.19,1,4,0,2534126,2025-09-17,2025-11-18,manual,1000000,2.534126
9631316160005272,1,0,74,F,RS004,E66.9,99.28,3,4,4,8047663,2025-10-18,2025-11-18,auto,1000000,8.047663
6127807157175443,1,1,79,F,RS008,Z34.0,73.0,3,3,3,1435089,2025-11-04,2025-11-18,auto,800000,1.79386125
3030519942786973,1,1,44,F,RS004,O80,72.0,3,4,2,2813223,2025-09-08,2025-11-18,manual,3500000,0.803778
4894790397487634,1,1,5,F,RS003,Z34.0,73.0,2,1,2,8851761,2025-11-06,2025-11-18,manual,800000,11.06470125
7084479290251865,0,0,62,F,RS009,A09,45.23,1,2,2,3169729,2024-12-31,2025-11-18,auto,1300000,2.438253076923077
3648513951558433,1,1,2,F,RS008,N39.0,57.94,3,2,0,4442541,2025-07-03,2025-11-18,auto,2200000,2.0193368181818183
3441352247702737,1,0,39,M,RS006,M54.5,93.39,1,1,0,4370716,2025-09-04,2025-11-18,auto,1800000,2.4281755555555558
8858142305852110,1,1,52,M,RS005,Z03.8,93.91,1,3,1,7891759,2025-10-01,2025-11-18,manual,1200000,6.576465833333334
5636269082375464,1,1,2,M,RS001,M54.5,93.39,2,4,1,1119191,2024-06-08,2025-11-18,manual,1800000,0.6217727777777777
1017927327616206,0,1,45,M,RS002,M54.5,93.39,1,3,0,1977715,2025-05-02,2025-11-18,auto,1800000,1.0987305555555555
2453869735707110,0,1,83,M,RS007,I25.1,99.24,3,2,1,2745449,2025-09-16,2025-11-18,manual,5000000,0.5490898
4178339311928578,0,1,32,M,RS006,J00,93.9,3,3,0,2975982,2024-03-27,2025-11-18,manual,500000,5.951964
8497982321560447,1,0,56,F,RS004,K21.0,45.16,1,3,0,5826842,2024-03-28,2025-11-18,manual,1400000,4.16203
4464407472945663,1,1,5,F,RS002,Z00.0,93.99,1,1,0,2874553,2025-07-09,2025-11-18,manual,700000,4.106504285714285
7929733803903486,1,1,22,F,RS002,H25.9,13.5,2,2,0,2646108,2025-05-30,2025-11-18,manual,7500000,0.3528144
4336979296302095,1,1,37,F,RS003,K21.0,45.16,2,2,0,6127894,2025-11-08,2025-11-18,manual,1400000,4.377067142857143
6799403522212861,1,1,70,M,RS001,O80,72.0,1,2,2,4994807,2025-08-23,2025-11-18,auto,3500000,1.4270877142857143
1402693151921931,1,1,47,F,RS006,J45.9,93.96,2,3,0,8427757,2025-11-03,2025-11-18,auto,2300000,3.6642421739130433
2402606470461297,1,0,57,M,RS009,N39.0,57.98,2,1,2,5234408,2024-11-28,2025-11-18,manual,2200000,2.3792763636363636
4118607022361637,0,0,2,M,RS006,Z34.0,73.0,2,4,2,4238992,2025-10-16,2025-11-19,manual,800000,5.29874
2045574988312742,0,1,48,F,RS009,Z00.0,93.99,3,2,0,3568195,2025-09-13,2025-11-19,auto,700000,5.097421428571429
3179651798346382,1,1,28,M,RS009,I25.1,36.15,1,2,0,1423701,2025-07-08,2025-11-19,manual,5000000,0.2847402
2387387147008419,1,1,18,M,RS010,R50.9,99.19,3,1,0,8650285,2025-10-01,2025-11-19,auto,1000000,8.650285
6980702514899927,1,1,89,F,RS002,I25.1,99.24,3,3,1,3885309,2025-08-11,2025-11-19,manual,5000000,0.7770618
4108041382339678,1,1,5,F,RS004,Z34.0,73.0,2,3,2,9377848,2025-10-20,2025-11-19,manual,800000,11.72231
6269287672880053,1,1,33,F,RS010,H25.9,13.4,1,1,0,7726732,2024-12-07,2025-11-19,auto,7500000,1.0302309333333333
8040716160541472,1,1,22,F,RS007,J45.9,93.96,1,2,0,1789494,2025-11-03,2025-11-19,auto,2300000,0.7780408695652173
9805505503767813,1,1,1,M,RS001,J00,93.9,1,3,0,704665,2025-09-15,2025-11-19,auto,500000,1.40933
7017525309747504,0,0,37,M,RS002,J00,93.9,1,2,1,6212195,2025-08-01,2025-11-19,auto,500000,12.42439
6920885808068841,1,0,18,F,RS003,R10.4,87.09,1,2,0,1918084,2025-11-08,2025-11-19,auto,1200000,1.5984033333333334
1977629979314827,1,1,51,F,RS005,K21.0,45.16,3,3,2,2063910,2025-03-12,2025-11-19,auto,1400000,1.4742214285714286
7944673778450307,1,1,87,F,RS007,K21.0,45.16,3,1,1,1856844,2025-10-29,2025-11-19,auto,1400000,1.3263171428571428
1908988265088379,1,1,26,M,RS005,Z03.8,93.91,3,1,0,4100780,2025-04-26,2025-11-19,auto,1200000,3.417316666666667
2584167558757650,1,0,13,M,RS008,J00,93.9,1,2,0,6306313,2025-10-22,2025-11-19,auto,500000,12.612626
0771642427613130,1,1,40,F,RS008,J00,93.9,3,2,1,795294,2025-04-07,2025-11-19,manual,500000,1.590588
7456509477882515,1,1,48,F,RS009,E11,99.10,1,4,0,8787845,2025-10-29,2025-11-19,manual,2500000,3.515138
3879706923493545,1,1,84,M,RS009,O80,72.0,2,4,2,4626824,2024-12-20,2025-11-19,auto,3500000,1.3219497142857144
6125610440685758,1,1,47,M,RS008,J00,93.9,1,4,1,668937,2024-05-17,2025-11-19,manual,500000,1.337874
2891880979189409,1,0,53,M,RS005,J00,93.9,3,1,0,867713,2024-11-22,2025-11-19,auto,500000,1.735426
1097973856153604,1,1,42,M,RS001,O80,72.0,1,3,2,6862796,2025-04-12,2025-11-19,auto,3500000,1.9607988571428572
3412006613222126,0,1,59,M,RS005,J45.9,93.96,1,3,0,6629587,2025-10-08,2025-11-19,auto,2300000,2.8824291304347827
5544288486154092,1,1,43,F,RS010,J45.9,93.96,2,4,0,7752648,2025-10-17,2025-11-19,auto,2300000,3.3707165217391304
5024553014223722,1,1,27,M,RS004,J00,93.9,1,3,0,4675387,2025-04-29,2025-11-19,manual,500000,9.350774
0615307926722045,0,0,70,F,RS006,R50.9,99.19,2,1,0,7971492,2025-11-07,2025-11-19,auto,1000000,7.971492
1097973856153604,1,1,42,M,RS001,Z34.0,73.0,3,1,2,3595389,2024-12-02,2025-11-19,manual,800000,4.49423625
7233946956374854,1,1,50,F,RS009,I25.1,36.15,2,4,1,471983,2024-10-18,2025-11-19,auto,5000000,0.0943966
0869872944635375,1,1,73,F,RS006,I10,99.04,2,3,3,9835236,2025-11-08,2025-11-19,auto,2000000,4.917618
1309726032011272,1,1,87,F,RS008,H25.9,13.1,2,3,0,5790828,2024-12-27,2025-11-19,auto,7500000,0.7721104
9235098062820264,1,1,21,M,RS004,A09,45.23,1,3,0,9146242,2025-04-23,2025-11-19,manual,1300000,7.03557076923077
1783753481312685,1,1,20,M,RS007,R10.4,87.09,3,3,0,6184698,2024-07-18,2025-11-19,auto,1200000,5.153915
8648762568643602,1,0,88,F,RS009,Z34.0,73.0,2,1,3,4701058,2025-08-08,2025-11-19,manual,800000,5.8763225
0066014968386956,1,0,2,F,RS008,M54.5,93.39,3,2,0,929898,2025-10-04,2025-11-19,manual,1800000,0.51661
4809072830403419,0,0,83,F,RS003,A09,45.23,1,1,1,5567443,2025-10-29,2025-11-19,auto,1300000,4.282648461538462
8420807372907986,0,1,37,F,RS009,H25.9,13.1,1,3,0,6939093,2025-10-14,2025-11-19,auto,7500000,0.9252124
8310456410787226,1,1,79,M,RS007,R10.4,45.23,3,3,0,5441964,2025-10-21,2025-11-19,manual,1200000,4.53497
8555516370383420,0,1,44,M,RS004,J45.9,93.96,2,1,2,9160418,2024-10-29,2025-11-19,manual,2300000,3.9827904347826086
6647485949473660,1,1,63,F,RS006,K21.0,45.16,3,3,1,437646,2025-09-19,2025-11-19,auto,1400000,0.3126042857142857
3528767056847118,1,0,63,F,RS010,N39.0,57.98,3,1,0,8221042,2025-01-28,2025-11-19,manual,2200000,3.7368372727272727
5500057006681866,1,1,84,F,RS001,Z34.0,73.0,1,1,3,7345139,2025-01-31,2025-11-19,auto,800000,9.18142375
0875142694809400,1,0,5,M,RS007,J18.9,96.04,2,2,1,1544739,2025-10-29,2025-11-19,auto,4200000,0.367795
8661097260376336,1,0,16,F,RS003,J00,93.9,3,3,0,9353406,2025-07-18,2025-11-19,manual,500000,18.706812
1828085982130590,1,0,35,F,RS010,E66.9,99.28,1,3,1,3672025,2025-07-16,2025-11-19,auto,1000000,3.672025
7886983865318938,1,1,70,M,RS008,J18.9,93.94,3,1,0,3328831,2025-08-23,2025-11-19,auto,4200000,0.7925788095238095
8707395504446685,1,1,50,M,RS003,K29.7,45.16,3,2,1,436535,2025-01-18,2025-11-19,manual,1700000,0.25678529411764706
3342177724510006,1,1,13,F,RS007,Z34.0,73.0,1,2,2,4865765,2025-08-21,2025-11-19,auto,800000,6.08220625
8641806193344137,1,0,33,M,RS007,J45.9,93.96,3,2,0,3916873,2025-01-20,2025-11-19,manual,2300000,1.7029882608695652
6468365133375780,1,0,83,M,RS002,Z00.0,93.99,3,4,1,1392524,2024-06-25,2025-11-19,manual,700000,1.98932
4453182788104814,0,1,48,M,RS009,Z03.8,93.91,1,2,0,1702009,2025-10-27,2025-11-19,auto,1200000,1.4183408333333334
1518560651396961,1,0,13,F,RS007,R50.9,99.19,1,1,0,7991754,2025-09-15,2025-11-20,auto,1000000,7.991754
3975033264938899,1,1,71,M,RS007,J00,93.9,3,3,2,5531274,2025-03-04,2025-11-20,manual,500000,11.062548
1533153330659485,1,0,23,M,RS002,K21.0,45.16,2,3,0,8215251,2025-11-04,2025-11-20,manual,1400000,5.868036428571428
0612598515468775,1,1,19,M,RS001,Z34.0,73.0,3,1,4,2583950,2025-10-08,2025-11-20,manual,800000,3.2299375
2328601704311415,1,1,40,F,RS006,M54.5,93.39,3,4,2,4685154,2025-09-08,2025-11-20,manual,1800000,2.6028633333333335
7734113203894465,0,1,62,M,RS001,Z00.0,93.99,1,3,0,6234221,2025-08-09,2025-11-20,auto,700000,8.90603
8291169459993019,1,0,14,F,RS006,I25.1,36.15,2,2,3,7759644,2024-12-19,2025-11-20,manual,5000000,1.5519288
6960761388513508,1,1,76,F,RS006,K29.7,45.16,1,3,0,4254669,2024-10-26,2025-11-20,auto,1700000,2.502746470588235
7090454115709204,0,1,7,M,RS003,A09,45.23,1,2,2,8678599,2024-09-02,2025-11-20,auto,1300000,6.675845384615385
8027814497831028,1,1,24,M,RS009,Z00.0,93.99,1,2,1,4587802,2025-09-25,2025-11-20,manual,700000,6.554002857142857
2174596819423931,1,0,2,M,RS004,R10.4,45.23,3,4,0,3598658,2025-11-06,2025-11-20,auto,1200000,2.9988816666666667
9759930462560883,1,1,61,M,RS006,Z34.0,73.0,1,1,3,9805787,2024-10-07,2025-11-20,manual,800000,12.25723375
6359534663487435,1,0,76,F,RS001,J45.9,93.96,1,2,1,6720819,2024-03-13,2025-11-20,auto,2300000,2.922095217391304
5281676812688291,1,1,41,F,RS003,N39.0,57.98,1,3,1,4593561,2025-09-04,2025-11-20,auto,2200000,2.0879822727272725
3092374663510852,1,1,77,F,RS008,O80,72.0,1,3,2,4861819,2025-10-27,2025-11-20,manual,3500000,1.3890911428571429
1588650155015392,1,1,45,M,RS004,R10.4,87.09,3,2,0,1131705,2025-03-22,2025-11-20,manual,1200000,0.9430875
6498163286098000,1,1,22,F,RS002,K21.0,45.16,1,1,4,2836742,2025-08-08,2025-11-20,auto,1400000,2.0262442857142857
1616504384422484,0,0,83,F,RS003,R10.4,87.09,2,1,0,8956620,2024-12-03,2025-11-20,manual,1200000,7.46385
4305813375729016,1,1,14,F,RS006,J00,93.9,2,3,1,1119167,2025-10-28,2025-11-20,manual,500000,2.238334
7477463114859568,1,1,59,M,RS001,I10,99.04,2,2,6,6694582,2024-11-29,2025-11-20,manual,2000000,3.347291
4908241822922450,0,1,14,M,RS005,R10.4,87.09,3,4,2,8694143,2025-11-04,2025-11-20,manual,1200000,7.245119166666667
5387759687669314,0,0,84,M,RS007,O80,72.0,2,1,4,5146536,2025-10-17,2025-11-20,auto,3500000,1.470438857142857
2074782046773564,1,0,5,M,RS001,J45.9,93.96,1,3,0,1975193,2025-10-27,2025-11-20,manual,2300000,0.8587795652173913
8966805201641659,1,0,28,M,RS001,Z34.0,73.0,1,2,3,7681979,2025-10-17,2025-11-20,auto,800000,9.60247375
2699256493551579,0,1,61,M,RS007,J18.9,93.94,3,2,2,2951408,2025-03-15,2025-11-20,auto,4200000,0.7027161904761905
7371960000649431,1,1,63,F,RS001,Z03.8,93.91,2,2,1,2665854,2025-04-25,2025-11-20,auto,1200000,2.221545
2289532428646017,1,1,23,M,RS009,J18.9,96.04,3,3,0,7243883,2025-11-03,2025-11-20,auto,4200000,1.7247340476190476
5451421936532868,1,1,86,M,RS008,O80,72.0,2,3,2,2545045,2025-11-04,2025-11-20,auto,3500000,0.7271557142857142
0841004995119686,1,0,76,F,RS010,J00,93.9,3,4,2,5887532,2025-11-01,2025-11-20,auto,500000,11.775064
2244265806498939,1,1,49,F,RS001,M54.5,93.39,1,4,0,9792002,2025-10-04,2025-11-20,manual,1800000,5.440001111111111
7052530558642372,1,0,9,F,RS005,Z34.0,73.0,2,2,2,9441076,2025-09-16,2025-11-20,auto,800000,11.801345
9717783006192243,1,1,9,M,RS009,Z00.0,93.99,2,3,0,5102380,2025-10-31,2025-11-20,auto,700000,7.289114285714286
7548238816067988,1,1,84,M,RS003,E11,99.10,1,1,2,1034534,2025-09-15,2025-11-20,manual,2500000,0.4138136
1454855705559301,1,1,15,F,RS004,Z03.8,93.91,1,1,0,4082272,2025-09-16,2025-11-20,manual,1200000,3.401893333333333
6954875170123825,1,0,47,M,RS007,I10,99.04,3,2,2,8234355,2025-11-03,2025-11-20,manual,2000000,4.1171775
5882037382651154,1,1,74,M,RS005,H25.9,13.4,3,4,1,8177189,2025-01-15,2025-11-20,auto,7500000,1.0902918666666668
4899946461578634,1,0,17,F,RS004,K29.7,45.16,3,2,2,8079935,2024-01-10,2025-11-20,auto,1700000,4.752902941176471
0528932693488928,1,0,77,F,RS004,J00,93.9,1,2,1,2539385,2025-01-20,2025-11-20,manual,500000,5.07877
3397877379762883,1,1,48,F,RS008,Z03.8,93.91,3,4,0,5206279,2025-11-03,2025-11-20,auto,1200000,4.338565833333333
4747676997057084,1,1,70,F,RS008,E66.9,99.28,2,1,3,9095387,2025-01-09,2025-11-20,auto,1000000,9.095387
5019660706350533,0,1,70,F,RS010,R50.9,99.19,3,3,0,1837873,2025-11-07,2025-11-20,auto,1000000,1.837873
0016213988176813,0,1,62,M,RS002,J45.9,93.96,1,2,1,5800738,2025-11-06,2025-11-21,manual,2300000,2.52206
2699632373607150,1,1,2,F,RS004,I10,99.04,1,3,5,2025179,2025-10-23,2025-11-21,manual,2000000,1.0125895
5684584675729210,1,1,41,M,RS006,M54.5,93.39,3,2,0,3208398,2025-10-30,2025-11-21,auto,1800000,1.7824433333333334
4727826253056129,0,0,38,M,RS010,R50.9,99.19,3,1,0,8938348,2025-09-10,2025-11-21,manual,1000000,8.938348
7484628441388237,0,1,12,F,RS004,E66.9,99.28,3,2,2,4758559,2025-09-24,2025-11-21,manual,1000000,4.758559
3448410486653596,1,1,22,M,RS008,N39.0,57.98,3,3,4,5722732,2025-10-30,2025-11-21,auto,2200000,2.601241818181818
0271055334971125,0,1,68,M,RS010,A09,45.23,3,2,0,2986272,2025-08-06,2025-11-21,manual,1300000,2.2971323076923076
8202054422518066,1,1,14,F,RS008,J00,93.9,2,4,2,9324614,2025-09-29,2025-11-21,manual,500000,18.649228
6857860143558473,1,0,8,F,RS008,K21.0,45.16,1,1,1,2228287,2025-11-06,2025-11-21,manual,1400000,1.5916335714285714
8018956407690134,1,0,4,F,RS010,R50.9,99.19,1,1,0,2275555,2025-11-03,2025-11-21,auto,1000000,2.275555
6947617368420949,1,1,29,F,RS002,Z34.0,73.0,2,4,2,1381762,2025-05-16,2025-11-21,manual,800000,1.7272025
4999703422279779,0,1,84,F,RS007,R50.9,99.19,1,1,0,8380571,2025-11-03,2025-11-21,manual,1000000,8.380571
4782264168993741,1,1,90,M,RS007,K29.7,45.16,1,2,1,7180946,2025-08-06,2025-11-21,auto,1700000,4.2240858823529415
0935218242488304,1,1,24,M,RS009,N39.0,57.94,1,4,1,7777463,2025-08-09,2025-11-21,auto,2200000,3.5352104545454544
3047778961728469,1,0,4,M,RS008,I25.1,36.15,2,2,7,2868234,2025-02-13,2025-11-21,manual,5000000,0.5736468
0848093134701863,1,1,57,F,RS003,Z00.0,93.99,3,2,2,9456667,2025-10-03,2025-11-21,manual,700000,13.509524285714285
4488888430708082,0,1,67,F,RS005,R50.9,99.19,2,2,0,5289597,2025-09-09,2025-11-21,auto,1000000,5.289597
8940402949212915,1,1,66,M,RS006,J45.9,93.96,1,2,1,748833,2025-09-29,2025-11-21,manual,2300000,0.3255795652173913
2509494660329666,1,1,20,M,RS010,K29.7,45.16,3,2,2,558552,2024-03-01,2025-11-21,manual,1700000,0.32856
8235412019447657,1,1,18,F,RS010,I10,99.04,1,4,3,7599374,2025-08-23,2025-11-21,auto,2000000,3.799687
4446720547167035,0,1,81,M,RS007,H25.9,13.5,2,2,0,8696152,2024-07-24,2025-11-21,auto,7500000,1.1594869333333333
0044079541257972,0,1,42,F,RS005,Z00.0,93.99,2,3,0,4373416,2024-06-29,2025-11-21,manual,700000,6.247737142857143
0652949135187316,1,0,13,F,RS009,R50.9,99.19,1,3,1,1232575,2025-06-19,2025-11-21,manual,1000000,1.232575
8283636540494355,1,1,69,F,RS004,I25.1,99.24,2,1,3,2081993,2025-11-08,2025-11-21,auto,5000000,0.4163986
7371960000649431,1,1,63,F,RS001,R10.4,45.23,1,3,0,4289510,2024-05-15,2025-11-21,auto,1200000,3.5745916666666666
7783057971395830,0,1,35,M,RS002,Z00.0,93.99,1,2,2,800775,2024-09-25,2025-11-21,auto,700000,1.1439642857142858
9326567574111060,1,1,1,M,RS002,R10.4,87.09,1,3,0,863085,2025-10-30,2025-11-21,auto,1200000,0.7192375
1756839619701697,1,1,33,F,RS005,I25.1,36.15,2,3,2,9053010,2025-02-07,2025-11-21,manual,5000000,1.810602
9459198491869997,0,1,11,M,RS002,R50.9,99.19,3,3,0,1809761,2025-11-03,2025-11-21,manual,1000000,1.809761
8858142305852110,1,1,52,M,RS005,Z03.8,93.91,3,1,0,4347213,2025-11-07,2025-11-21,manual,1200000,3.6226775
9753687805279427,1,1,85,F,RS009,R10.4,45.23,1,1,0,9877518,2025-08-09,2025-11-21,manual,1200000,8.231265
0582958168426980,1,1,79,M,RS008,Z00.0,93.99,1,1,0,1611210,2025-05-13,2025-11-21,manual,700000,2.3017285714285713
4277807931088504,1,0,58,M,RS005,J18.9,93.94,3,1,2,1722270,2025-11-07,2025-11-21,manual,4200000,0.4100642857142857
6531254732670020,0,1,18,F,RS004,E66.9,99.28,2,1,4,4856531,2025-11-01,2025-11-21,manual,1000000,4.856531
6022652431743594,1,1,81,M,RS005,H25.9,13.1,1,4,1,8966791,2025-06-21,2025-11-21,manual,7500000,1.1955721333333333
8603255609643840,1,1,14,M,RS003,A09,45.23,1,4,0,8975654,2024-07-09,2025-11-21,auto,1300000,6.904349230769231
6531929290619971,0,1,26,F,RS010,M54.5,93.39,2,2,1,7778346,2025-05-07,2025-11-21,auto,1800000,4.321303333333334
0187271950090291,1,1,80,M,RS010,K29.7,45.16,1,4,1,6388685,2025-10-07,2025-11-21,manual,1700000,3.75805
4412476244484100,1,1,4,F,RS006,J18.9,96.04,3,4,0,9727066,2024-09-23,2025-11-21,auto,4200000,2.3159680952380954
3160728153550173,0,1,87,F,RS010,Z34.0,73.0,3,4,1,1502313,2024-04-26,2025-11-21,auto,800000,1.87789125
3079714227567589,0,1,1,M,RS007,Z00.0,93.99,1,1,0,7772183,2025-03-13,2025-11-21,auto,700000,11.103118571428572
7628644069309895,1,1,56,M,RS006,I10,99.04,2,4,2,692340,2025-11-05,2025-11-21,auto,2000000,0.34617
9183352926688589,1,0,63,F,RS010,R50.9,99.19,3,4,0,3048259,2025-11-01,2025-11-21,manual,1000000,3.048259
4823989868065507,1,1,23,M,RS002,R10.4,45.23,3,1,0,4590503,2025-04-18,2025-11-21,manual,1200000,3.825419166666667
1090001843714456,1,1,80,M,RS005,R10.4,87.09,3,4,1,4463274,2025-11-07,2025-11-21,manual,1200000,3.719395
1361776136193140,1,1,44,M,RS004,Z00.0,93.99,2,2,1,3513185,2025-06-23,2025-11-22,manual,700000,5.018835714285714
1313611684213715,1,1,9,M,RS007,O80,72.0,3,2,2,8189201,2025-10-17,2025-11-22,auto,3500000,2.3397717142857144
5578394002578195,1,1,86,F,RS008,A09,45.23,1,3,0,3096810,2025-10-20,2025-11-22,manual,1300000,2.3821615384615384
3258444071717633,1,0,47,M,RS010,J18.9,93.94,1,2,0,568670,2025-11-08,2025-11-22,manual,4200000,0.13539761904761904
4042846355179230,0,1,9,F,RS004,Z00.0,93.99,3,4,1,2177068,2025-07-19,2025-11-22,auto,700000,3.1100971428571427
0841004995119686,1,0,76,F,RS010,J45.9,93.96,1,3,0,3657843,2025-05-27,2025-11-22,auto,2300000,1.5903665217391305
6863319299896812,1,1,82,F,RS010,Z03.8,93.91,2,1,0,7095556,2025-10-20,2025-11-22,manual,1200000,5.912963333333333
3584259371813630,1,0,76,F,RS010,O80,72.0,3,2,2,5666340,2025-10-31,2025-11-22,manual,3500000,1.6189542857142858
5733366470320008,1,1,41,F,RS005,J18.9,96.04,1,1,3,6160745,2025-10-14,2025-11-22,manual,4200000,1.4668440476190476
1502490653007146,1,1,12,F,RS001,I10,99.04,2,3,0,4080474,2025-11-07,2025-11-22,manual,2000000,2.040237
0717704436007496,1,0,67,M,RS006,Z03.8,93.91,2,2,0,7134038,2024-04-22,2025-11-22,manual,1200000,5.945031666666667
9493247457207057,1,1,17,M,RS002,Z34.0,73.0,3,2,2,7329519,2024-08-31,2025-11-22,manual,800000,9.16189875
4772603451274045,0,1,29,M,RS008,H25.9,13.5,2,2,1,6190640,2025-06-16,2025-11-22,auto,7500000,0.8254186666666666
6071469708144548,1,0,32,F,RS004,K21.0,45.16,3,1,1,7799439,2025-04-12,2025-11-22,auto,1400000,5.571027857142857
0236677577819089,1,1,22,F,RS001,Z00.0,93.99,1,2,2,1439916,2025-07-15,2025-11-22,auto,700000,2.057022857142857
1874658700921760,1,0,63,F,RS004,R50.9,99.19,3,4,0,5947267,2025-10-28,2025-11-22,auto,1000000,5.947267
3396758507509830,1,1,77,M,RS001,K29.7,45.16,1,4,1,4425985,2024-06-20,2025-11-22,manual,1700000,2.6035205882352943
5114278161223081,1,1,70,M,RS008,I25.1,99.24,3,1,1,9669382,2024-04-16,2025-11-22,auto,5000000,1.9338764
3888514952668670,1,0,80,F,RS006,K29.7,45.16,1,4,1,3906483,2024-04-18,2025-11-22,auto,1700000,2.297931176470588
6071469708144548,1,0,32,F,RS004,K21.0,45.16,3,1,0,9944587,2025-06-27,2025-11-22,manual,1400000,7.103276428571428
8446090480072456,1,1,40,M,RS003,J45.9,93.96,1,2,0,4689242,2025-09-23,2025-11-22,auto,2300000,2.0388008695652173
7093224511249540,0,1,22,M,RS006,I10,99.04,2,3,4,3780765,2025-11-21,2025-11-23,manual,2000000,1.8903825
8977751854014870,1,1,78,F,RS010,I10,99.04,3,3,4,5755496,2025-08-05,2025-11-22,auto,2000000,2.877748
3671485102522417,1,1,76,F,RS008,R10.4,87.09,3,1,1,961904,2024-01-02,2025-11-22,manual,1200000,0.8015866666666667
8943195251932499,0,0,29,M,RS010,A09,45.23,1,1,1,5379775,2025-11-06,2025-11-22,auto,1300000,4.138288461538462
4386001189206967,0,1,67,F,RS004,O80,72.0,2,2,3,2389404,2025-11-03,2025-11-22,auto,3500000,0.6826868571428572
8518924512506640,0,1,43,M,RS008,R50.9,99.19,1,3,0,2140961,2025-11-04,2025-11-22,manual,1000000,2.140961
1966130377363425,1,1,56,F,RS002,J18.9,96.04,2,4,1,2254655,2025-06-07,2025-11-22,auto,4200000,0.5368226190476191
5114278161223081,1,1,70,M,RS008,I25.1,36.15,3,2,3,7939966,2025-07-29,2025-11-22,auto,5000000,1.5879932
9160390588799943,1,1,32,F,RS008,K21.0,45.16,2,1,1,2430119,2025-07-02,2025-11-22,auto,1400000,1.7357992857142857
2552889576569335,1,0,37,F,RS007,A09,45.23,3,3,1,6246286,2024-06-03,2025-11-22,manual,1300000,4.804835384615385
4446720547167035,0,1,81,M,RS006,H25.9,13.5,1,1,0,2102126,2025-09-20,2025-11-22,auto,7500000,0.28028346666666665
5429829040066753,0,1,78,M,RS010,I25.1,36.15,2,1,2,6966126,2025-11-01,2025-11-22,auto,5000000,1.3932252
4142774471819460,0,1,71,F,RS001,K21.0,45.16,2,4,1,6051022,2024-11-12,2025-11-22,manual,1400000,4.322158571428571
9172164010266734,0,1,27,F,RS006,J45.9,93.96,2,3,0,7328271,2025-11-05,2025-11-22,auto,2300000,3.1862047826086957
6209494305721231,1,0,54,F,RS005,H25.9,13.4,2,2,0,5638923,2025-10-25,2025-11-22,auto,7500000,0.7518564
1445145803833441,1,1,56,M,RS010,N39.0,57.94,3,2,2,6637194,2024-07-01,2025-11-22,auto,2200000,3.0169063636363638
8518924512506640,0,1,43,M,RS008,R10.4,45.23,1,3,0,6385495,2025-09-27,2025-11-22,manual,1200000,5.321245833333333
4570728802913996,0,1,26,M,RS004,K21.0,45.16,1,4,0,517664,2025-04-01,2025-11-22,auto,1400000,0.36976
6907208612896705,1,0,86,F,RS002,K29.7,45.16,1,1,0,3305211,2025-04-21,2025-11-22,auto,1700000,1.9442417647058823
4568027264530974,1,0,76,F,RS001,J18.9,93.94,1,3,0,2686204,2025-08-09,2025-11-22,auto,4200000,0.639572380952381
1666226553338808,0,1,27,F,RS003,J45.9,93.96,3,4,0,2210649,2024-07-10,2025-11-22,manual,2300000,0.9611517391304348
4570723345505603,1,1,41,F,RS002,J18.9,93.94,2,2,1,2035609,2025-10-09,2025-11-22,auto,4200000,0.48466880952380953
4545271230814357,1,1,52,M,RS004,J45.9,93.96,1,2,0,9301000,2025-10-25,2025-11-22,manual,2300000,4.043913043478261
4150380157685581,1,1,71,M,RS002,K21.0,45.16,3,3,2,4764393,2025-09-02,2025-11-22,auto,1400000,3.403137857142857
4938553777748088,1,1,11,M,RS010,I10,99.04,3,2,5,992182,2025-07-12,2025-11-22,manual,2000000,0.496091
5812723090310377,1,0,63,M,RS010,E66.9,99.28,1,3,0,2499048,2025-10-23,2025-11-22,manual,1000000,2.499048
8433157679439861,1,1,70,F,RS001,Z03.8,93.91,1,1,1,5546299,2025-08-23,2025-11-22,auto,1200000,4.6219158333333334
5091345093594288,1,0,22,M,RS008,K21.0,45.16,2,2,3,8676967,2024-03-14,2025-11-22,manual,1400000,6.197833571428571
5578394002578195,1,1,86,F,RS008,K29.7,45.16,2,3,0,1388841,2025-09-23,2025-11-22,manual,1700000,0.8169652941176471
8577595612094907,1,1,83,F,RS006,H25.9,13.1,1,1,1,4062642,2025-02-28,2025-11-22,manual,7500000,0.5416856
1588650155015392,1,1,45,M,RS004,R10.4,45.23,1,1,0,2661130,2025-07-19,2025-11-22,manual,1200000,2.217608333333333
3278602931629557,1,0,66,M,RS009,E11,99.10,1,4,2,8930169,2025-10-13,2025-11-22,manual,2500000,3.5720676
1201721208675463,1,0,4,M,RS004,Z03.8,93.91,1,2,0,5187316,2025-10-25,2025-11-22,manual,1200000,4.3227633333333335
6129030711175311,1,1,57,M,RS009,Z34.0,73.0,3,2,1,495404,2024-10-12,2025-11-22,auto,800000,0.619255
